repeat,tick,warmup,phase,cpu_ms
1,1,true,ready,0.1186671257019043
1,2,true,ready,0.008208036422729492
1,3,true,ready,0.0051250457763671875
1,4,true,ready,0.004791975021362305
1,5,true,ready,0.01433420181274414
1,6,true,ready,0.0048329830169677734
1,7,true,ready,0.004416942596435547
1,8,true,ready,0.11708402633666992
1,9,true,ready,0.1492908000946045
1,10,true,ready,0.0065419673919677734
1,11,true,ready,0.003041982650756836
1,12,true,ready,0.001917123794555664
1,13,true,ready,0.003625154495239258
1,14,true,ready,0.0032079219818115234
1,15,true,ready,0.0017499923706054688
1,16,true,ready,0.0017080307006835938
1,17,true,ready,0.00162506103515625
1,18,true,ready,0.00162506103515625
1,19,true,ready,0.0021250247955322266
1,20,true,ready,0.002292156219482422
1,21,true,ready,0.0021250247955322266
1,22,true,ready,0.002042055130004883
1,23,true,ready,0.0021250247955322266
1,24,true,ready,0.0019998550415039062
1,25,true,ready,0.00208282470703125
1,26,true,ready,0.002042055130004883
1,27,true,ready,0.0022079944610595703
1,28,true,ready,0.0019168853759765625
1,29,true,ready,0.00162506103515625
1,30,true,ready,0.001667022705078125
1,31,true,ready,0.0015840530395507812
1,32,true,ready,0.002084016799926758
1,33,true,ready,0.0020418167114257812
1,34,true,ready,0.0020418167114257812
1,35,true,ready,0.002042055130004883
1,36,true,ready,0.002042055130004883
1,37,true,ready,0.002042055130004883
1,38,true,ready,0.0020418167114257812
1,39,true,ready,0.0019998550415039062
1,40,true,ready,0.0022499561309814453
1,41,true,ready,0.0017080307006835938
1,42,true,ready,0.00162506103515625
1,43,true,ready,0.0015828609466552734
1,44,true,ready,0.0021250247955322266
1,45,true,ready,0.00162506103515625
1,46,true,ready,0.0019168853759765625
1,47,true,ready,0.0021660327911376953
1,48,true,ready,0.0019998550415039062
1,49,true,ready,0.0020418167114257812
1,50,true,ready,0.002042055130004883
1,51,true,ready,0.0018749237060546875
1,52,true,ready,0.0016248226165771484
1,53,true,ready,0.001667022705078125
1,54,true,ready,0.00162506103515625
1,55,true,ready,0.0015840530395507812
1,56,true,ready,0.002042055130004883
1,57,true,ready,0.0021250247955322266
1,58,true,ready,0.001959085464477539
1,59,true,ready,0.0020411014556884766
1,60,true,ready,0.002084016799926758
1,61,true,ready,0.002042055130004883
1,62,true,ready,0.0019998550415039062
1,63,true,ready,0.0017080307006835938
1,64,true,ready,0.001667022705078125
1,65,true,ready,0.00162506103515625
1,66,true,ready,0.00162506103515625
1,67,true,ready,0.0016248226165771484
1,68,true,ready,0.00162506103515625
1,69,true,ready,0.001583099365234375
1,70,true,ready,0.00162506103515625
1,71,true,ready,0.001583099365234375
1,72,true,ready,0.00162506103515625
1,73,true,ready,0.00162506103515625
1,74,true,ready,0.00162506103515625
1,75,true,ready,0.001583099365234375
1,76,true,ready,0.00162506103515625
1,77,true,ready,0.00162506103515625
1,78,true,ready,0.00162506103515625
1,79,true,ready,0.0016248226165771484
1,80,true,ready,0.0016248226165771484
1,81,true,ready,0.0015828609466552734
1,82,true,ready,0.00162506103515625
1,83,true,ready,0.0017080307006835938
1,84,true,ready,0.00162506103515625
1,85,true,ready,0.00162506103515625
1,86,true,ready,0.00162506103515625
1,87,true,ready,0.00162506103515625
1,88,true,ready,0.001583099365234375
1,89,true,ready,0.00162506103515625
1,90,true,ready,0.00162506103515625
1,91,true,ready,0.00162506103515625
1,92,true,ready,0.001667022705078125
1,93,true,ready,0.00162506103515625
1,94,true,ready,0.00162506103515625
1,95,true,ready,0.00162506103515625
1,96,true,ready,0.001667022705078125
1,97,true,ready,0.001667022705078125
1,98,true,ready,0.00162506103515625
1,99,true,ready,0.00162506103515625
1,100,true,ready,0.00162506103515625
1,101,true,ready,0.00162506103515625
1,102,true,ready,0.00162506103515625
1,103,true,ready,0.00162506103515625
1,104,true,ready,0.00162506103515625
1,105,true,ready,0.00162506103515625
1,106,true,ready,0.001583099365234375
1,107,true,ready,0.00162506103515625
1,108,true,ready,0.00162506103515625
1,109,true,ready,0.0015840530395507812
1,110,true,ready,0.00162506103515625
1,111,true,ready,0.0017499923706054688
1,112,true,ready,0.00162506103515625
1,113,true,ready,0.0015840530395507812
1,114,true,ready,0.001583099365234375
1,115,true,ready,0.00162506103515625
1,116,true,ready,0.00162506103515625
1,117,true,ready,0.0015828609466552734
1,118,true,ready,0.0017080307006835938
1,119,true,ready,0.0016667842864990234
1,120,true,rally,0.07862496376037598
1,121,false,rally,0.16112494468688965
1,122,false,rally,0.012666940689086914
1,123,false,rally,0.0035409927368164062
1,124,false,rally,0.003000020980834961
1,125,false,rally,0.0027909278869628906
1,126,false,rally,0.002791881561279297
1,127,false,rally,0.002749919891357422
1,128,false,rally,0.003041982650756836
1,129,false,rally,0.0028748512268066406
1,130,false,rally,0.004124879837036133
1,131,false,rally,0.0031249523162841797
1,132,false,rally,0.002833843231201172
1,133,false,rally,0.003041982650756836
1,134,false,rally,0.002791166305541992
1,135,false,rally,0.0031659603118896484
1,136,false,rally,0.0028340816497802734
1,137,false,rally,0.002917051315307617
1,138,false,rally,0.0027921199798583984
1,139,false,rally,0.0029158592224121094
1,140,false,rally,0.0028748512268066406
1,141,false,rally,0.002875089645385742
1,142,false,rally,0.002875089645385742
1,143,false,rally,0.27345800399780273
1,144,false,rally,0.44716596603393555
1,145,false,rally,0.005958080291748047
1,146,false,rally,0.002708911895751953
1,147,false,rally,0.0022079944610595703
1,148,false,rally,0.0021250247955322266
1,149,false,rally,0.0020411014556884766
1,150,false,rally,0.002042055130004883
1,151,false,rally,0.0019578933715820312
1,152,false,rally,0.002541065216064453
1,153,false,rally,0.0019998550415039062
1,154,false,rally,0.0019588470458984375
1,155,false,rally,0.0019168853759765625
1,156,false,rally,0.0019578933715820312
1,157,false,rally,0.001959085464477539
1,158,false,rally,0.001917123794555664
1,159,false,rally,0.0019161701202392578
1,160,false,rally,0.0019578933715820312
1,161,false,rally,0.0019168853759765625
1,162,false,rally,0.0025000572204589844
1,163,false,rally,0.003000020980834961
1,164,false,rally,0.002042055130004883
1,165,false,rally,0.0019168853759765625
1,166,false,rally,0.0019578933715820312
1,167,false,rally,0.002000093460083008
1,168,false,rally,0.001917123794555664
1,169,false,rally,0.0019168853759765625
1,170,false,point,0.06054186820983887
1,171,false,point,0.0034580230712890625
1,172,false,point,0.0017080307006835938
1,173,false,point,0.0015840530395507812
1,174,false,point,0.0015828609466552734
1,175,false,point,0.0015420913696289062
1,176,false,point,0.0015001296997070312
1,177,false,point,0.0015411376953125
1,178,false,point,0.0015420913696289062
1,179,false,point,0.0015840530395507812
1,180,false,point,0.0015838146209716797
1,181,false,point,0.0015418529510498047
1,182,false,point,0.0014998912811279297
1,183,false,point,0.0015001296997070312
1,184,false,point,0.0015411376953125
1,185,false,point,0.0015001296997070312
1,186,false,point,0.0015001296997070312
1,187,false,point,0.0014998912811279297
1,188,false,point,0.0014998912811279297
1,189,false,point,0.0015411376953125
1,190,false,point,0.0014998912811279297
1,191,false,point,0.0014998912811279297
1,192,false,point,0.0015838146209716797
1,193,false,point,0.0015001296997070312
1,194,false,point,0.0015001296997070312
1,195,false,point,0.0015408992767333984
1,196,false,point,0.0014998912811279297
1,197,false,point,0.0015001296997070312
1,198,false,point,0.0015001296997070312
1,199,false,point,0.0014998912811279297
1,200,false,point,0.0014998912811279297
1,201,false,point,0.0015001296997070312
1,202,false,point,0.0014998912811279297
1,203,false,point,0.0014998912811279297
1,204,false,point,0.0014579296112060547
1,205,false,point,0.0015408992767333984
1,206,false,point,0.0015001296997070312
1,207,false,point,0.0014581680297851562
1,208,false,point,0.0014998912811279297
1,209,false,point,0.001667022705078125
1,210,false,point,0.0015828609466552734
1,211,false,point,0.0014998912811279297
1,212,false,point,0.0015001296997070312
1,213,false,point,0.0015840530395507812
1,214,false,point,0.0014998912811279297
1,215,false,point,0.0015418529510498047
1,216,false,point,0.0014998912811279297
1,217,false,point,0.0015840530395507812
1,218,false,point,0.0015001296997070312
1,219,false,point,0.00162506103515625
1,220,false,point,0.00162506103515625
1,221,false,point,0.0015001296997070312
1,222,false,point,0.0015418529510498047
1,223,false,point,0.0016248226165771484
1,224,false,point,0.0016660690307617188
1,225,false,point,0.0016248226165771484
1,226,false,point,0.0014998912811279297
1,227,false,point,0.0017910003662109375
1,228,false,point,0.001667022705078125
1,229,false,point,0.0014998912811279297
1,230,false,rally,0.0067501068115234375
1,231,false,rally,0.005541086196899414
1,232,false,rally,0.0024170875549316406
1,233,false,rally,0.002000093460083008
1,234,false,rally,0.0020830631256103516
1,235,false,rally,0.001959085464477539
1,236,false,rally,0.001958131790161133
1,237,false,rally,0.0019578933715820312
1,238,false,rally,0.0019168853759765625
1,239,false,rally,0.0018749237060546875
1,240,false,rally,0.0019578933715820312
1,241,false,rally,0.001917123794555664
1,242,false,rally,0.12074995040893555
1,243,false,rally,0.0030829906463623047
1,244,false,rally,0.0021669864654541016
1,245,false,rally,0.0019998550415039062
1,246,false,rally,0.00208282470703125
1,247,false,rally,0.002583026885986328
1,248,false,rally,0.0019161701202392578
1,249,false,rally,0.001959085464477539
1,250,false,rally,0.002000093460083008
1,251,false,rally,0.001958131790161133
1,252,false,rally,0.002000093460083008
1,253,false,rally,0.0019578933715820312
1,254,false,rally,0.0019998550415039062
1,255,false,rally,0.0019588470458984375
1,256,false,rally,0.001959085464477539
1,257,false,rally,0.001958131790161133
1,258,false,rally,0.42287492752075195
1,259,false,rally,0.006249904632568359
1,260,false,rally,0.0028328895568847656
1,261,false,rally,0.002000093460083008
1,262,false,rally,0.0019159317016601562
1,263,false,rally,0.00475001335144043
1,264,false,rally,0.0020830631256103516
1,265,false,rally,0.001958131790161133
1,266,false,rally,0.001875162124633789
1,267,false,rally,0.001917123794555664
1,268,false,rally,0.001875162124633789
1,269,false,rally,0.001833200454711914
1,270,false,rally,0.001917123794555664
1,271,false,rally,0.002000093460083008
1,272,false,rally,0.001833200454711914
1,273,false,rally,0.0017919540405273438
1,274,false,rally,0.0024580955505371094
1,275,false,rally,0.0022079944610595703
1,276,false,rally,0.0018339157104492188
1,277,false,rally,0.0018329620361328125
1,278,false,rally,0.0019998550415039062
1,279,false,rally,0.0019578933715820312
1,280,false,rally,0.0018339157104492188
1,281,false,point,0.013708114624023438
1,282,false,point,0.002875089645385742
1,283,false,point,0.0015420913696289062
1,284,false,point,0.0014581680297851562
1,285,false,point,0.0014171600341796875
1,286,false,point,0.0014591217041015625
1,287,false,point,0.0014159679412841797
1,288,false,point,0.0014159679412841797
1,289,false,point,0.0014159679412841797
1,290,false,point,0.001959085464477539
1,291,false,point,0.0014591217041015625
1,292,false,point,0.0014159679412841797
1,293,false,point,0.0014171600341796875
1,294,false,point,0.001416921615600586
1,295,false,point,0.001416921615600586
1,296,false,point,0.0014159679412841797
1,297,false,point,0.0014579296112060547
1,298,false,point,0.0014171600341796875
1,299,false,point,0.0014159679412841797
1,300,false,point,0.0014159679412841797
1,301,false,point,0.001374959945678711
1,302,false,point,0.001416921615600586
1,303,false,point,0.0014171600341796875
1,304,false,point,0.001416921615600586
1,305,false,point,0.001416921615600586
1,306,false,point,0.001374959945678711
1,307,false,point,0.001374959945678711
1,308,false,point,0.001374959945678711
1,309,false,point,0.0014159679412841797
1,310,false,point,0.0014159679412841797
1,311,false,point,0.0014171600341796875
1,312,false,point,0.0015840530395507812
1,313,false,point,0.0014171600341796875
1,314,false,point,0.001374959945678711
1,315,false,point,0.001416921615600586
1,316,false,point,0.001374959945678711
1,317,false,point,0.001374959945678711
1,318,false,point,0.0014171600341796875
1,319,false,point,0.0013751983642578125
1,320,false,point,0.0014579296112060547
1,321,false,point,0.001416921615600586
1,322,false,point,0.001416921615600586
1,323,false,point,0.001374959945678711
1,324,false,point,0.0014159679412841797
1,325,false,point,0.001416921615600586
1,326,false,point,0.001416921615600586
1,327,false,point,0.001416921615600586
1,328,false,point,0.0014159679412841797
1,329,false,point,0.0014159679412841797
1,330,false,point,0.001374959945678711
1,331,false,point,0.001374959945678711
1,332,false,point,0.001416921615600586
1,333,false,point,0.0014171600341796875
1,334,false,point,0.0014171600341796875
1,335,false,point,0.001374959945678711
1,336,false,point,0.0014159679412841797
1,337,false,point,0.001416921615600586
1,338,false,point,0.0014171600341796875
1,339,false,point,0.0015001296997070312
1,340,false,point,0.0014162063598632812
1,341,false,rally,0.005666971206665039
1,342,false,rally,0.0024580955505371094
1,343,false,rally,0.001917123794555664
1,344,false,rally,0.002624988555908203
1,345,false,rally,0.0018329620361328125
1,346,false,rally,0.0017919540405273438
1,347,false,rally,0.001833200454711914
1,348,false,rally,0.0017919540405273438
1,349,false,rally,0.0017921924591064453
1,350,false,rally,0.002042055130004883
1,351,false,rally,0.0017919540405273438
1,352,false,rally,0.0017910003662109375
1,353,false,rally,0.0018339157104492188
1,354,false,rally,0.0018329620361328125
1,355,false,rally,0.0018329620361328125
1,356,false,rally,0.0017921924591064453
1,357,false,rally,0.0018749237060546875
1,358,false,rally,0.0018329620361328125
1,359,false,rally,0.0018749237060546875
1,360,false,rally,0.001833200454711914
1,361,false,rally,0.0018339157104492188
1,362,false,rally,0.0017910003662109375
1,363,false,rally,0.0017919540405273438
1,364,false,rally,0.0017921924591064453
1,365,false,rally,0.0017910003662109375
1,366,false,rally,0.0018339157104492188
1,367,false,rally,0.0018749237060546875
1,368,false,rally,0.0018749237060546875
1,369,false,rally,0.0017921924591064453
1,370,false,rally,0.0017919540405273438
1,371,false,rally,0.0018329620361328125
1,372,false,rally,0.0018329620361328125
1,373,false,rally,0.0018749237060546875
1,374,false,rally,0.0018329620361328125
1,375,false,rally,0.0018339157104492188
1,376,false,rally,0.001833200454711914
1,377,false,rally,0.0022499561309814453
1,378,false,rally,0.0018749237060546875
1,379,false,rally,0.0018339157104492188
1,380,false,rally,0.0018329620361328125
1,381,false,rally,0.0018341541290283203
1,382,false,rally,0.0018329620361328125
1,383,false,rally,0.0018329620361328125
1,384,false,rally,0.0017919540405273438
1,385,false,rally,0.0017921924591064453
1,386,false,rally,0.296375036239624
1,387,false,rally,0.004708051681518555
1,388,false,rally,0.002042055130004883
1,389,false,rally,0.0018329620361328125
1,390,false,rally,0.0019578933715820312
1,391,false,rally,0.0018329620361328125
1,392,false,rally,0.0021657943725585938
1,393,false,rally,0.0018749237060546875
1,394,false,rally,0.0018339157104492188
1,395,false,rally,0.0018749237060546875
1,396,false,rally,0.0017910003662109375
1,397,false,rally,0.0017499923706054688
1,398,false,rally,0.0017919540405273438
1,399,false,rally,0.0018329620361328125
1,400,false,rally,0.0018329620361328125
1,401,false,rally,0.001875162124633789
1,402,false,rally,0.0018341541290283203
1,403,false,rally,0.0018329620361328125
1,404,false,rally,0.0018329620361328125
1,405,false,rally,0.0017919540405273438
1,406,false,rally,0.0017921924591064453
1,407,false,rally,0.002042055130004883
1,408,false,rally,0.0017921924591064453
1,409,false,rally,0.0017919540405273438
1,410,false,rally,0.0018329620361328125
1,411,false,rally,0.0018329620361328125
1,412,false,rally,0.001833200454711914
1,413,false,rally,0.0017919540405273438
1,414,false,rally,0.0018329620361328125
1,415,false,rally,0.0017919540405273438
1,416,false,rally,0.001875162124633789
1,417,false,rally,0.0018329620361328125
1,418,false,rally,0.0024580955505371094
1,419,false,rally,0.001875162124633789
1,420,false,rally,0.0018749237060546875
1,421,false,rally,0.0018339157104492188
1,422,false,rally,0.0018329620361328125
1,423,false,rally,0.0018341541290283203
1,424,false,rally,0.0018329620361328125
1,425,false,rally,0.0018339157104492188
1,426,false,rally,0.0017910003662109375
1,427,false,rally,0.0017921924591064453
1,428,false,rally,0.0017919540405273438
1,429,false,rally,0.0017499923706054688
1,430,false,rally,0.0017910003662109375
1,431,false,rally,0.0018339157104492188
1,432,false,rally,0.0018329620361328125
1,433,false,rally,0.0017919540405273438
1,434,false,rally,0.0017910003662109375
1,435,false,rally,0.0018329620361328125
1,436,false,rally,0.0018329620361328125
1,437,false,rally,0.0018329620361328125
1,438,false,rally,0.0017499923706054688
1,439,false,rally,0.0018749237060546875
1,440,false,rally,0.0018329620361328125
1,441,false,rally,0.0017919540405273438
1,442,false,rally,0.0018329620361328125
1,443,false,rally,0.0018341541290283203
1,444,false,rally,0.0022499561309814453
1,445,false,rally,0.0018329620361328125
1,446,false,rally,0.0018341541290283203
1,447,false,rally,0.0017910003662109375
1,448,false,rally,0.0018339157104492188
1,449,false,rally,0.0018329620361328125
1,450,false,rally,0.0017921924591064453
1,451,false,rally,0.0018329620361328125
1,452,false,rally,0.0018339157104492188
1,453,false,rally,0.0017910003662109375
1,454,false,rally,0.0018341541290283203
1,455,false,rally,0.0017919540405273438
1,456,false,rally,0.0018329620361328125
1,457,false,rally,0.0017919540405273438
1,458,false,rally,0.0017910003662109375
1,459,false,rally,0.0017499923706054688
1,460,false,rally,0.0018749237060546875
1,461,false,rally,0.0017919540405273438
1,462,false,rally,0.0017919540405273438
1,463,false,rally,0.0018329620361328125
1,464,false,rally,0.0017499923706054688
1,465,false,rally,0.0017919540405273438
1,466,false,rally,0.0017919540405273438
1,467,false,rally,0.0017919540405273438
1,468,false,rally,0.0017499923706054688
1,469,false,rally,0.0017910003662109375
1,470,false,rally,0.0017919540405273438
1,471,false,rally,0.0017080307006835938
1,472,false,rally,0.0017919540405273438
1,473,false,rally,0.0018329620361328125
1,474,false,rally,0.0017921924591064453
1,475,false,rally,0.0017499923706054688
1,476,false,rally,0.0017499923706054688
1,477,false,rally,0.0017499923706054688
1,478,false,rally,0.0017919540405273438
1,479,false,rally,0.0017499923706054688
1,480,false,rally,0.0017919540405273438
1,481,false,rally,0.0017499923706054688
1,482,false,rally,0.0017921924591064453
1,483,false,point,0.00929117202758789
1,484,false,point,0.0017499923706054688
1,485,false,point,0.0017919540405273438
1,486,false,point,0.0017499923706054688
1,487,false,point,0.0017499923706054688
1,488,false,point,0.0017499923706054688
1,489,false,point,0.0018339157104492188
1,490,false,point,0.0017499923706054688
1,491,false,point,0.0017919540405273438
1,492,false,point,0.0017921924591064453
1,493,false,point,0.0019161701202392578
1,494,false,point,0.0017910003662109375
1,495,false,point,0.0015420913696289062
1,496,false,point,0.0014162063598632812
1,497,false,point,0.001374959945678711
1,498,false,point,0.001416921615600586
1,499,false,point,0.001416921615600586
1,500,false,point,0.0021250247955322266
1,501,false,point,0.0014579296112060547
1,502,false,point,0.001416921615600586
1,503,false,point,0.0014579296112060547
1,504,false,point,0.001458883285522461
1,505,false,point,0.0014159679412841797
1,506,false,point,0.0014171600341796875
1,507,false,point,0.0014171600341796875
1,508,false,point,0.0014581680297851562
1,509,false,point,0.001416921615600586
1,510,false,point,0.0014159679412841797
1,511,false,point,0.001416921615600586
1,512,false,point,0.001416921615600586
1,513,false,point,0.0014159679412841797
1,514,false,point,0.0014171600341796875
1,515,false,point,0.0014579296112060547
1,516,false,point,0.004333972930908203
1,517,false,point,0.001458883285522461
1,518,false,point,0.0014159679412841797
1,519,false,point,0.0014591217041015625
1,520,false,point,0.0014579296112060547
1,521,false,point,0.0014581680297851562
1,522,false,point,0.0015001296997070312
1,523,false,point,0.0014581680297851562
1,524,false,point,0.0014591217041015625
1,525,false,point,0.0014579296112060547
1,526,false,point,0.0014579296112060547
1,527,false,point,0.0014579296112060547
1,528,false,point,0.0014159679412841797
1,529,false,point,0.0014591217041015625
1,530,false,point,0.0014162063598632812
1,531,false,point,0.001416921615600586
1,532,false,point,0.0014579296112060547
1,533,false,point,0.001458883285522461
1,534,false,point,0.0014159679412841797
1,535,false,point,0.001416921615600586
1,536,false,point,0.001416921615600586
1,537,false,point,0.0014581680297851562
1,538,false,point,0.0014171600341796875
1,539,false,point,0.001416921615600586
1,540,false,point,0.0014579296112060547
1,541,false,point,0.001416921615600586
1,542,false,point,0.0014579296112060547
1,543,false,rally,0.004666805267333984
1,544,false,rally,0.002334117889404297
1,545,false,rally,0.0018329620361328125
1,546,false,rally,0.0018329620361328125
1,547,false,rally,0.0018749237060546875
1,548,false,rally,0.0018329620361328125
1,549,false,rally,0.0017499923706054688
1,550,false,rally,0.0017919540405273438
1,551,false,rally,0.0018329620361328125
1,552,false,rally,0.0017921924591064453
1,553,false,rally,0.0017910003662109375
1,554,false,rally,0.0017919540405273438
1,555,false,rally,0.0017921924591064453
1,556,false,rally,0.0018339157104492188
1,557,false,rally,0.0018329620361328125
1,558,false,rally,0.0018341541290283203
1,559,false,rally,0.0018329620361328125
1,560,false,rally,0.0018329620361328125
1,561,false,rally,0.0019998550415039062
1,562,false,rally,0.002749919891357422
1,563,false,rally,0.0019168853759765625
1,564,false,rally,0.0017919540405273438
1,565,false,rally,0.0017910003662109375
1,566,false,rally,0.0017921924591064453
1,567,false,rally,0.0021250247955322266
1,568,false,rally,0.001833200454711914
1,569,false,rally,0.0018341541290283203
1,570,false,rally,0.0018329620361328125
1,571,false,rally,0.0018329620361328125
1,572,false,rally,0.0018339157104492188
1,573,false,rally,0.001833200454711914
1,574,false,rally,0.0018329620361328125
1,575,false,rally,0.0018329620361328125
1,576,false,rally,0.0018341541290283203
1,577,false,rally,0.0018329620361328125
1,578,false,rally,0.0018339157104492188
1,579,false,rally,0.0018329620361328125
1,580,false,rally,0.0017919540405273438
1,581,false,rally,0.001833200454711914
1,582,false,rally,0.0018329620361328125
1,583,false,rally,0.0018339157104492188
1,584,false,rally,0.0018329620361328125
1,585,false,rally,0.001833200454711914
1,586,false,rally,0.0017919540405273438
1,587,false,rally,0.0018329620361328125
1,588,false,rally,0.002374887466430664
1,589,false,rally,0.0019168853759765625
1,590,false,rally,0.0018749237060546875
1,591,false,rally,0.0018329620361328125
1,592,false,rally,0.007750034332275391
1,593,false,rally,0.0022089481353759766
1,594,false,rally,0.0018749237060546875
1,595,false,rally,0.0018749237060546875
1,596,false,rally,0.001875162124633789
1,597,false,rally,0.0018341541290283203
1,598,false,rally,0.0017910003662109375
1,599,false,rally,0.0018339157104492188
1,600,false,rally,0.0018329620361328125
1,601,false,rally,0.001875162124633789
1,602,false,rally,0.001875162124633789
1,603,false,rally,0.0018329620361328125
1,604,false,rally,0.0018329620361328125
1,605,false,rally,0.0018339157104492188
1,606,false,rally,0.0018749237060546875
1,607,false,rally,0.001833200454711914
1,608,false,rally,0.0018329620361328125
1,609,false,rally,0.0018339157104492188
1,610,false,rally,0.0018749237060546875
1,611,false,rally,0.0018329620361328125
1,612,false,rally,0.0018341541290283203
1,613,false,rally,0.0018329620361328125
1,614,false,rally,0.0018329620361328125
1,615,false,rally,0.0018329620361328125
1,616,false,rally,0.0018339157104492188
1,617,false,rally,0.0018329620361328125
1,618,false,rally,0.0018329620361328125
1,619,false,rally,0.0018339157104492188
1,620,false,rally,0.0018329620361328125
1,621,false,rally,0.0017919540405273438
1,622,false,rally,0.0017921924591064453
1,623,false,rally,0.001833200454711914
1,624,false,rally,0.0018329620361328125
1,625,false,rally,0.0018339157104492188
1,626,false,rally,0.0018329620361328125
1,627,false,rally,0.0018329620361328125
1,628,false,rally,0.0018341541290283203
1,629,false,rally,0.0018749237060546875
1,630,false,rally,0.0018749237060546875
1,631,false,rally,0.0018749237060546875
1,632,false,rally,0.0018749237060546875
1,633,false,rally,0.0018329620361328125
1,634,false,rally,0.0018339157104492188
1,635,false,rally,0.0018329620361328125
1,636,false,rally,0.0018339157104492188
1,637,false,rally,0.001875162124633789
1,638,false,rally,0.0018329620361328125
1,639,false,rally,0.0018339157104492188
1,640,false,rally,0.0017919540405273438
1,641,false,rally,0.0018329620361328125
1,642,false,rally,0.0018341541290283203
1,643,false,rally,0.0017919540405273438
1,644,false,rally,0.0017919540405273438
1,645,false,rally,0.0018329620361328125
1,646,false,rally,0.0017919540405273438
1,647,false,rally,0.0018329620361328125
1,648,false,rally,0.0017919540405273438
1,649,false,rally,0.0018329620361328125
1,650,false,rally,0.0018341541290283203
1,651,false,rally,0.0017910003662109375
1,652,false,rally,0.0018339157104492188
1,653,false,rally,0.0018329620361328125
1,654,false,rally,0.0017919540405273438
1,655,false,rally,0.0018329620361328125
1,656,false,rally,0.001917123794555664
1,657,false,rally,0.0017919540405273438
1,658,false,rally,0.0017910003662109375
1,659,false,rally,0.0018339157104492188
1,660,false,rally,0.0017910003662109375
1,661,false,rally,0.0018339157104492188
1,662,false,rally,0.0018329620361328125
1,663,false,rally,0.0018339157104492188
1,664,false,rally,0.0018329620361328125
1,665,false,rally,0.0017919540405273438
1,666,false,rally,0.0017919540405273438
1,667,false,rally,0.0022079944610595703
1,668,false,rally,0.019833087921142578
1,669,false,rally,0.002416849136352539
1,670,false,rally,0.0018329620361328125
1,671,false,rally,0.0017919540405273438
1,672,false,rally,0.0018329620361328125
1,673,false,rally,0.0018329620361328125
1,674,false,rally,0.0018339157104492188
1,675,false,rally,0.0017919540405273438
1,676,false,rally,0.0018749237060546875
1,677,false,rally,0.0017502307891845703
1,678,false,rally,0.0017919540405273438
1,679,false,rally,0.0017910003662109375
1,680,false,rally,0.0018341541290283203
1,681,false,rally,0.001833200454711914
1,682,false,rally,0.0017919540405273438
1,683,false,rally,0.0017919540405273438
1,684,false,rally,0.0017910003662109375
1,685,false,rally,0.0017919540405273438
1,686,false,rally,0.0017919540405273438
1,687,false,rally,0.0017499923706054688
1,688,false,rally,0.0017910003662109375
1,689,false,rally,0.0018339157104492188
1,690,false,rally,0.0017910003662109375
1,691,false,rally,0.0017919540405273438
1,692,false,rally,0.0017919540405273438
1,693,false,rally,0.0017910003662109375
1,694,false,rally,0.0017921924591064453
1,695,false,rally,0.0017919540405273438
1,696,false,rally,0.0017910003662109375
1,697,false,rally,0.0017919540405273438
1,698,false,rally,0.0018329620361328125
1,699,false,rally,0.0018339157104492188
1,700,false,rally,0.0017910003662109375
1,701,false,rally,0.0017919540405273438
1,702,false,rally,0.0017499923706054688
1,703,false,rally,0.0017919540405273438
1,704,false,rally,0.0018329620361328125
1,705,false,rally,0.0018341541290283203
1,706,false,rally,0.0017910003662109375
1,707,false,rally,0.0021669864654541016
1,708,false,rally,0.001917123794555664
1,709,false,rally,0.0018329620361328125
1,710,false,rally,0.0017919540405273438
1,711,false,rally,0.0018329620361328125
1,712,false,rally,0.002124786376953125
1,713,false,point,0.005959033966064453
1,714,false,point,0.0016248226165771484
1,715,false,point,0.0014998912811279297
1,716,false,point,0.0015840530395507812
1,717,false,point,0.0014579296112060547
1,718,false,point,0.001458883285522461
1,719,false,point,0.0014579296112060547
1,720,false,point,0.001416921615600586
1,721,false,point,0.0017919540405273438
1,722,false,point,0.0014581680297851562
1,723,false,point,0.0014171600341796875
1,724,false,point,0.0014579296112060547
1,725,false,point,0.0014579296112060547
1,726,false,point,0.0014579296112060547
1,727,false,point,0.001458883285522461
1,728,false,point,0.0014579296112060547
1,729,false,point,0.0013751983642578125
1,730,false,point,0.0014591217041015625
1,731,false,point,0.0014579296112060547
1,732,false,point,0.001416921615600586
1,733,false,point,0.0014579296112060547
1,734,false,point,0.001416921615600586
1,735,false,point,0.001416921615600586
1,736,false,point,0.0014579296112060547
1,737,false,point,0.0014171600341796875
1,738,false,point,0.0014159679412841797
1,739,false,point,0.0015001296997070312
1,740,false,point,0.0014159679412841797
1,741,false,point,0.001416921615600586
1,742,false,point,0.0014579296112060547
1,743,false,point,0.001458883285522461
1,744,false,point,0.001416921615600586
1,745,false,point,0.0014162063598632812
1,746,false,point,0.001416921615600586
1,747,false,point,0.0014579296112060547
1,748,false,point,0.0014159679412841797
1,749,false,point,0.001416921615600586
1,750,false,point,0.001374959945678711
1,751,false,point,0.0014171600341796875
1,752,false,point,0.0014159679412841797
1,753,false,point,0.001416921615600586
1,754,false,point,0.001374959945678711
1,755,false,point,0.0014579296112060547
1,756,false,point,0.0014162063598632812
1,757,false,point,0.002042055130004883
1,758,false,point,0.0014591217041015625
1,759,false,point,0.0014581680297851562
1,760,false,point,0.0014581680297851562
1,761,false,point,0.001416921615600586
1,762,false,point,0.0014579296112060547
1,763,false,point,0.0014579296112060547
1,764,false,point,0.0014998912811279297
1,765,false,point,0.0014998912811279297
1,766,false,point,0.001416921615600586
1,767,false,point,0.0014159679412841797
1,768,false,point,0.001458883285522461
1,769,false,point,0.0031249523162841797
1,770,false,point,0.014291048049926758
1,771,false,point,0.0014998912811279297
1,772,false,point,0.0014579296112060547
1,773,false,rally,0.004208803176879883
1,774,false,rally,0.002292156219482422
1,775,false,rally,0.001917123794555664
1,776,false,rally,0.0018749237060546875
1,777,false,rally,0.001917123794555664
1,778,false,rally,0.0020418167114257812
1,779,false,rally,0.002042055130004883
1,780,false,rally,0.0020830631256103516
1,781,false,rally,0.0019168853759765625
1,782,false,rally,0.0019168853759765625
1,783,false,rally,0.0019578933715820312
1,784,false,rally,0.0018749237060546875
1,785,false,rally,0.0018749237060546875
1,786,false,rally,0.0018339157104492188
1,787,false,rally,0.0019161701202392578
1,788,false,rally,0.0019161701202392578
1,789,false,rally,0.001875162124633789
1,790,false,rally,0.0018749237060546875
1,791,false,rally,0.0019159317016601562
1,792,false,rally,0.0019159317016601562
1,793,false,rally,0.0018339157104492188
1,794,false,rally,0.0018329620361328125
1,795,false,rally,0.001833200454711914
1,796,false,rally,0.0018341541290283203
1,797,false,rally,0.0017910003662109375
1,798,false,rally,0.0018339157104492188
1,799,false,rally,0.0018329620361328125
1,800,false,rally,0.001833200454711914
1,801,false,rally,0.0017919540405273438
1,802,false,rally,0.0018749237060546875
1,803,false,rally,0.0018329620361328125
1,804,false,rally,0.0018339157104492188
1,805,false,rally,0.001833200454711914
1,806,false,rally,0.0018749237060546875
1,807,false,rally,0.0018329620361328125
1,808,false,rally,0.0017919540405273438
1,809,false,rally,0.0017910003662109375
1,810,false,rally,0.0018341541290283203
1,811,false,rally,0.0018329620361328125
1,812,false,rally,0.0018329620361328125
1,813,false,rally,0.0017919540405273438
1,814,false,rally,0.001833200454711914
1,815,false,rally,0.0018341541290283203
1,816,false,rally,0.0018329620361328125
1,817,false,rally,0.0018329620361328125
1,818,false,rally,0.0018749237060546875
1,819,false,rally,0.001833200454711914
1,820,false,rally,0.0018339157104492188
1,821,false,rally,0.0018329620361328125
1,822,false,rally,0.0017919540405273438
1,823,false,rally,0.0018329620361328125
1,824,false,rally,0.0018749237060546875
1,825,false,point,0.0052089691162109375
1,826,false,point,0.0016248226165771484
1,827,false,point,0.0014591217041015625
1,828,false,point,0.0014579296112060547
1,829,false,point,0.0014579296112060547
1,830,false,point,0.001458883285522461
1,831,false,point,0.0014998912811279297
1,832,false,point,0.0014579296112060547
1,833,false,point,0.0014998912811279297
1,834,false,point,0.002374887466430664
1,835,false,point,0.0014998912811279297
1,836,false,point,0.001416921615600586
1,837,false,point,0.0014579296112060547
1,838,false,point,0.0014579296112060547
1,839,false,point,0.0014171600341796875
1,840,false,point,0.001416921615600586
2,1,true,ready,0.7318329811096191
2,2,true,ready,0.2543330192565918
2,3,true,ready,0.002457857131958008
2,4,true,ready,0.0014591217041015625
2,5,true,ready,0.0013339519500732422
2,6,true,ready,0.001332998275756836
2,7,true,ready,0.001332998275756836
2,8,true,ready,0.0012919902801513672
2,9,true,ready,0.0012919902801513672
2,10,true,ready,0.001374959945678711
2,11,true,ready,0.0012907981872558594
2,12,true,ready,0.0012919902801513672
2,13,true,ready,0.001291036605834961
2,14,true,ready,0.0012919902801513672
2,15,true,ready,0.001291036605834961
2,16,true,ready,0.0013339519500732422
2,17,true,ready,0.001291036605834961
2,18,true,ready,0.0013339519500732422
2,19,true,ready,0.001291036605834961
2,20,true,ready,0.0014171600341796875
2,21,true,ready,0.001374959945678711
2,22,true,ready,0.001291036605834961
2,23,true,ready,0.0012919902801513672
2,24,true,ready,0.001291036605834961
2,25,true,ready,0.0012919902801513672
2,26,true,ready,0.001332998275756836
2,27,true,ready,0.0012919902801513672
2,28,true,ready,0.0012919902801513672
2,29,true,ready,0.001332998275756836
2,30,true,ready,0.0012919902801513672
2,31,true,ready,0.001291036605834961
2,32,true,ready,0.0014159679412841797
2,33,true,ready,0.0012919902801513672
2,34,true,ready,0.001332998275756836
2,35,true,ready,0.0012919902801513672
2,36,true,ready,0.0012919902801513672
2,37,true,ready,0.001291036605834961
2,38,true,ready,0.0013341903686523438
2,39,true,ready,0.001291036605834961
2,40,true,ready,0.0012919902801513672
2,41,true,ready,0.0017080307006835938
2,42,true,ready,0.0012919902801513672
2,43,true,ready,0.001332998275756836
2,44,true,ready,0.001332998275756836
2,45,true,ready,0.0012919902801513672
2,46,true,ready,0.001291036605834961
2,47,true,ready,0.001332998275756836
2,48,true,ready,0.0013339519500732422
2,49,true,ready,0.001291036605834961
2,50,true,ready,0.0013339519500732422
2,51,true,ready,0.001291036605834961
2,52,true,ready,0.0012919902801513672
2,53,true,ready,0.0012919902801513672
2,54,true,ready,0.001332998275756836
2,55,true,ready,0.0012919902801513672
2,56,true,ready,0.001291036605834961
2,57,true,ready,0.0015420913696289062
2,58,true,ready,0.0012919902801513672
2,59,true,ready,0.0012907981872558594
2,60,true,ready,0.0012919902801513672
2,61,true,ready,0.001374959945678711
2,62,true,ready,0.001332998275756836
2,63,true,ready,0.0012919902801513672
2,64,true,ready,0.0012919902801513672
2,65,true,ready,0.001332998275756836
2,66,true,ready,0.0012919902801513672
2,67,true,ready,0.001291036605834961
2,68,true,ready,0.0012919902801513672
2,69,true,ready,0.0012500286102294922
2,70,true,ready,0.001291036605834961
2,71,true,ready,0.0013339519500732422
2,72,true,ready,0.001291036605834961
2,73,true,ready,0.0012919902801513672
2,74,true,ready,0.0012919902801513672
2,75,true,ready,0.001291036605834961
2,76,true,ready,0.0013341903686523438
2,77,true,ready,0.001291036605834961
2,78,true,ready,0.0013339519500732422
2,79,true,ready,0.001291036605834961
2,80,true,ready,0.0018749237060546875
2,81,true,ready,0.0012919902801513672
2,82,true,ready,0.0016667842864990234
2,83,true,ready,0.001291036605834961
2,84,true,ready,0.0013339519500732422
2,85,true,ready,0.001291036605834961
2,86,true,ready,0.0012922286987304688
2,87,true,ready,0.001458883285522461
2,88,true,ready,0.001332998275756836
2,89,true,ready,0.0012919902801513672
2,90,true,ready,0.001332998275756836
2,91,true,ready,0.001332998275756836
2,92,true,ready,0.0013339519500732422
2,93,true,ready,0.001291036605834961
2,94,true,ready,0.0013339519500732422
2,95,true,ready,0.001291036605834961
2,96,true,ready,0.0012919902801513672
2,97,true,ready,0.0012919902801513672
2,98,true,ready,0.0012919902801513672
2,99,true,ready,0.0012500286102294922
2,100,true,ready,0.0013751983642578125
2,101,true,ready,0.001332998275756836
2,102,true,ready,0.0012919902801513672
2,103,true,ready,0.0012907981872558594
2,104,true,ready,0.001374959945678711
2,105,true,ready,0.0017499923706054688
2,106,true,ready,0.0013341903686523438
2,107,true,ready,0.0014159679412841797
2,108,true,ready,0.0012919902801513672
2,109,true,ready,0.0012919902801513672
2,110,true,ready,0.001332998275756836
2,111,true,ready,0.0012500286102294922
2,112,true,ready,0.0012922286987304688
2,113,true,ready,0.001332998275756836
2,114,true,ready,0.0012919902801513672
2,115,true,ready,0.0019159317016601562
2,116,true,ready,0.0012919902801513672
2,117,true,ready,0.0012919902801513672
2,118,true,ready,0.001332998275756836
2,119,true,ready,0.0012919902801513672
2,120,true,rally,0.017540931701660156
2,121,false,rally,0.2842080593109131
2,122,false,rally,0.004208803176879883
2,123,false,rally,0.00208282470703125
2,124,false,rally,0.0018749237060546875
2,125,false,rally,0.0017077922821044922
2,126,false,rally,0.0017919540405273438
2,127,false,rally,0.0017499923706054688
2,128,false,rally,0.002583026885986328
2,129,false,rally,0.0017910003662109375
2,130,false,rally,0.0017499923706054688
2,131,false,rally,0.0017499923706054688
2,132,false,rally,0.0017499923706054688
2,133,false,rally,0.0017910003662109375
2,134,false,rally,0.0017499923706054688
2,135,false,rally,0.0017499923706054688
2,136,false,rally,0.0017502307891845703
2,137,false,rally,0.0017080307006835938
2,138,false,rally,0.0017499923706054688
2,139,false,rally,0.0017077922821044922
2,140,false,rally,0.0017080307006835938
2,141,false,rally,0.0017499923706054688
2,142,false,rally,0.0018341541290283203
2,143,false,rally,0.10824990272521973
2,144,false,rally,0.002749919891357422
2,145,false,rally,0.0018329620361328125
2,146,false,rally,0.0017080307006835938
2,147,false,rally,0.001708984375
2,148,false,rally,0.0017080307006835938
2,149,false,rally,0.0017080307006835938
2,150,false,rally,0.001708984375
2,151,false,rally,0.001708984375
2,152,false,rally,0.0017080307006835938
2,153,false,rally,0.002000093460083008
2,154,false,rally,0.0017080307006835938
2,155,false,rally,0.0021250247955322266
2,156,false,rally,0.0033330917358398438
2,157,false,rally,0.002624988555908203
2,158,false,rally,0.0021250247955322266
2,159,false,rally,0.0017502307891845703
2,160,false,rally,0.0017499923706054688
2,161,false,rally,0.0017080307006835938
2,162,false,rally,0.0017080307006835938
2,163,false,rally,0.001667022705078125
2,164,false,rally,0.001708984375
2,165,false,rally,0.0017080307006835938
2,166,false,rally,0.0017080307006835938
2,167,false,rally,0.0017092227935791016
2,168,false,rally,0.00162506103515625
2,169,false,rally,0.001667022705078125
2,170,false,point,0.012375116348266602
2,171,false,point,0.001583099365234375
2,172,false,point,0.001374959945678711
2,173,false,point,0.001917123794555664
2,174,false,point,0.0012919902801513672
2,175,false,point,0.0012919902801513672
2,176,false,point,0.0012500286102294922
2,177,false,point,0.0012919902801513672
2,178,false,point,0.0012919902801513672
2,179,false,point,0.001291036605834961
2,180,false,point,0.0012500286102294922
2,181,false,point,0.0013339519500732422
2,182,false,point,0.0014579296112060547
2,183,false,point,0.0012907981872558594
2,184,false,point,0.0028748512268066406
2,185,false,point,0.0012919902801513672
2,186,false,point,0.0012919902801513672
2,187,false,point,0.0012919902801513672
2,188,false,point,0.001291036605834961
2,189,false,point,0.0012919902801513672
2,190,false,point,0.0012919902801513672
2,191,false,point,0.0012497901916503906
2,192,false,point,0.0012919902801513672
2,193,false,point,0.0012919902801513672
2,194,false,point,0.0014581680297851562
2,195,false,point,0.0012500286102294922
2,196,false,point,0.0012500286102294922
2,197,false,point,0.0012500286102294922
2,198,false,point,0.0012919902801513672
2,199,false,point,0.0012919902801513672
2,200,false,point,0.001291036605834961
2,201,false,point,0.0012500286102294922
2,202,false,point,0.0015420913696289062
2,203,false,point,0.001332998275756836
2,204,false,point,0.0012500286102294922
2,205,false,point,0.0012919902801513672
2,206,false,point,0.001291036605834961
2,207,false,point,0.0012500286102294922
2,208,false,point,0.0012500286102294922
2,209,false,point,0.001291036605834961
2,210,false,point,0.0012919902801513672
2,211,false,point,0.0012919902801513672
2,212,false,point,0.0012500286102294922
2,213,false,point,0.0012919902801513672
2,214,false,point,0.0012500286102294922
2,215,false,point,0.0012500286102294922
2,216,false,point,0.0013339519500732422
2,217,false,point,0.001291036605834961
2,218,false,point,0.0012922286987304688
2,219,false,point,0.0012500286102294922
2,220,false,point,0.001291036605834961
2,221,false,point,0.0012919902801513672
2,222,false,point,0.001332998275756836
2,223,false,point,0.0012919902801513672
2,224,false,point,0.001291036605834961
2,225,false,point,0.0012919902801513672
2,226,false,point,0.0012500286102294922
2,227,false,point,0.0012500286102294922
2,228,false,point,0.001332998275756836
2,229,false,point,0.0012500286102294922
2,230,false,rally,0.005249977111816406
2,231,false,rally,0.0033750534057617188
2,232,false,rally,0.0017919540405273438
2,233,false,rally,0.001708984375
2,234,false,rally,0.0017499923706054688
2,235,false,rally,0.001667022705078125
2,236,false,rally,0.0017080307006835938
2,237,false,rally,0.001667022705078125
2,238,false,rally,0.001708984375
2,239,false,rally,0.0017080307006835938
2,240,false,rally,0.001667022705078125
2,241,false,rally,0.001708984375
2,242,false,rally,0.0018749237060546875
2,243,false,rally,0.0017092227935791016
2,244,false,rally,0.0017080307006835938
2,245,false,rally,0.0017499923706054688
2,246,false,rally,0.0017499923706054688
2,247,false,rally,0.0017499923706054688
2,248,false,rally,0.0017080307006835938
2,249,false,rally,0.0017080307006835938
2,250,false,rally,0.0017080307006835938
2,251,false,rally,0.0017080307006835938
2,252,false,rally,0.0017080307006835938
2,253,false,rally,0.0017080307006835938
2,254,false,rally,0.0019159317016601562
2,255,false,rally,0.0017499923706054688
2,256,false,rally,0.0017080307006835938
2,257,false,rally,0.0017080307006835938
2,258,false,rally,0.0021250247955322266
2,259,false,rally,0.0017910003662109375
2,260,false,rally,0.001708984375
2,261,false,rally,0.0018749237060546875
2,262,false,rally,0.0016667842864990234
2,263,false,rally,0.001667022705078125
2,264,false,rally,0.0017080307006835938
2,265,false,rally,0.0017080307006835938
2,266,false,rally,0.0016658306121826172
2,267,false,rally,0.0017080307006835938
2,268,false,rally,0.001667022705078125
2,269,false,rally,0.0017499923706054688
2,270,false,rally,0.0017499923706054688
2,271,false,rally,0.0017080307006835938
2,272,false,rally,0.0016660690307617188
2,273,false,rally,0.001667022705078125
2,274,false,rally,0.0017499923706054688
2,275,false,rally,0.0017080307006835938
2,276,false,rally,0.001667022705078125
2,277,false,rally,0.0016660690307617188
2,278,false,rally,0.0017080307006835938
2,279,false,rally,0.001708984375
2,280,false,rally,0.001708984375
2,281,false,point,0.007958173751831055
2,282,false,point,0.001416921615600586
2,283,false,point,0.001332998275756836
2,284,false,point,0.001332998275756836
2,285,false,point,0.0012919902801513672
2,286,false,point,0.0012919902801513672
2,287,false,point,0.0012919902801513672
2,288,false,point,0.001291036605834961
2,289,false,point,0.0012919902801513672
2,290,false,point,0.0012919902801513672
2,291,false,point,0.0012500286102294922
2,292,false,point,0.0013341903686523438
2,293,false,point,0.001291036605834961
2,294,false,point,0.0012919902801513672
2,295,false,point,0.0012919902801513672
2,296,false,point,0.001332998275756836
2,297,false,point,0.0012500286102294922
2,298,false,point,0.001332998275756836
2,299,false,point,0.0012919902801513672
2,300,false,point,0.001291036605834961
2,301,false,point,0.0012500286102294922
2,302,false,point,0.001332998275756836
2,303,false,point,0.0012919902801513672
2,304,false,point,0.0012919902801513672
2,305,false,point,0.0012500286102294922
2,306,false,point,0.0012500286102294922
2,307,false,point,0.0012500286102294922
2,308,false,point,0.0012919902801513672
2,309,false,point,0.001291036605834961
2,310,false,point,0.0012919902801513672
2,311,false,point,0.001291036605834961
2,312,false,point,0.0012500286102294922
2,313,false,point,0.0012497901916503906
2,314,false,point,0.0012500286102294922
2,315,false,point,0.0012919902801513672
2,316,false,point,0.001875162124633789
2,317,false,point,0.001374959945678711
2,318,false,point,0.0012500286102294922
2,319,false,point,0.0012919902801513672
2,320,false,point,0.0012500286102294922
2,321,false,point,0.0012919902801513672
2,322,false,point,0.0012500286102294922
2,323,false,point,0.0012497901916503906
2,324,false,point,0.0012500286102294922
2,325,false,point,0.0012919902801513672
2,326,false,point,0.0012500286102294922
2,327,false,point,0.0012500286102294922
2,328,false,point,0.0012500286102294922
2,329,false,point,0.0012500286102294922
2,330,false,point,0.0012500286102294922
2,331,false,point,0.0012497901916503906
2,332,false,point,0.0012500286102294922
2,333,false,point,0.0012500286102294922
2,334,false,point,0.0012500286102294922
2,335,false,point,0.001291036605834961
2,336,false,point,0.001416921615600586
2,337,false,point,0.0012919902801513672
2,338,false,point,0.001291036605834961
2,339,false,point,0.0012500286102294922
2,340,false,point,0.0012919902801513672
2,341,false,rally,0.003542184829711914
2,342,false,rally,0.002084016799926758
2,343,false,rally,0.0018329620361328125
2,344,false,rally,0.0017077922821044922
2,345,false,rally,0.0017080307006835938
2,346,false,rally,0.0018339157104492188
2,347,false,rally,0.001667022705078125
2,348,false,rally,0.0017080307006835938
2,349,false,rally,0.0017080307006835938
2,350,false,rally,0.0017080307006835938
2,351,false,rally,0.0017080307006835938
2,352,false,rally,0.001708984375
2,353,false,rally,0.0016660690307617188
2,354,false,rally,0.001708984375
2,355,false,rally,0.001667022705078125
2,356,false,rally,0.0017080307006835938
2,357,false,rally,0.001667022705078125
2,358,false,rally,0.0016660690307617188
2,359,false,rally,0.001708984375
2,360,false,rally,0.001667022705078125
2,361,false,rally,0.0016660690307617188
2,362,false,rally,0.0017499923706054688
2,363,false,rally,0.001667022705078125
2,364,false,rally,0.0017080307006835938
2,365,false,rally,0.0017080307006835938
2,366,false,rally,0.002042055130004883
2,367,false,rally,0.0017499923706054688
2,368,false,rally,0.0017080307006835938
2,369,false,rally,0.001667022705078125
2,370,false,rally,0.0017919540405273438
2,371,false,rally,0.0017080307006835938
2,372,false,rally,0.0016667842864990234
2,373,false,rally,0.001667022705078125
2,374,false,rally,0.001667022705078125
2,375,false,rally,0.001708984375
2,376,false,rally,0.0017910003662109375
2,377,false,rally,0.001708984375
2,378,false,rally,0.0017499923706054688
2,379,false,rally,0.0017080307006835938
2,380,false,rally,0.0017499923706054688
2,381,false,rally,0.0017080307006835938
2,382,false,rally,0.0017080307006835938
2,383,false,rally,0.0017080307006835938
2,384,false,rally,0.001667022705078125
2,385,false,rally,0.0017080307006835938
2,386,false,rally,0.169417142868042
2,387,false,rally,0.002917051315307617
2,388,false,rally,0.0018339157104492188
2,389,false,rally,0.0017499923706054688
2,390,false,rally,0.0017080307006835938
2,391,false,rally,0.001667022705078125
2,392,false,rally,0.001875162124633789
2,393,false,rally,0.0017080307006835938
2,394,false,rally,0.0017080307006835938
2,395,false,rally,0.001708984375
2,396,false,rally,0.0016660690307617188
2,397,false,rally,0.0017080307006835938
2,398,false,rally,0.0017080307006835938
2,399,false,rally,0.001708984375
2,400,false,rally,0.001708984375
2,401,false,rally,0.001708984375
2,402,false,rally,0.0017077922821044922
2,403,false,rally,0.0017499923706054688
2,404,false,rally,0.0017080307006835938
2,405,false,rally,0.001708984375
2,406,false,rally,0.001667022705078125
2,407,false,rally,0.0016660690307617188
2,408,false,rally,0.0017080307006835938
2,409,false,rally,0.001708984375
2,410,false,rally,0.0017502307891845703
2,411,false,rally,0.0017080307006835938
2,412,false,rally,0.0016660690307617188
2,413,false,rally,0.0018749237060546875
2,414,false,rally,0.0017080307006835938
2,415,false,rally,0.001708984375
2,416,false,rally,0.001667022705078125
2,417,false,rally,0.0018329620361328125
2,418,false,rally,0.0016660690307617188
2,419,false,rally,0.001708984375
2,420,false,rally,0.001708984375
2,421,false,rally,0.0017499923706054688
2,422,false,rally,0.001667022705078125
2,423,false,rally,0.0016658306121826172
2,424,false,rally,0.0021669864654541016
2,425,false,rally,0.0017080307006835938
2,426,false,rally,0.001667022705078125
2,427,false,rally,0.0018341541290283203
2,428,false,rally,0.0017499923706054688
2,429,false,rally,0.001708984375
2,430,false,rally,0.001708984375
2,431,false,rally,0.0017080307006835938
2,432,false,rally,0.0016660690307617188
2,433,false,rally,0.001708984375
2,434,false,rally,0.001667022705078125
2,435,false,rally,0.0017080307006835938
2,436,false,rally,0.0017080307006835938
2,437,false,rally,0.003000020980834961
2,438,false,rally,0.0017499923706054688
2,439,false,rally,0.0018329620361328125
2,440,false,rally,0.001708984375
2,441,false,rally,0.001708984375
2,442,false,rally,0.001708984375
2,443,false,rally,0.0017077922821044922
2,444,false,rally,0.0017080307006835938
2,445,false,rally,0.0017080307006835938
2,446,false,rally,0.0017080307006835938
2,447,false,rally,0.001667022705078125
2,448,false,rally,0.0022499561309814453
2,449,false,rally,0.001917123794555664
2,450,false,rally,0.0021250247955322266
2,451,false,rally,0.0018339157104492188
2,452,false,rally,0.001667022705078125
2,453,false,rally,0.0017080307006835938
2,454,false,rally,0.0017080307006835938
2,455,false,rally,0.0017919540405273438
2,456,false,rally,0.0017080307006835938
2,457,false,rally,0.0016667842864990234
2,458,false,rally,0.0016660690307617188
2,459,false,rally,0.001708984375
2,460,false,rally,0.0016660690307617188
2,461,false,rally,0.00162506103515625
2,462,false,rally,0.0016248226165771484
2,463,false,rally,0.001667022705078125
2,464,false,rally,0.00162506103515625
2,465,false,rally,0.0016660690307617188
2,466,false,rally,0.001667022705078125
2,467,false,rally,0.00162506103515625
2,468,false,rally,0.001667022705078125
2,469,false,rally,0.0016667842864990234
2,470,false,rally,0.0016658306121826172
2,471,false,rally,0.001667022705078125
2,472,false,rally,0.0016660690307617188
2,473,false,rally,0.001667022705078125
2,474,false,rally,0.00162506103515625
2,475,false,rally,0.001667022705078125
2,476,false,rally,0.001667022705078125
2,477,false,rally,0.00162506103515625
2,478,false,rally,0.002416849136352539
2,479,false,rally,0.001667022705078125
2,480,false,rally,0.0016660690307617188
2,481,false,rally,0.00162506103515625
2,482,false,rally,0.00162506103515625
2,483,false,point,0.005834102630615234
2,484,false,point,0.0014591217041015625
2,485,false,point,0.001291036605834961
2,486,false,point,0.0012919902801513672
2,487,false,point,0.0012922286987304688
2,488,false,point,0.0012500286102294922
2,489,false,point,0.0012500286102294922
2,490,false,point,0.0012919902801513672
2,491,false,point,0.001291036605834961
2,492,false,point,0.0012919902801513672
2,493,false,point,0.0012919902801513672
2,494,false,point,0.0012907981872558594
2,495,false,point,0.0012919902801513672
2,496,false,point,0.0012919902801513672
2,497,false,point,0.0012500286102294922
2,498,false,point,0.0012500286102294922
2,499,false,point,0.0012500286102294922
2,500,false,point,0.001291036605834961
2,501,false,point,0.0012919902801513672
2,502,false,point,0.0012919902801513672
2,503,false,point,0.001291036605834961
2,504,false,point,0.0012500286102294922
2,505,false,point,0.0012919902801513672
2,506,false,point,0.0012500286102294922
2,507,false,point,0.0012919902801513672
2,508,false,point,0.0012919902801513672
2,509,false,point,0.0012497901916503906
2,510,false,point,0.0012500286102294922
2,511,false,point,0.0012919902801513672
2,512,false,point,0.0012919902801513672
2,513,false,point,0.0014162063598632812
2,514,false,point,0.0012500286102294922
2,515,false,point,0.0012919902801513672
2,516,false,point,0.0012497901916503906
2,517,false,point,0.0012500286102294922
2,518,false,point,0.0012500286102294922
2,519,false,point,0.0012500286102294922
2,520,false,point,0.0012919902801513672
2,521,false,point,0.0012500286102294922
2,522,false,point,0.0012919902801513672
2,523,false,point,0.001291036605834961
2,524,false,point,0.0012919902801513672
2,525,false,point,0.0012500286102294922
2,526,false,point,0.0012919902801513672
2,527,false,point,0.0017080307006835938
2,528,false,point,0.0012500286102294922
2,529,false,point,0.0012500286102294922
2,530,false,point,0.0012500286102294922
2,531,false,point,0.0012500286102294922
2,532,false,point,0.0012497901916503906
2,533,false,point,0.001291036605834961
2,534,false,point,0.0012500286102294922
2,535,false,point,0.0012919902801513672
2,536,false,point,0.0012497901916503906
2,537,false,point,0.001291036605834961
2,538,false,point,0.0012500286102294922
2,539,false,point,0.0012500286102294922
2,540,false,point,0.001291036605834961
2,541,false,point,0.0012497901916503906
2,542,false,point,0.0012500286102294922
2,543,false,rally,0.09770798683166504
2,544,false,rally,0.003000020980834961
2,545,false,rally,0.0017919540405273438
2,546,false,rally,0.0017499923706054688
2,547,false,rally,0.0017080307006835938
2,548,false,rally,0.001667022705078125
2,549,false,rally,0.0017080307006835938
2,550,false,rally,0.0017080307006835938
2,551,false,rally,0.001708984375
2,552,false,rally,0.001667022705078125
2,553,false,rally,0.0022079944610595703
2,554,false,rally,0.001708984375
2,555,false,rally,0.0017080307006835938
2,556,false,rally,0.0017077922821044922
2,557,false,rally,0.001708984375
2,558,false,rally,0.001667022705078125
2,559,false,rally,0.0016660690307617188
2,560,false,rally,0.0017092227935791016
2,561,false,rally,0.0016660690307617188
2,562,false,rally,0.001667022705078125
2,563,false,rally,0.001667022705078125
2,564,false,rally,0.0017080307006835938
2,565,false,rally,0.0017502307891845703
2,566,false,rally,0.0018749237060546875
2,567,false,rally,0.0017921924591064453
2,568,false,rally,0.0017080307006835938
2,569,false,rally,0.0017499923706054688
2,570,false,rally,0.0017499923706054688
2,571,false,rally,0.0017499923706054688
2,572,false,rally,0.0017499923706054688
2,573,false,rally,0.001708984375
2,574,false,rally,0.002624988555908203
2,575,false,rally,0.0018329620361328125
2,576,false,rally,0.0017077922821044922
2,577,false,rally,0.001667022705078125
2,578,false,rally,0.001667022705078125
2,579,false,rally,0.0017499923706054688
2,580,false,rally,0.0016658306121826172
2,581,false,rally,0.0017080307006835938
2,582,false,rally,0.001708984375
2,583,false,rally,0.0017080307006835938
2,584,false,rally,0.0017080307006835938
2,585,false,rally,0.0021250247955322266
2,586,false,rally,0.0017080307006835938
2,587,false,rally,0.0017499923706054688
2,588,false,rally,0.0017499923706054688
2,589,false,rally,0.0017080307006835938
2,590,false,rally,0.0017080307006835938
2,591,false,rally,0.0017499923706054688
2,592,false,rally,0.005917072296142578
2,593,false,rally,0.0018749237060546875
2,594,false,rally,0.0017499923706054688
2,595,false,rally,0.0017499923706054688
2,596,false,rally,0.0017080307006835938
2,597,false,rally,0.001667022705078125
2,598,false,rally,0.0017080307006835938
2,599,false,rally,0.0017499923706054688
2,600,false,rally,0.0017077922821044922
2,601,false,rally,0.0017080307006835938
2,602,false,rally,0.0017080307006835938
2,603,false,rally,0.0017080307006835938
2,604,false,rally,0.0017092227935791016
2,605,false,rally,0.001667022705078125
2,606,false,rally,0.0016660690307617188
2,607,false,rally,0.001667022705078125
2,608,false,rally,0.0017077922821044922
2,609,false,rally,0.0017080307006835938
2,610,false,rally,0.001667022705078125
2,611,false,rally,0.001667022705078125
2,612,false,rally,0.0017499923706054688
2,613,false,rally,0.0017080307006835938
2,614,false,rally,0.0017080307006835938
2,615,false,rally,0.001667022705078125
2,616,false,rally,0.0016658306121826172
2,617,false,rally,0.001667022705078125
2,618,false,rally,0.0017080307006835938
2,619,false,rally,0.0017919540405273438
2,620,false,rally,0.001667022705078125
2,621,false,rally,0.0017499923706054688
2,622,false,rally,0.0017910003662109375
2,623,false,rally,0.0017077922821044922
2,624,false,rally,0.001708984375
2,625,false,rally,0.0017080307006835938
2,626,false,rally,0.0017080307006835938
2,627,false,rally,0.001708984375
2,628,false,rally,0.0017080307006835938
2,629,false,rally,0.002290964126586914
2,630,false,rally,0.0019588470458984375
2,631,false,rally,0.001708984375
2,632,false,rally,0.0016658306121826172
2,633,false,rally,0.001667022705078125
2,634,false,rally,0.001667022705078125
2,635,false,rally,0.0017080307006835938
2,636,false,rally,0.001667022705078125
2,637,false,rally,0.001667022705078125
2,638,false,rally,0.0019578933715820312
2,639,false,rally,0.0017499923706054688
2,640,false,rally,0.001708984375
2,641,false,rally,0.0017080307006835938
2,642,false,rally,0.0017077922821044922
2,643,false,rally,0.001708984375
2,644,false,rally,0.0017080307006835938
2,645,false,rally,0.0017080307006835938
2,646,false,rally,0.001667022705078125
2,647,false,rally,0.0017499923706054688
2,648,false,rally,0.0017080307006835938
2,649,false,rally,0.0025000572204589844
2,650,false,rally,0.0016660690307617188
2,651,false,rally,0.001667022705078125
2,652,false,rally,0.0017080307006835938
2,653,false,rally,0.001667022705078125
2,654,false,rally,0.001667022705078125
2,655,false,rally,0.001667022705078125
2,656,false,rally,0.0017080307006835938
2,657,false,rally,0.0016658306121826172
2,658,false,rally,0.00162506103515625
2,659,false,rally,0.0016660690307617188
2,660,false,rally,0.0017080307006835938
2,661,false,rally,0.0017077922821044922
2,662,false,rally,0.001667022705078125
2,663,false,rally,0.001667022705078125
2,664,false,rally,0.001667022705078125
2,665,false,rally,0.0017080307006835938
2,666,false,rally,0.0017092227935791016
2,667,false,rally,0.001667022705078125
2,668,false,rally,0.026166915893554688
2,669,false,rally,0.0021669864654541016
2,670,false,rally,0.001708984375
2,671,false,rally,0.0017921924591064453
2,672,false,rally,0.0017499923706054688
2,673,false,rally,0.0017080307006835938
2,674,false,rally,0.0016667842864990234
2,675,false,rally,0.001667022705078125
2,676,false,rally,0.0016660690307617188
2,677,false,rally,0.0017080307006835938
2,678,false,rally,0.001708984375
2,679,false,rally,0.0017080307006835938
2,680,false,rally,0.0022919178009033203
2,681,false,rally,0.0020411014556884766
2,682,false,rally,0.0019168853759765625
2,683,false,rally,0.00162506103515625
2,684,false,rally,0.001667022705078125
2,685,false,rally,0.0016667842864990234
2,686,false,rally,0.0017080307006835938
2,687,false,rally,0.001667022705078125
2,688,false,rally,0.001667022705078125
2,689,false,rally,0.0028328895568847656
2,690,false,rally,0.022540807723999023
2,691,false,rally,0.0021669864654541016
2,692,false,rally,0.0021250247955322266
2,693,false,rally,0.0021250247955322266
2,694,false,rally,0.00208282470703125
2,695,false,rally,0.0021250247955322266
2,696,false,rally,0.0021250247955322266
2,697,false,rally,0.0021250247955322266
2,698,false,rally,0.0022499561309814453
2,699,false,rally,0.002334117889404297
2,700,false,rally,0.0022919178009033203
2,701,false,rally,0.0021669864654541016
2,702,false,rally,0.0021250247955322266
2,703,false,rally,0.002084016799926758
2,704,false,rally,0.0021250247955322266
2,705,false,rally,0.0021669864654541016
2,706,false,rally,0.0020830631256103516
2,707,false,rally,0.0017080307006835938
2,708,false,rally,0.001667022705078125
2,709,false,rally,0.001708984375
2,710,false,rally,0.001958131790161133
2,711,false,rally,0.002000093460083008
2,712,false,rally,0.001708984375
2,713,false,point,0.005458831787109375
2,714,false,point,0.001458883285522461
2,715,false,point,0.001374959945678711
2,716,false,point,0.001374959945678711
2,717,false,point,0.001374959945678711
2,718,false,point,0.001291036605834961
2,719,false,point,0.0012919902801513672
2,720,false,point,0.001332998275756836
2,721,false,point,0.0012919902801513672
2,722,false,point,0.0012919902801513672
2,723,false,point,0.0015420913696289062
2,724,false,point,0.0012919902801513672
2,725,false,point,0.001332998275756836
2,726,false,point,0.0012919902801513672
2,727,false,point,0.001291036605834961
2,728,false,point,0.0012500286102294922
2,729,false,point,0.001291036605834961
2,730,false,point,0.001416921615600586
2,731,false,point,0.001332998275756836
2,732,false,point,0.0012919902801513672
2,733,false,point,0.001291036605834961
2,734,false,point,0.0012919902801513672
2,735,false,point,0.001291036605834961
2,736,false,point,0.0013339519500732422
2,737,false,point,0.0012497901916503906
2,738,false,point,0.0012919902801513672
2,739,false,point,0.001332998275756836
2,740,false,point,0.001332998275756836
2,741,false,point,0.0012919902801513672
2,742,false,point,0.001332998275756836
2,743,false,point,0.0012919902801513672
2,744,false,point,0.001291036605834961
2,745,false,point,0.0012919902801513672
2,746,false,point,0.0012907981872558594
2,747,false,point,0.0012919902801513672
2,748,false,point,0.001332998275756836
2,749,false,point,0.0012907981872558594
2,750,false,point,0.0013339519500732422
2,751,false,point,0.001332998275756836
2,752,false,point,0.0012919902801513672
2,753,false,point,0.0012919902801513672
2,754,false,point,0.001291036605834961
2,755,false,point,0.0012922286987304688
2,756,false,point,0.001291036605834961
2,757,false,point,0.0012919902801513672
2,758,false,point,0.0012919902801513672
2,759,false,point,0.001332998275756836
2,760,false,point,0.001332998275756836
2,761,false,point,0.0013339519500732422
2,762,false,point,0.0013339519500732422
2,763,false,point,0.0012907981872558594
2,764,false,point,0.0012919902801513672
2,765,false,point,0.001332998275756836
2,766,false,point,0.001332998275756836
2,767,false,point,0.0012919902801513672
2,768,false,point,0.001291036605834961
2,769,false,point,0.0012919902801513672
2,770,false,point,0.0012919902801513672
2,771,false,point,0.0012919902801513672
2,772,false,point,0.0012922286987304688
2,773,false,rally,0.09666705131530762
2,774,false,rally,0.002707958221435547
2,775,false,rally,0.0018749237060546875
2,776,false,rally,0.0017499923706054688
2,777,false,rally,0.0017499923706054688
2,778,false,rally,0.0017910003662109375
2,779,false,rally,0.001708984375
2,780,false,rally,0.001708984375
2,781,false,rally,0.001708984375
2,782,false,rally,0.0017499923706054688
2,783,false,rally,0.0021669864654541016
2,784,false,rally,0.0017499923706054688
2,785,false,rally,0.0017080307006835938
2,786,false,rally,0.0017077922821044922
2,787,false,rally,0.0017080307006835938
2,788,false,rally,0.0017499923706054688
2,789,false,rally,0.001708984375
2,790,false,rally,0.001708984375
2,791,false,rally,0.0017080307006835938
2,792,false,rally,0.0017080307006835938
2,793,false,rally,0.0019578933715820312
2,794,false,rally,0.0017080307006835938
2,795,false,rally,0.001708984375
2,796,false,rally,0.001708984375
2,797,false,rally,0.0017499923706054688
2,798,false,rally,0.0016667842864990234
2,799,false,rally,0.0017080307006835938
2,800,false,rally,0.0017080307006835938
2,801,false,rally,0.0017499923706054688
2,802,false,rally,0.0017499923706054688
2,803,false,rally,0.0017080307006835938
2,804,false,rally,0.0017499923706054688
2,805,false,rally,0.0017499923706054688
2,806,false,rally,0.001708984375
2,807,false,rally,0.002665996551513672
2,808,false,rally,0.0017499923706054688
2,809,false,rally,0.0017499923706054688
2,810,false,rally,0.0017499923706054688
2,811,false,rally,0.0017499923706054688
2,812,false,rally,0.0017499923706054688
2,813,false,rally,0.0017499923706054688
2,814,false,rally,0.0017499923706054688
2,815,false,rally,0.0017921924591064453
2,816,false,rally,0.0017080307006835938
2,817,false,rally,0.0017499923706054688
2,818,false,rally,0.0017499923706054688
2,819,false,rally,0.0017499923706054688
2,820,false,rally,0.0017080307006835938
2,821,false,rally,0.0017077922821044922
2,822,false,rally,0.0017499923706054688
2,823,false,rally,0.0017499923706054688
2,824,false,rally,0.0017080307006835938
2,825,false,point,0.015291929244995117
2,826,false,point,0.0018749237060546875
2,827,false,point,0.0013339519500732422
2,828,false,point,0.0013339519500732422
2,829,false,point,0.0017499923706054688
2,830,false,point,0.0013751983642578125
2,831,false,point,0.0013339519500732422
2,832,false,point,0.0012919902801513672
2,833,false,point,0.001332998275756836
2,834,false,point,0.0012919902801513672
2,835,false,point,0.0012500286102294922
2,836,false,point,0.001416921615600586
2,837,false,point,0.001291036605834961
2,838,false,point,0.0012919902801513672
2,839,false,point,0.0012919902801513672
2,840,false,point,0.001374959945678711
3,1,true,ready,0.21429109573364258
3,2,true,ready,0.0021660327911376953
3,3,true,ready,0.0010421276092529297
3,4,true,ready,0.0008749961853027344
3,5,true,ready,0.0008330345153808594
3,6,true,ready,0.0008327960968017578
3,7,true,ready,0.0008339881896972656
3,8,true,ready,0.0008330345153808594
3,9,true,ready,0.0007920265197753906
3,10,true,ready,0.0008330345153808594
3,11,true,ready,0.0007917881011962891
3,12,true,ready,0.0007920265197753906
3,13,true,ready,0.0008330345153808594
3,14,true,ready,0.0007920265197753906
3,15,true,ready,0.0008330345153808594
3,16,true,ready,0.0008339881896972656
3,17,true,ready,0.0007908344268798828
3,18,true,ready,0.0008339881896972656
3,19,true,ready,0.0007910728454589844
3,20,true,ready,0.0008330345153808594
3,21,true,ready,0.0008330345153808594
3,22,true,ready,0.0008339881896972656
3,23,true,ready,0.0007910728454589844
3,24,true,ready,0.0008339881896972656
3,25,true,ready,0.0007910728454589844
3,26,true,ready,0.0007920265197753906
3,27,true,ready,0.0008330345153808594
3,28,true,ready,0.0007917881011962891
3,29,true,ready,0.0007920265197753906
3,30,true,ready,0.0007910728454589844
3,31,true,ready,0.0007920265197753906
3,32,true,ready,0.0007920265197753906
3,33,true,ready,0.0007910728454589844
3,34,true,ready,0.0007920265197753906
3,35,true,ready,0.0007908344268798828
3,36,true,ready,0.0007917881011962891
3,37,true,ready,0.0007920265197753906
3,38,true,ready,0.0007910728454589844
3,39,true,ready,0.0007920265197753906
3,40,true,ready,0.0007920265197753906
3,41,true,ready,0.0007910728454589844
3,42,true,ready,0.0007920265197753906
3,43,true,ready,0.0007920265197753906
3,44,true,ready,0.0007908344268798828
3,45,true,ready,0.0007917881011962891
3,46,true,ready,0.0007920265197753906
3,47,true,ready,0.0007920265197753906
3,48,true,ready,0.001332998275756836
3,49,true,ready,0.0007920265197753906
3,50,true,ready,0.0010828971862792969
3,51,true,ready,0.0007920265197753906
3,52,true,ready,0.0008327960968017578
3,53,true,ready,0.0007920265197753906
3,54,true,ready,0.0007910728454589844
3,55,true,ready,0.0007920265197753906
3,56,true,ready,0.0008330345153808594
3,57,true,ready,0.0007920265197753906
3,58,true,ready,0.0007920265197753906
3,59,true,ready,0.0007908344268798828
3,60,true,ready,0.0007920265197753906
3,61,true,ready,0.0007920265197753906
3,62,true,ready,0.0007910728454589844
3,63,true,ready,0.0007920265197753906
3,64,true,ready,0.0007500648498535156
3,65,true,ready,0.0007500648498535156
3,66,true,ready,0.0007910728454589844
3,67,true,ready,0.0007920265197753906
3,68,true,ready,0.0007920265197753906
3,69,true,ready,0.0014159679412841797
3,70,true,ready,0.0007920265197753906
3,71,true,ready,0.0007920265197753906
3,72,true,ready,0.0007910728454589844
3,73,true,ready,0.0007920265197753906
3,74,true,ready,0.0007920265197753906
3,75,true,ready,0.0007908344268798828
3,76,true,ready,0.0007920265197753906
3,77,true,ready,0.0007920265197753906
3,78,true,ready,0.0007500648498535156
3,79,true,ready,0.0007910728454589844
3,80,true,ready,0.0009169578552246094
3,81,true,ready,0.0007920265197753906
3,82,true,ready,0.0007917881011962891
3,83,true,ready,0.0007920265197753906
3,84,true,ready,0.0007910728454589844
3,85,true,ready,0.0007920265197753906
3,86,true,ready,0.0007920265197753906
3,87,true,ready,0.0007908344268798828
3,88,true,ready,0.0007917881011962891
3,89,true,ready,0.0007498264312744141
3,90,true,ready,0.0008330345153808594
3,91,true,ready,0.0007920265197753906
3,92,true,ready,0.0007920265197753906
3,93,true,ready,0.0007910728454589844
3,94,true,ready,0.0007500648498535156
3,95,true,ready,0.0007920265197753906
3,96,true,ready,0.0007920265197753906
3,97,true,ready,0.0008749961853027344
3,98,true,ready,0.0007910728454589844
3,99,true,ready,0.0007920265197753906
3,100,true,ready,0.0007920265197753906
3,101,true,ready,0.0007910728454589844
3,102,true,ready,0.0007920265197753906
3,103,true,ready,0.0007920265197753906
3,104,true,ready,0.0007908344268798828
3,105,true,ready,0.0007917881011962891
3,106,true,ready,0.0007920265197753906
3,107,true,ready,0.0009160041809082031
3,108,true,ready,0.0008749961853027344
3,109,true,ready,0.0007920265197753906
3,110,true,ready,0.0007920265197753906
3,111,true,ready,0.0008749961853027344
3,112,true,ready,0.0007910728454589844
3,113,true,ready,0.0009169578552246094
3,114,true,ready,0.0007498264312744141
3,115,true,ready,0.0007917881011962891
3,116,true,ready,0.0007908344268798828
3,117,true,ready,0.0007920265197753906
3,118,true,ready,0.0007920265197753906
3,119,true,ready,0.0007910728454589844
3,120,true,rally,0.060791969299316406
3,121,false,rally,0.06912493705749512
3,122,false,rally,0.0016658306121826172
3,123,false,rally,0.001374959945678711
3,124,false,rally,0.0012090206146240234
3,125,false,rally,0.0012087821960449219
3,126,false,rally,0.0011658668518066406
3,127,false,rally,0.0012090206146240234
3,128,false,rally,0.0012500286102294922
3,129,false,rally,0.001291036605834961
3,130,false,rally,0.0012500286102294922
3,131,false,rally,0.001332998275756836
3,132,false,rally,0.0012919902801513672
3,133,false,rally,0.0011670589447021484
3,134,false,rally,0.0012080669403076172
3,135,false,rally,0.0011661052703857422
3,136,false,rally,0.0012080669403076172
3,137,false,rally,0.0012090206146240234
3,138,false,rally,0.0011670589447021484
3,139,false,rally,0.0012078285217285156
3,140,false,rally,0.0012078285217285156
3,141,false,rally,0.0012090206146240234
3,142,false,rally,0.0012080669403076172
3,143,false,rally,0.00162506103515625
3,144,false,rally,0.0012500286102294922
3,145,false,rally,0.0012080669403076172
3,146,false,rally,0.0012090206146240234
3,147,false,rally,0.0011658668518066406
3,148,false,rally,0.0011670589447021484
3,149,false,rally,0.0011658668518066406
3,150,false,rally,0.0011670589447021484
3,151,false,rally,0.0011658668518066406
3,152,false,rally,0.0011668205261230469
3,153,false,rally,0.0011668205261230469
3,154,false,rally,0.0011668205261230469
3,155,false,rally,0.0011658668518066406
3,156,false,rally,0.0012090206146240234
3,157,false,rally,0.0011658668518066406
3,158,false,rally,0.0012090206146240234
3,159,false,rally,0.0012080669403076172
3,160,false,rally,0.0012080669403076172
3,161,false,rally,0.0011670589447021484
3,162,false,rally,0.0012080669403076172
3,163,false,rally,0.0011670589447021484
3,164,false,rally,0.0011661052703857422
3,165,false,rally,0.0011670589447021484
3,166,false,rally,0.0011250972747802734
3,167,false,rally,0.0011670589447021484
3,168,false,rally,0.004625082015991211
3,169,false,rally,0.0012500286102294922
3,170,false,point,0.024415969848632812
3,171,false,point,0.0010831356048583984
3,172,false,point,0.0007910728454589844
3,173,false,point,0.0007920265197753906
3,174,false,point,0.0010001659393310547
3,175,false,point,0.0007920265197753906
3,176,false,point,0.0007920265197753906
3,177,false,point,0.0008330345153808594
3,178,false,point,0.0007920265197753906
3,179,false,point,0.0007920265197753906
3,180,false,point,0.0008330345153808594
3,181,false,point,0.0007920265197753906
3,182,false,point,0.0007910728454589844
3,183,false,point,0.0008339881896972656
3,184,false,point,0.0008330345153808594
3,185,false,point,0.0007917881011962891
3,186,false,point,0.0008339881896972656
3,187,false,point,0.0007920265197753906
3,188,false,point,0.0007920265197753906
3,189,false,point,0.0009160041809082031
3,190,false,point,0.0008339881896972656
3,191,false,point,0.0008749961853027344
3,192,false,point,0.0008330345153808594
3,193,false,point,0.0007920265197753906
3,194,false,point,0.0012500286102294922
3,195,false,point,0.0008339881896972656
3,196,false,point,0.0007908344268798828
3,197,false,point,0.0008339881896972656
3,198,false,point,0.0007910728454589844
3,199,false,point,0.0007920265197753906
3,200,false,point,0.0008330345153808594
3,201,false,point,0.0008330345153808594
3,202,false,point,0.0007920265197753906
3,203,false,point,0.0007910728454589844
3,204,false,point,0.0007920265197753906
3,205,false,point,0.0007910728454589844
3,206,false,point,0.0007920265197753906
3,207,false,point,0.0007910728454589844
3,208,false,point,0.0007920265197753906
3,209,false,point,0.0007910728454589844
3,210,false,point,0.0007920265197753906
3,211,false,point,0.0007910728454589844
3,212,false,point,0.0007920265197753906
3,213,false,point,0.0008330345153808594
3,214,false,point,0.0007920265197753906
3,215,false,point,0.0007917881011962891
3,216,false,point,0.0007908344268798828
3,217,false,point,0.0007920265197753906
3,218,false,point,0.0008330345153808594
3,219,false,point,0.0008330345153808594
3,220,false,point,0.0007920265197753906
3,221,false,point,0.0007908344268798828
3,222,false,point,0.0007920265197753906
3,223,false,point,0.0008330345153808594
3,224,false,point,0.0007920265197753906
3,225,false,point,0.0008330345153808594
3,226,false,point,0.0007920265197753906
3,227,false,point,0.0008749961853027344
3,228,false,point,0.0008339881896972656
3,229,false,point,0.0007910728454589844
3,230,false,rally,0.0024170875549316406
3,231,false,rally,0.002000093460083008
3,232,false,rally,0.0012500286102294922
3,233,false,rally,0.0012078285217285156
3,234,false,rally,0.0011668205261230469
3,235,false,rally,0.0011658668518066406
3,236,false,rally,0.0011668205261230469
3,237,false,rally,0.0012090206146240234
3,238,false,rally,0.0012080669403076172
3,239,false,rally,0.0011670589447021484
3,240,false,rally,0.0012090206146240234
3,241,false,rally,0.0011661052703857422
3,242,false,rally,0.001332998275756836
3,243,false,rally,0.0012090206146240234
3,244,false,rally,0.0011670589447021484
3,245,false,rally,0.0012080669403076172
3,246,false,rally,0.0012080669403076172
3,247,false,rally,0.0011670589447021484
3,248,false,rally,0.0012090206146240234
3,249,false,rally,0.0011668205261230469
3,250,false,rally,0.0011658668518066406
3,251,false,rally,0.0011668205261230469
3,252,false,rally,0.0011668205261230469
3,253,false,rally,0.0012080669403076172
3,254,false,rally,0.0012080669403076172
3,255,false,rally,0.0012090206146240234
3,256,false,rally,0.0011670589447021484
3,257,false,rally,0.0012080669403076172
3,258,false,rally,0.0011670589447021484
3,259,false,rally,0.0011670589447021484
3,260,false,rally,0.0012080669403076172
3,261,false,rally,0.0012090206146240234
3,262,false,rally,0.0012078285217285156
3,263,false,rally,0.0012497901916503906
3,264,false,rally,0.0012500286102294922
3,265,false,rally,0.0011661052703857422
3,266,false,rally,0.008959054946899414
3,267,false,rally,0.0012080669403076172
3,268,false,rally,0.0011670589447021484
3,269,false,rally,0.0012090206146240234
3,270,false,rally,0.0012080669403076172
3,271,false,rally,0.0011658668518066406
3,272,false,rally,0.0013751983642578125
3,273,false,rally,0.0017919540405273438
3,274,false,rally,0.001374959945678711
3,275,false,rally,0.0011661052703857422
3,276,false,rally,0.0011670589447021484
3,277,false,rally,0.0011670589447021484
3,278,false,rally,0.0011250972747802734
3,279,false,rally,0.0011658668518066406
3,280,false,rally,0.0011670589447021484
3,281,false,point,0.0058748722076416016
3,282,false,point,0.0009169578552246094
3,283,false,point,0.0007910728454589844
3,284,false,point,0.0007920265197753906
3,285,false,point,0.0007917881011962891
3,286,false,point,0.0007498264312744141
3,287,false,point,0.0007500648498535156
3,288,false,point,0.0007500648498535156
3,289,false,point,0.0007500648498535156
3,290,false,point,0.0007500648498535156
3,291,false,point,0.0007500648498535156
3,292,false,point,0.0007500648498535156
3,293,false,point,0.0007920265197753906
3,294,false,point,0.0007500648498535156
3,295,false,point,0.0007910728454589844
3,296,false,point,0.0007500648498535156
3,297,false,point,0.0007498264312744141
3,298,false,point,0.0007498264312744141
3,299,false,point,0.0007498264312744141
3,300,false,point,0.0007920265197753906
3,301,false,point,0.0007500648498535156
3,302,false,point,0.0007920265197753906
3,303,false,point,0.005875110626220703
3,304,false,point,0.0007920265197753906
3,305,false,point,0.0007910728454589844
3,306,false,point,0.0007500648498535156
3,307,false,point,0.0007500648498535156
3,308,false,point,0.0007500648498535156
3,309,false,point,0.0007908344268798828
3,310,false,point,0.0007917881011962891
3,311,false,point,0.0007920265197753906
3,312,false,point,0.0007500648498535156
3,313,false,point,0.0007910728454589844
3,314,false,point,0.0007920265197753906
3,315,false,point,0.0007500648498535156
3,316,false,point,0.0007500648498535156
3,317,false,point,0.0007910728454589844
3,318,false,point,0.0007500648498535156
3,319,false,point,0.0007500648498535156
3,320,false,point,0.0007500648498535156
3,321,false,point,0.0007500648498535156
3,322,false,point,0.0007498264312744141
3,323,false,point,0.0007498264312744141
3,324,false,point,0.0007498264312744141
3,325,false,point,0.0007498264312744141
3,326,false,point,0.0007500648498535156
3,327,false,point,0.0007500648498535156
3,328,false,point,0.0007500648498535156
3,329,false,point,0.0007910728454589844
3,330,false,point,0.0007500648498535156
3,331,false,point,0.0007920265197753906
3,332,false,point,0.0007500648498535156
3,333,false,point,0.0007081031799316406
3,334,false,point,0.0007500648498535156
3,335,false,point,0.0007500648498535156
3,336,false,point,0.0007500648498535156
3,337,false,point,0.0007500648498535156
3,338,false,point,0.0007500648498535156
3,339,false,point,0.0007500648498535156
3,340,false,point,0.0007498264312744141
3,341,false,rally,0.0014998912811279297
3,342,false,rally,0.001667022705078125
3,343,false,rally,0.0012078285217285156
3,344,false,rally,0.0012078285217285156
3,345,false,rally,0.0012090206146240234
3,346,false,rally,0.0011658668518066406
3,347,false,rally,0.0011668205261230469
3,348,false,rally,0.001416921615600586
3,349,false,rally,0.0011250972747802734
3,350,false,rally,0.0011250972747802734
3,351,false,rally,0.0011250972747802734
3,352,false,rally,0.0011670589447021484
3,353,false,rally,0.0011661052703857422
3,354,false,rally,0.0011250972747802734
3,355,false,rally,0.0011670589447021484
3,356,false,rally,0.0011670589447021484
3,357,false,rally,0.0011661052703857422
3,358,false,rally,0.0011670589447021484
3,359,false,rally,0.0011661052703857422
3,360,false,rally,0.0011670589447021484
3,361,false,rally,0.0011670589447021484
3,362,false,rally,0.0011248588562011719
3,363,false,rally,0.002708911895751953
3,364,false,rally,0.0012080669403076172
3,365,false,rally,0.0011250972747802734
3,366,false,rally,0.0012500286102294922
3,367,false,rally,0.0011248588562011719
3,368,false,rally,0.0011250972747802734
3,369,false,rally,0.0011248588562011719
3,370,false,rally,0.0011670589447021484
3,371,false,rally,0.0011250972747802734
3,372,false,rally,0.0011250972747802734
3,373,false,rally,0.0011670589447021484
3,374,false,rally,0.0011250972747802734
3,375,false,rally,0.0011670589447021484
3,376,false,rally,0.0011661052703857422
3,377,false,rally,0.0011670589447021484
3,378,false,rally,0.0017499923706054688
3,379,false,rally,0.0011661052703857422
3,380,false,rally,0.0011250972747802734
3,381,false,rally,0.0012500286102294922
3,382,false,rally,0.0011670589447021484
3,383,false,rally,0.0012080669403076172
3,384,false,rally,0.0012080669403076172
3,385,false,rally,0.0011670589447021484
3,386,false,rally,0.005625009536743164
3,387,false,rally,0.001374959945678711
3,388,false,rally,0.0012090206146240234
3,389,false,rally,0.0011248588562011719
3,390,false,rally,0.0023751258850097656
3,391,false,rally,0.0012090206146240234
3,392,false,rally,0.001875162124633789
3,393,false,rally,0.0011661052703857422
3,394,false,rally,0.0012090206146240234
3,395,false,rally,0.0012080669403076172
3,396,false,rally,0.0011670589447021484
3,397,false,rally,0.0011661052703857422
3,398,false,rally,0.0010831356048583984
3,399,false,rally,0.0011670589447021484
3,400,false,rally,0.0011670589447021484
3,401,false,rally,0.0011661052703857422
3,402,false,rally,0.0011670589447021484
3,403,false,rally,0.0012080669403076172
3,404,false,rally,0.0011670589447021484
3,405,false,rally,0.0011670589447021484
3,406,false,rally,0.0011661052703857422
3,407,false,rally,0.0011250972747802734
3,408,false,rally,0.0011250972747802734
3,409,false,rally,0.0011670589447021484
3,410,false,rally,0.0011670589447021484
3,411,false,rally,0.0011670589447021484
3,412,false,rally,0.001667022705078125
3,413,false,rally,0.0012080669403076172
3,414,false,rally,0.0011670589447021484
3,415,false,rally,0.0011661052703857422
3,416,false,rally,0.0011250972747802734
3,417,false,rally,0.0011250972747802734
3,418,false,rally,0.0011670589447021484
3,419,false,rally,0.0011250972747802734
3,420,false,rally,0.0011670589447021484
3,421,false,rally,0.0012080669403076172
3,422,false,rally,0.0011670589447021484
3,423,false,rally,0.0011658668518066406
3,424,false,rally,0.0011670589447021484
3,425,false,rally,0.0011670589447021484
3,426,false,rally,0.0011250972747802734
3,427,false,rally,0.0011670589447021484
3,428,false,rally,0.0011670589447021484
3,429,false,rally,0.0011661052703857422
3,430,false,rally,0.0011670589447021484
3,431,false,rally,0.0011670589447021484
3,432,false,rally,0.0011661052703857422
3,433,false,rally,0.0011670589447021484
3,434,false,rally,0.0011661052703857422
3,435,false,rally,0.0011250972747802734
3,436,false,rally,0.0011250972747802734
3,437,false,rally,0.0011661052703857422
3,438,false,rally,0.0011670589447021484
3,439,false,rally,0.0011670589447021484
3,440,false,rally,0.0014159679412841797
3,441,false,rally,0.0011250972747802734
3,442,false,rally,0.0011250972747802734
3,443,false,rally,0.001332998275756836
3,444,false,rally,0.0011250972747802734
3,445,false,rally,0.0011661052703857422
3,446,false,rally,0.0012090206146240234
3,447,false,rally,0.0011661052703857422
3,448,false,rally,0.0011670589447021484
3,449,false,rally,0.0011661052703857422
3,450,false,rally,0.0012500286102294922
3,451,false,rally,0.0012090206146240234
3,452,false,rally,0.0011668205261230469
3,453,false,rally,0.0012078285217285156
3,454,false,rally,0.0011668205261230469
3,455,false,rally,0.0011668205261230469
3,456,false,rally,0.0011658668518066406
3,457,false,rally,0.0011248588562011719
3,458,false,rally,0.0011668205261230469
3,459,false,rally,0.0011248588562011719
3,460,false,rally,0.0011248588562011719
3,461,false,rally,0.0011250972747802734
3,462,false,rally,0.0010831356048583984
3,463,false,rally,0.0010831356048583984
3,464,false,rally,0.0011250972747802734
3,465,false,rally,0.0012080669403076172
3,466,false,rally,0.0011670589447021484
3,467,false,rally,0.0011250972747802734
3,468,false,rally,0.0010831356048583984
3,469,false,rally,0.0011250972747802734
3,470,false,rally,0.0010831356048583984
3,471,false,rally,0.0010828971862792969
3,472,false,rally,0.0011248588562011719
3,473,false,rally,0.0011248588562011719
3,474,false,rally,0.0011248588562011719
3,475,false,rally,0.0011658668518066406
3,476,false,rally,0.0011670589447021484
3,477,false,rally,0.0011248588562011719
3,478,false,rally,0.0011670589447021484
3,479,false,rally,0.0011250972747802734
3,480,false,rally,0.0011250972747802734
3,481,false,rally,0.0011250972747802734
3,482,false,rally,0.0012500286102294922
3,483,false,point,0.004208087921142578
3,484,false,point,0.0008339881896972656
3,485,false,point,0.0007920265197753906
3,486,false,point,0.0007910728454589844
3,487,false,point,0.0008339881896972656
3,488,false,point,0.0007910728454589844
3,489,false,point,0.0007920265197753906
3,490,false,point,0.0007908344268798828
3,491,false,point,0.0007078647613525391
3,492,false,point,0.0007498264312744141
3,493,false,point,0.0007500648498535156
3,494,false,point,0.0007500648498535156
3,495,false,point,0.0007500648498535156
3,496,false,point,0.0007920265197753906
3,497,false,point,0.0007500648498535156
3,498,false,point,0.0007498264312744141
3,499,false,point,0.0007908344268798828
3,500,false,point,0.0007917881011962891
3,501,false,point,0.0007498264312744141
3,502,false,point,0.0007500648498535156
3,503,false,point,0.0007500648498535156
3,504,false,point,0.0007500648498535156
3,505,false,point,0.0007500648498535156
3,506,false,point,0.0007920265197753906
3,507,false,point,0.0007500648498535156
3,508,false,point,0.0007500648498535156
3,509,false,point,0.0007920265197753906
3,510,false,point,0.0008330345153808594
3,511,false,point,0.0007920265197753906
3,512,false,point,0.0007500648498535156
3,513,false,point,0.0007500648498535156
3,514,false,point,0.0007500648498535156
3,515,false,point,0.0007500648498535156
3,516,false,point,0.0007500648498535156
3,517,false,point,0.0007500648498535156
3,518,false,point,0.0007920265197753906
3,519,false,point,0.0007500648498535156
3,520,false,point,0.0007500648498535156
3,521,false,point,0.0007500648498535156
3,522,false,point,0.0007498264312744141
3,523,false,point,0.0007917881011962891
3,524,false,point,0.0010418891906738281
3,525,false,point,0.0007498264312744141
3,526,false,point,0.0007498264312744141
3,527,false,point,0.0008327960968017578
3,528,false,point,0.0007500648498535156
3,529,false,point,0.0007500648498535156
3,530,false,point,0.0007500648498535156
3,531,false,point,0.0007500648498535156
3,532,false,point,0.0007920265197753906
3,533,false,point,0.0007920265197753906
3,534,false,point,0.0007500648498535156
3,535,false,point,0.0007500648498535156
3,536,false,point,0.0007910728454589844
3,537,false,point,0.0007500648498535156
3,538,false,point,0.0007500648498535156
3,539,false,point,0.0007498264312744141
3,540,false,point,0.0008327960968017578
3,541,false,point,0.0008339881896972656
3,542,false,point,0.0007910728454589844
3,543,false,rally,0.0013339519500732422
3,544,false,rally,0.001374959945678711
3,545,false,rally,0.0011661052703857422
3,546,false,rally,0.0011670589447021484
3,547,false,rally,0.0011670589447021484
3,548,false,rally,0.0011248588562011719
3,549,false,rally,0.0011248588562011719
3,550,false,rally,0.0011248588562011719
3,551,false,rally,0.0011250972747802734
3,552,false,rally,0.0010828971862792969
3,553,false,rally,0.0011670589447021484
3,554,false,rally,0.0011250972747802734
3,555,false,rally,0.0011250972747802734
3,556,false,rally,0.0012500286102294922
3,557,false,rally,0.0011250972747802734
3,558,false,rally,0.0011250972747802734
3,559,false,rally,0.0011250972747802734
3,560,false,rally,0.0011250972747802734
3,561,false,rally,0.002374887466430664
3,562,false,rally,0.0012500286102294922
3,563,false,rally,0.0011248588562011719
3,564,false,rally,0.0011248588562011719
3,565,false,rally,0.0011248588562011719
3,566,false,rally,0.0011250972747802734
3,567,false,rally,0.0011670589447021484
3,568,false,rally,0.0011658668518066406
3,569,false,rally,0.0011670589447021484
3,570,false,rally,0.0012080669403076172
3,571,false,rally,0.0011670589447021484
3,572,false,rally,0.0011248588562011719
3,573,false,rally,0.0011670589447021484
3,574,false,rally,0.0011248588562011719
3,575,false,rally,0.0011661052703857422
3,576,false,rally,0.0011250972747802734
3,577,false,rally,0.0011670589447021484
3,578,false,rally,0.0011670589447021484
3,579,false,rally,0.0012090206146240234
3,580,false,rally,0.0011661052703857422
3,581,false,rally,0.0012090206146240234
3,582,false,rally,0.0012080669403076172
3,583,false,rally,0.0012080669403076172
3,584,false,rally,0.0025000572204589844
3,585,false,rally,0.02358412742614746
3,586,false,rally,0.0021669864654541016
3,587,false,rally,0.0015001296997070312
3,588,false,rally,0.0015001296997070312
3,589,false,rally,0.0015001296997070312
3,590,false,rally,0.0014579296112060547
3,591,false,rally,0.001416921615600586
3,592,false,rally,0.003999948501586914
3,593,false,rally,0.001332998275756836
3,594,false,rally,0.0012078285217285156
3,595,false,rally,0.0012090206146240234
3,596,false,rally,0.0011658668518066406
3,597,false,rally,0.0011670589447021484
3,598,false,rally,0.0011250972747802734
3,599,false,rally,0.0011250972747802734
3,600,false,rally,0.0012080669403076172
3,601,false,rally,0.0012080669403076172
3,602,false,rally,0.0012090206146240234
3,603,false,rally,0.0011670589447021484
3,604,false,rally,0.0011661052703857422
3,605,false,rally,0.0011670589447021484
3,606,false,rally,0.0011670589447021484
3,607,false,rally,0.001332998275756836
3,608,false,rally,0.0011670589447021484
3,609,false,rally,0.001374959945678711
3,610,false,rally,0.0011670589447021484
3,611,false,rally,0.0011670589447021484
3,612,false,rally,0.0011670589447021484
3,613,false,rally,0.0011670589447021484
3,614,false,rally,0.0011661052703857422
3,615,false,rally,0.0011250972747802734
3,616,false,rally,0.0011658668518066406
3,617,false,rally,0.0012090206146240234
3,618,false,rally,0.0011658668518066406
3,619,false,rally,0.0012497901916503906
3,620,false,rally,0.0011658668518066406
3,621,false,rally,0.001374959945678711
3,622,false,rally,0.0012500286102294922
3,623,false,rally,0.0012919902801513672
3,624,false,rally,0.0011658668518066406
3,625,false,rally,0.0014998912811279297
3,626,false,rally,0.0011668205261230469
3,627,false,rally,0.0011658668518066406
3,628,false,rally,0.0011668205261230469
3,629,false,rally,0.0011248588562011719
3,630,false,rally,0.0012087821960449219
3,631,false,rally,0.0012078285217285156
3,632,false,rally,0.0012078285217285156
3,633,false,rally,0.0012080669403076172
3,634,false,rally,0.0012500286102294922
3,635,false,rally,0.0012090206146240234
3,636,false,rally,0.0012078285217285156
3,637,false,rally,0.0011670589447021484
3,638,false,rally,0.0011670589447021484
3,639,false,rally,0.0012090206146240234
3,640,false,rally,0.0012080669403076172
3,641,false,rally,0.0011670589447021484
3,642,false,rally,0.0012080669403076172
3,643,false,rally,0.0011670589447021484
3,644,false,rally,0.0011670589447021484
3,645,false,rally,0.0011670589447021484
3,646,false,rally,0.0011670589447021484
3,647,false,rally,0.0011670589447021484
3,648,false,rally,0.0011250972747802734
3,649,false,rally,0.0011670589447021484
3,650,false,rally,0.0011250972747802734
3,651,false,rally,0.0011670589447021484
3,652,false,rally,0.0011670589447021484
3,653,false,rally,0.0011670589447021484
3,654,false,rally,0.14795804023742676
3,655,false,rally,0.002583026885986328
3,656,false,rally,0.0014162063598632812
3,657,false,rally,0.0012919902801513672
3,658,false,rally,0.0012500286102294922
3,659,false,rally,0.0011670589447021484
3,660,false,rally,0.0011658668518066406
3,661,false,rally,0.0012500286102294922
3,662,false,rally,0.0012080669403076172
3,663,false,rally,0.0012080669403076172
3,664,false,rally,0.0012090206146240234
3,665,false,rally,0.0011670589447021484
3,666,false,rally,0.0011661052703857422
3,667,false,rally,0.0011250972747802734
3,668,false,rally,0.004041194915771484
3,669,false,rally,0.0014581680297851562
3,670,false,rally,0.0012500286102294922
3,671,false,rally,0.0011661052703857422
3,672,false,rally,0.0011670589447021484
3,673,false,rally,0.0011661052703857422
3,674,false,rally,0.0011250972747802734
3,675,false,rally,0.0011670589447021484
3,676,false,rally,0.0011250972747802734
3,677,false,rally,0.0012090206146240234
3,678,false,rally,0.0011250972747802734
3,679,false,rally,0.0011250972747802734
3,680,false,rally,0.0011250972747802734
3,681,false,rally,0.0012080669403076172
3,682,false,rally,0.0011250972747802734
3,683,false,rally,0.0011250972747802734
3,684,false,rally,0.0011250972747802734
3,685,false,rally,0.0011250972747802734
3,686,false,rally,0.0011250972747802734
3,687,false,rally,0.0011250972747802734
3,688,false,rally,0.0011661052703857422
3,689,false,rally,0.0011670589447021484
3,690,false,rally,0.0017080307006835938
3,691,false,rally,0.001332998275756836
3,692,false,rally,0.0011248588562011719
3,693,false,rally,0.0011668205261230469
3,694,false,rally,0.0011248588562011719
3,695,false,rally,0.0011248588562011719
3,696,false,rally,0.0011248588562011719
3,697,false,rally,0.0011670589447021484
3,698,false,rally,0.0011658668518066406
3,699,false,rally,0.0011670589447021484
3,700,false,rally,0.0012080669403076172
3,701,false,rally,0.0011670589447021484
3,702,false,rally,0.0011248588562011719
3,703,false,rally,0.0011661052703857422
3,704,false,rally,0.0011670589447021484
3,705,false,rally,0.0011250972747802734
3,706,false,rally,0.0011250972747802734
3,707,false,rally,0.0011250972747802734
3,708,false,rally,0.0012090206146240234
3,709,false,rally,0.0011250972747802734
3,710,false,rally,0.0011250972747802734
3,711,false,rally,0.0011250972747802734
3,712,false,rally,0.0010831356048583984
3,713,false,point,0.004125118255615234
3,714,false,point,0.001332998275756836
3,715,false,point,0.0008327960968017578
3,716,false,point,0.0007920265197753906
3,717,false,point,0.0007920265197753906
3,718,false,point,0.0007910728454589844
3,719,false,point,0.0007920265197753906
3,720,false,point,0.0008330345153808594
3,721,false,point,0.0007500648498535156
3,722,false,point,0.0007908344268798828
3,723,false,point,0.0007500648498535156
3,724,false,point,0.0007500648498535156
3,725,false,point,0.0008339881896972656
3,726,false,point,0.0007910728454589844
3,727,false,point,0.0007920265197753906
3,728,false,point,0.0007920265197753906
3,729,false,point,0.0007917881011962891
3,730,false,point,0.0007920265197753906
3,731,false,point,0.0007910728454589844
3,732,false,point,0.0007920265197753906
3,733,false,point,0.0007920265197753906
3,734,false,point,0.0007910728454589844
3,735,false,point,0.0007920265197753906
3,736,false,point,0.0007500648498535156
3,737,false,point,0.0007498264312744141
3,738,false,point,0.0007498264312744141
3,739,false,point,0.0007500648498535156
3,740,false,point,0.0007910728454589844
3,741,false,point,0.0007500648498535156
3,742,false,point,0.0007500648498535156
3,743,false,point,0.0007500648498535156
3,744,false,point,0.0007500648498535156
3,745,false,point,0.0007920265197753906
3,746,false,point,0.0007908344268798828
3,747,false,point,0.0007920265197753906
3,748,false,point,0.0007920265197753906
3,749,false,point,0.0007910728454589844
3,750,false,point,0.0007920265197753906
3,751,false,point,0.0007920265197753906
3,752,false,point,0.0007910728454589844
3,753,false,point,0.0008749961853027344
3,754,false,point,0.0007498264312744141
3,755,false,point,0.0007498264312744141
3,756,false,point,0.0007500648498535156
3,757,false,point,0.0007500648498535156
3,758,false,point,0.0007920265197753906
3,759,false,point,0.0008330345153808594
3,760,false,point,0.0008330345153808594
3,761,false,point,0.0007917881011962891
3,762,false,point,0.0007920265197753906
3,763,false,point,0.0007910728454589844
3,764,false,point,0.0007920265197753906
3,765,false,point,0.0007920265197753906
3,766,false,point,0.0007910728454589844
3,767,false,point,0.0007920265197753906
3,768,false,point,0.0007920265197753906
3,769,false,point,0.0007908344268798828
3,770,false,point,0.0007917881011962891
3,771,false,point,0.0007910728454589844
3,772,false,point,0.0007920265197753906
3,773,false,rally,0.002707958221435547
3,774,false,rally,0.0014998912811279297
3,775,false,rally,0.0012078285217285156
3,776,false,rally,0.0012078285217285156
3,777,false,rally,0.0011670589447021484
3,778,false,rally,0.0011670589447021484
3,779,false,rally,0.0011661052703857422
3,780,false,rally,0.0011670589447021484
3,781,false,rally,0.0011670589447021484
3,782,false,rally,0.0011658668518066406
3,783,false,rally,0.0011670589447021484
3,784,false,rally,0.0011250972747802734
3,785,false,rally,0.0011250972747802734
3,786,false,rally,0.0011661052703857422
3,787,false,rally,0.0011670589447021484
3,788,false,rally,0.0011661052703857422
3,789,false,rally,0.0011670589447021484
3,790,false,rally,0.0011670589447021484
3,791,false,rally,0.0011670589447021484
3,792,false,rally,0.0012080669403076172
3,793,false,rally,0.0011670589447021484
3,794,false,rally,0.0011250972747802734
3,795,false,rally,0.0012500286102294922
3,796,false,rally,0.0011661052703857422
3,797,false,rally,0.0011670589447021484
3,798,false,rally,0.0011670589447021484
3,799,false,rally,0.0011670589447021484
3,800,false,rally,0.0011670589447021484
3,801,false,rally,0.0011661052703857422
3,802,false,rally,0.0011670589447021484
3,803,false,rally,0.0011661052703857422
3,804,false,rally,0.0011670589447021484
3,805,false,rally,0.00162506103515625
3,806,false,rally,0.0011670589447021484
3,807,false,rally,0.0011661052703857422
3,808,false,rally,0.0011670589447021484
3,809,false,rally,0.0011670589447021484
3,810,false,rally,0.0012080669403076172
3,811,false,rally,0.0011670589447021484
3,812,false,rally,0.0011670589447021484
3,813,false,rally,0.0011250972747802734
3,814,false,rally,0.0011670589447021484
3,815,false,rally,0.0011661052703857422
3,816,false,rally,0.0011250972747802734
3,817,false,rally,0.0011670589447021484
3,818,false,rally,0.0011250972747802734
3,819,false,rally,0.0011670589447021484
3,820,false,rally,0.0012919902801513672
3,821,false,rally,0.0011248588562011719
3,822,false,rally,0.0011248588562011719
3,823,false,rally,0.0011658668518066406
3,824,false,rally,0.0011670589447021484
3,825,false,point,0.0021250247955322266
3,826,false,point,0.0008749961853027344
3,827,false,point,0.0007920265197753906
3,828,false,point,0.0007920265197753906
3,829,false,point,0.0007500648498535156
3,830,false,point,0.0007920265197753906
3,831,false,point,0.0007908344268798828
3,832,false,point,0.0007500648498535156
3,833,false,point,0.0007500648498535156
3,834,false,point,0.0013339519500732422
3,835,false,point,0.0008339881896972656
3,836,false,point,0.0007500648498535156
3,837,false,point,0.001332998275756836
3,838,false,point,0.0008339881896972656
3,839,false,point,0.0011248588562011719
3,840,false,point,0.0007920265197753906
4,1,true,ready,0.23462510108947754
4,2,true,ready,0.001875162124633789
4,3,true,ready,0.001374959945678711
4,4,true,ready,0.0007920265197753906
4,5,true,ready,0.0007500648498535156
4,6,true,ready,0.0007500648498535156
4,7,true,ready,0.0007500648498535156
4,8,true,ready,0.0007500648498535156
4,9,true,ready,0.0007498264312744141
4,10,true,ready,0.0007498264312744141
4,11,true,ready,0.0007500648498535156
4,12,true,ready,0.0007920265197753906
4,13,true,ready,0.0007500648498535156
4,14,true,ready,0.0007500648498535156
4,15,true,ready,0.0007500648498535156
4,16,true,ready,0.0007078647613525391
4,17,true,ready,0.0007498264312744141
4,18,true,ready,0.0007500648498535156
4,19,true,ready,0.0007498264312744141
4,20,true,ready,0.0009160041809082031
4,21,true,ready,0.0007908344268798828
4,22,true,ready,0.0007500648498535156
4,23,true,ready,0.0007500648498535156
4,24,true,ready,0.0007081031799316406
4,25,true,ready,0.0007500648498535156
4,26,true,ready,0.0007500648498535156
4,27,true,ready,0.0007498264312744141
4,28,true,ready,0.0007498264312744141
4,29,true,ready,0.0007500648498535156
4,30,true,ready,0.0007500648498535156
4,31,true,ready,0.0007500648498535156
4,32,true,ready,0.0007500648498535156
4,33,true,ready,0.0007498264312744141
4,34,true,ready,0.0007078647613525391
4,35,true,ready,0.0007500648498535156
4,36,true,ready,0.0007500648498535156
4,37,true,ready,0.0007500648498535156
4,38,true,ready,0.0008749961853027344
4,39,true,ready,0.0007500648498535156
4,40,true,ready,0.0007500648498535156
4,41,true,ready,0.0007500648498535156
4,42,true,ready,0.0007088184356689453
4,43,true,ready,0.0007498264312744141
4,44,true,ready,0.0007500648498535156
4,45,true,ready,0.0007500648498535156
4,46,true,ready,0.0007081031799316406
4,47,true,ready,0.0007500648498535156
4,48,true,ready,0.0007500648498535156
4,49,true,ready,0.0007498264312744141
4,50,true,ready,0.0007498264312744141
4,51,true,ready,0.0007500648498535156
4,52,true,ready,0.0007500648498535156
4,53,true,ready,0.0007500648498535156
4,54,true,ready,0.0007500648498535156
4,55,true,ready,0.0007500648498535156
4,56,true,ready,0.0007498264312744141
4,57,true,ready,0.0007500648498535156
4,58,true,ready,0.0007500648498535156
4,59,true,ready,0.0007081031799316406
4,60,true,ready,0.0007500648498535156
4,61,true,ready,0.0008339881896972656
4,62,true,ready,0.0007500648498535156
4,63,true,ready,0.0007500648498535156
4,64,true,ready,0.0007498264312744141
4,65,true,ready,0.0007498264312744141
4,66,true,ready,0.0007500648498535156
4,67,true,ready,0.0007500648498535156
4,68,true,ready,0.0007500648498535156
4,69,true,ready,0.0007500648498535156
4,70,true,ready,0.0007090568542480469
4,71,true,ready,0.0007081031799316406
4,72,true,ready,0.0007081031799316406
4,73,true,ready,0.0007498264312744141
4,74,true,ready,0.0007498264312744141
4,75,true,ready,0.0007500648498535156
4,76,true,ready,0.0007500648498535156
4,77,true,ready,0.0007500648498535156
4,78,true,ready,0.0007500648498535156
4,79,true,ready,0.0007500648498535156
4,80,true,ready,0.0007498264312744141
4,81,true,ready,0.0007498264312744141
4,82,true,ready,0.0007500648498535156
4,83,true,ready,0.0007500648498535156
4,84,true,ready,0.0007081031799316406
4,85,true,ready,0.0007090568542480469
4,86,true,ready,0.0007500648498535156
4,87,true,ready,0.0007498264312744141
4,88,true,ready,0.0007917881011962891
4,89,true,ready,0.0008749961853027344
4,90,true,ready,0.0007917881011962891
4,91,true,ready,0.0007500648498535156
4,92,true,ready,0.0007500648498535156
4,93,true,ready,0.0007500648498535156
4,94,true,ready,0.0007500648498535156
4,95,true,ready,0.0007500648498535156
4,96,true,ready,0.0007498264312744141
4,97,true,ready,0.0007498264312744141
4,98,true,ready,0.0007500648498535156
4,99,true,ready,0.0007081031799316406
4,100,true,ready,0.0007081031799316406
4,101,true,ready,0.0007920265197753906
4,102,true,ready,0.0007500648498535156
4,103,true,ready,0.0007498264312744141
4,104,true,ready,0.0007078647613525391
4,105,true,ready,0.0007500648498535156
4,106,true,ready,0.0007500648498535156
4,107,true,ready,0.0020411014556884766
4,108,true,ready,0.0007500648498535156
4,109,true,ready,0.0007498264312744141
4,110,true,ready,0.0007498264312744141
4,111,true,ready,0.0007920265197753906
4,112,true,ready,0.0007500648498535156
4,113,true,ready,0.0007500648498535156
4,114,true,ready,0.0007910728454589844
4,115,true,ready,0.0007500648498535156
4,116,true,ready,0.0007500648498535156
4,117,true,ready,0.0007500648498535156
4,118,true,ready,0.001291036605834961
4,119,true,ready,0.0007500648498535156
4,120,true,rally,0.09662508964538574
4,121,false,rally,0.41920900344848633
4,122,false,rally,0.0014998912811279297
4,123,false,rally,0.0008749961853027344
4,124,false,rally,0.0008339881896972656
4,125,false,rally,0.0008339881896972656
4,126,false,rally,0.0007917881011962891
4,127,false,rally,0.0007917881011962891
4,128,false,rally,0.0008327960968017578
4,129,false,rally,0.0008749961853027344
4,130,false,rally,0.0008749961853027344
4,131,false,rally,0.0008330345153808594
4,132,false,rally,0.0007910728454589844
4,133,false,rally,0.0007910728454589844
4,134,false,rally,0.0008330345153808594
4,135,false,rally,0.0007910728454589844
4,136,false,rally,0.0007910728454589844
4,137,false,rally,0.0007910728454589844
4,138,false,rally,0.0009160041809082031
4,139,false,rally,0.0008330345153808594
4,140,false,rally,0.0008330345153808594
4,141,false,rally,0.0008330345153808594
4,142,false,rally,0.0007908344268798828
4,143,false,rally,0.002040863037109375
4,144,false,rally,0.0009582042694091797
4,145,false,rally,0.0007920265197753906
4,146,false,rally,0.0008330345153808594
4,147,false,rally,0.0007920265197753906
4,148,false,rally,0.0008339881896972656
4,149,false,rally,0.0007920265197753906
4,150,false,rally,0.0007920265197753906
4,151,false,rally,0.0009999275207519531
4,152,false,rally,0.0008339881896972656
4,153,false,rally,0.0008339881896972656
4,154,false,rally,0.0007920265197753906
4,155,false,rally,0.0007920265197753906
4,156,false,rally,0.0008749961853027344
4,157,false,rally,0.0008339881896972656
4,158,false,rally,0.0007917881011962891
4,159,false,rally,0.0008339881896972656
4,160,false,rally,0.0007920265197753906
4,161,false,rally,0.0008330345153808594
4,162,false,rally,0.0019578933715820312
4,163,false,rally,0.0008327960968017578
4,164,false,rally,0.0008327960968017578
4,165,false,rally,0.0008327960968017578
4,166,false,rally,0.0008327960968017578
4,167,false,rally,0.0007908344268798828
4,168,false,rally,0.0007908344268798828
4,169,false,rally,0.0008330345153808594
4,170,false,point,0.02570819854736328
4,171,false,point,0.0010001659393310547
4,172,false,point,0.0007500648498535156
4,173,false,point,0.0007500648498535156
4,174,false,point,0.0007498264312744141
4,175,false,point,0.0007498264312744141
4,176,false,point,0.0007500648498535156
4,177,false,point,0.0007500648498535156
4,178,false,point,0.0007500648498535156
4,179,false,point,0.0007500648498535156
4,180,false,point,0.0007500648498535156
4,181,false,point,0.0007498264312744141
4,182,false,point,0.0007498264312744141
4,183,false,point,0.0007500648498535156
4,184,false,point,0.0007500648498535156
4,185,false,point,0.0007500648498535156
4,186,false,point,0.0007500648498535156
4,187,false,point,0.0007500648498535156
4,188,false,point,0.0007500648498535156
4,189,false,point,0.0007078647613525391
4,190,false,point,0.0007498264312744141
4,191,false,point,0.0007500648498535156
4,192,false,point,0.0007500648498535156
4,193,false,point,0.0007500648498535156
4,194,false,point,0.0007500648498535156
4,195,false,point,0.0007920265197753906
4,196,false,point,0.0007500648498535156
4,197,false,point,0.0007500648498535156
4,198,false,point,0.0007498264312744141
4,199,false,point,0.0007500648498535156
4,200,false,point,0.0007500648498535156
4,201,false,point,0.0007500648498535156
4,202,false,point,0.0007500648498535156
4,203,false,point,0.0007498264312744141
4,204,false,point,0.0007498264312744141
4,205,false,point,0.0007500648498535156
4,206,false,point,0.0007500648498535156
4,207,false,point,0.0007500648498535156
4,208,false,point,0.0007081031799316406
4,209,false,point,0.0007500648498535156
4,210,false,point,0.0007498264312744141
4,211,false,point,0.0007498264312744141
4,212,false,point,0.0007920265197753906
4,213,false,point,0.0007500648498535156
4,214,false,point,0.0007500648498535156
4,215,false,point,0.0007500648498535156
4,216,false,point,0.0007081031799316406
4,217,false,point,0.0007500648498535156
4,218,false,point,0.0007498264312744141
4,219,false,point,0.0007498264312744141
4,220,false,point,0.0007498264312744141
4,221,false,point,0.0007500648498535156
4,222,false,point,0.0007500648498535156
4,223,false,point,0.0007920265197753906
4,224,false,point,0.0007500648498535156
4,225,false,point,0.0007500648498535156
4,226,false,point,0.0007500648498535156
4,227,false,point,0.0007500648498535156
4,228,false,point,0.0007498264312744141
4,229,false,point,0.0007500648498535156
4,230,false,rally,0.002583026885986328
4,231,false,rally,0.08116722106933594
4,232,false,rally,0.0011668205261230469
4,233,false,rally,0.0008749961853027344
4,234,false,rally,0.0009579658508300781
4,235,false,rally,0.0008330345153808594
4,236,false,rally,0.0008330345153808594
4,237,false,rally,0.0007920265197753906
4,238,false,rally,0.0007920265197753906
4,239,false,rally,0.0007920265197753906
4,240,false,rally,0.0008749961853027344
4,241,false,rally,0.0008330345153808594
4,242,false,rally,0.0008749961853027344
4,243,false,rally,0.0008330345153808594
4,244,false,rally,0.0007920265197753906
4,245,false,rally,0.0007920265197753906
4,246,false,rally,0.0009589195251464844
4,247,false,rally,0.002624988555908203
4,248,false,rally,0.0009999275207519531
4,249,false,rally,0.0007920265197753906
4,250,false,rally,0.0007920265197753906
4,251,false,rally,0.0008330345153808594
4,252,false,rally,0.0008749961853027344
4,253,false,rally,0.0008339881896972656
4,254,false,rally,0.0007920265197753906
4,255,false,rally,0.0007920265197753906
4,256,false,rally,0.0009589195251464844
4,257,false,rally,0.0011670589447021484
4,258,false,rally,0.0010001659393310547
4,259,false,rally,0.0009999275207519531
4,260,false,rally,0.0010001659393310547
4,261,false,rally,0.0010418891906738281
4,262,false,rally,0.0010001659393310547
4,263,false,rally,0.0011248588562011719
4,264,false,rally,0.0010421276092529297
4,265,false,rally,0.0009999275207519531
4,266,false,rally,0.01958298683166504
4,267,false,rally,0.0009169578552246094
4,268,false,rally,0.0008330345153808594
4,269,false,rally,0.0007920265197753906
4,270,false,rally,0.0008749961853027344
4,271,false,rally,0.0008749961853027344
4,272,false,rally,0.0008330345153808594
4,273,false,rally,0.0008339881896972656
4,274,false,rally,0.0008339881896972656
4,275,false,rally,0.0007920265197753906
4,276,false,rally,0.0009589195251464844
4,277,false,rally,0.0009999275207519531
4,278,false,rally,0.0009999275207519531
4,279,false,rally,0.0010409355163574219
4,280,false,rally,0.0010411739349365234
4,281,false,point,0.0031249523162841797
4,282,false,point,0.0010418891906738281
4,283,false,point,0.0009589195251464844
4,284,false,point,0.0009999275207519531
4,285,false,point,0.0009999275207519531
4,286,false,point,0.0009999275207519531
4,287,false,point,0.0010418891906738281
4,288,false,point,0.0009579658508300781
4,289,false,point,0.0009160041809082031
4,290,false,point,0.0014998912811279297
4,291,false,point,0.0007917881011962891
4,292,false,point,0.0007498264312744141
4,293,false,point,0.0007500648498535156
4,294,false,point,0.0007920265197753906
4,295,false,point,0.0008749961853027344
4,296,false,point,0.0007920265197753906
4,297,false,point,0.0008749961853027344
4,298,false,point,0.0007920265197753906
4,299,false,point,0.0007500648498535156
4,300,false,point,0.0007498264312744141
4,301,false,point,0.0007920265197753906
4,302,false,point,0.0007500648498535156
4,303,false,point,0.0007500648498535156
4,304,false,point,0.0007500648498535156
4,305,false,point,0.0008749961853027344
4,306,false,point,0.0008339881896972656
4,307,false,point,0.0007920265197753906
4,308,false,point,0.0007500648498535156
4,309,false,point,0.0007920265197753906
4,310,false,point,0.0009169578552246094
4,311,false,point,0.0007500648498535156
4,312,false,point,0.0007920265197753906
4,313,false,point,0.0007920265197753906
4,314,false,point,0.002583026885986328
4,315,false,point,0.0008330345153808594
4,316,false,point,0.0008749961853027344
4,317,false,point,0.0007500648498535156
4,318,false,point,0.0007500648498535156
4,319,false,point,0.0007500648498535156
4,320,false,point,0.0007498264312744141
4,321,false,point,0.0007498264312744141
4,322,false,point,0.0007500648498535156
4,323,false,point,0.0007920265197753906
4,324,false,point,0.0007500648498535156
4,325,false,point,0.0007500648498535156
4,326,false,point,0.0007498264312744141
4,327,false,point,0.0007498264312744141
4,328,false,point,0.0007920265197753906
4,329,false,point,0.0007500648498535156
4,330,false,point,0.0007500648498535156
4,331,false,point,0.0007910728454589844
4,332,false,point,0.0007500648498535156
4,333,false,point,0.0007500648498535156
4,334,false,point,0.0007500648498535156
4,335,false,point,0.0007498264312744141
4,336,false,point,0.0007917881011962891
4,337,false,point,0.0007500648498535156
4,338,false,point,0.0007500648498535156
4,339,false,point,0.0007500648498535156
4,340,false,point,0.0007500648498535156
4,341,false,rally,0.002042055130004883
4,342,false,rally,0.0009579658508300781
4,343,false,rally,0.0008749961853027344
4,344,false,rally,0.0008339881896972656
4,345,false,rally,0.0008330345153808594
4,346,false,rally,0.0008330345153808594
4,347,false,rally,0.0009582042694091797
4,348,false,rally,0.0009579658508300781
4,349,false,rally,0.0008330345153808594
4,350,false,rally,0.0008339881896972656
4,351,false,rally,0.0008339881896972656
4,352,false,rally,0.0008339881896972656
4,353,false,rally,0.0007920265197753906
4,354,false,rally,0.0007920265197753906
4,355,false,rally,0.0008330345153808594
4,356,false,rally,0.0008330345153808594
4,357,false,rally,0.0007910728454589844
4,358,false,rally,0.0007910728454589844
4,359,false,rally,0.0007910728454589844
4,360,false,rally,0.0008749961853027344
4,361,false,rally,0.0008330345153808594
4,362,false,rally,0.0008330345153808594
4,363,false,rally,0.0010001659393310547
4,364,false,rally,0.0008339881896972656
4,365,false,rally,0.0008339881896972656
4,366,false,rally,0.0008339881896972656
4,367,false,rally,0.0007920265197753906
4,368,false,rally,0.0007920265197753906
4,369,false,rally,0.0007920265197753906
4,370,false,rally,0.0007920265197753906
4,371,false,rally,0.0007910728454589844
4,372,false,rally,0.0007917881011962891
4,373,false,rally,0.0008327960968017578
4,374,false,rally,0.0009160041809082031
4,375,false,rally,0.0008330345153808594
4,376,false,rally,0.0007920265197753906
4,377,false,rally,0.0008339881896972656
4,378,false,rally,0.0008339881896972656
4,379,false,rally,0.0007920265197753906
4,380,false,rally,0.0008339881896972656
4,381,false,rally,0.0008339881896972656
4,382,false,rally,0.0007920265197753906
4,383,false,rally,0.0007920265197753906
4,384,false,rally,0.0007920265197753906
4,385,false,rally,0.0007920265197753906
4,386,false,rally,0.342041015625
4,387,false,rally,0.0014579296112060547
4,388,false,rally,0.0009579658508300781
4,389,false,rally,0.0008749961853027344
4,390,false,rally,0.0009171962738037109
4,391,false,rally,0.0009169578552246094
4,392,false,rally,0.0009579658508300781
4,393,false,rally,0.0008330345153808594
4,394,false,rally,0.0007920265197753906
4,395,false,rally,0.0007920265197753906
4,396,false,rally,0.0008330345153808594
4,397,false,rally,0.0008339881896972656
4,398,false,rally,0.0007920265197753906
4,399,false,rally,0.0008749961853027344
4,400,false,rally,0.0008749961853027344
4,401,false,rally,0.0008749961853027344
4,402,false,rally,0.0008749961853027344
4,403,false,rally,0.0008330345153808594
4,404,false,rally,0.0007920265197753906
4,405,false,rally,0.0008330345153808594
4,406,false,rally,0.0007920265197753906
4,407,false,rally,0.0008330345153808594
4,408,false,rally,0.0008330345153808594
4,409,false,rally,0.0008330345153808594
4,410,false,rally,0.0008330345153808594
4,411,false,rally,0.0008330345153808594
4,412,false,rally,0.0008330345153808594
4,413,false,rally,0.001374959945678711
4,414,false,rally,0.0007917881011962891
4,415,false,rally,0.0007917881011962891
4,416,false,rally,0.0007917881011962891
4,417,false,rally,0.0007920265197753906
4,418,false,rally,0.0007920265197753906
4,419,false,rally,0.0007920265197753906
4,420,false,rally,0.0007917881011962891
4,421,false,rally,0.0008339881896972656
4,422,false,rally,0.01087498664855957
4,423,false,rally,0.0008339881896972656
4,424,false,rally,0.0007920265197753906
4,425,false,rally,0.0007920265197753906
4,426,false,rally,0.0010001659393310547
4,427,false,rally,0.0009579658508300781
4,428,false,rally,0.0008330345153808594
4,429,false,rally,0.0008330345153808594
4,430,false,rally,0.0008330345153808594
4,431,false,rally,0.0008330345153808594
4,432,false,rally,0.0008330345153808594
4,433,false,rally,0.0008330345153808594
4,434,false,rally,0.0008330345153808594
4,435,false,rally,0.0007908344268798828
4,436,false,rally,0.0007908344268798828
4,437,false,rally,0.0008330345153808594
4,438,false,rally,0.0007920265197753906
4,439,false,rally,0.0007920265197753906
4,440,false,rally,0.0007920265197753906
4,441,false,rally,0.0007920265197753906
4,442,false,rally,0.0008339881896972656
4,443,false,rally,0.0008339881896972656
4,444,false,rally,0.0007920265197753906
4,445,false,rally,0.0007920265197753906
4,446,false,rally,0.0007920265197753906
4,447,false,rally,0.0008330345153808594
4,448,false,rally,0.0007910728454589844
4,449,false,rally,0.0007910728454589844
4,450,false,rally,0.0008330345153808594
4,451,false,rally,0.0008749961853027344
4,452,false,rally,0.0008342266082763672
4,453,false,rally,0.0007920265197753906
4,454,false,rally,0.0007920265197753906
4,455,false,rally,0.0007920265197753906
4,456,false,rally,0.0007920265197753906
4,457,false,rally,0.0008339881896972656
4,458,false,rally,0.0007920265197753906
4,459,false,rally,0.0007920265197753906
4,460,false,rally,0.0007920265197753906
4,461,false,rally,0.0007920265197753906
4,462,false,rally,0.0007920265197753906
4,463,false,rally,0.0007920265197753906
4,464,false,rally,0.0007920265197753906
4,465,false,rally,0.0007908344268798828
4,466,false,rally,0.0007908344268798828
4,467,false,rally,0.0007917881011962891
4,468,false,rally,0.0007920265197753906
4,469,false,rally,0.0008327960968017578
4,470,false,rally,0.0007910728454589844
4,471,false,rally,0.0007920265197753906
4,472,false,rally,0.0007920265197753906
4,473,false,rally,0.0007920265197753906
4,474,false,rally,0.0007920265197753906
4,475,false,rally,0.0008330345153808594
4,476,false,rally,0.0007920265197753906
4,477,false,rally,0.0007920265197753906
4,478,false,rally,0.0007917881011962891
4,479,false,rally,0.0007917881011962891
4,480,false,rally,0.0008327960968017578
4,481,false,rally,0.0008327960968017578
4,482,false,rally,0.0008327960968017578
4,483,false,point,0.002416849136352539
4,484,false,point,0.0008749961853027344
4,485,false,point,0.0007500648498535156
4,486,false,point,0.0007500648498535156
4,487,false,point,0.0007500648498535156
4,488,false,point,0.0007500648498535156
4,489,false,point,0.0007500648498535156
4,490,false,point,0.0007500648498535156
4,491,false,point,0.0007908344268798828
4,492,false,point,0.0007498264312744141
4,493,false,point,0.0007500648498535156
4,494,false,point,0.0007500648498535156
4,495,false,point,0.0007500648498535156
4,496,false,point,0.0007500648498535156
4,497,false,point,0.0007500648498535156
4,498,false,point,0.0007088184356689453
4,499,false,point,0.0007498264312744141
4,500,false,point,0.0007500648498535156
4,501,false,point,0.0007500648498535156
4,502,false,point,0.0007500648498535156
4,503,false,point,0.0007090568542480469
4,504,false,point,0.0007500648498535156
4,505,false,point,0.0007498264312744141
4,506,false,point,0.0007500648498535156
4,507,false,point,0.0007500648498535156
4,508,false,point,0.0007090568542480469
4,509,false,point,0.0007500648498535156
4,510,false,point,0.0007500648498535156
4,511,false,point,0.0007498264312744141
4,512,false,point,0.0007500648498535156
4,513,false,point,0.0007090568542480469
4,514,false,point,0.0007500648498535156
4,515,false,point,0.0007500648498535156
4,516,false,point,0.0007500648498535156
4,517,false,point,0.0007920265197753906
4,518,false,point,0.0008339881896972656
4,519,false,point,0.0008749961853027344
4,520,false,point,0.0007920265197753906
4,521,false,point,0.0007498264312744141
4,522,false,point,0.0007920265197753906
4,523,false,point,0.0007078647613525391
4,524,false,point,0.0007500648498535156
4,525,false,point,0.0007500648498535156
4,526,false,point,0.0007081031799316406
4,527,false,point,0.0007090568542480469
4,528,false,point,0.0007498264312744141
4,529,false,point,0.0007498264312744141
4,530,false,point,0.0007500648498535156
4,531,false,point,0.0007500648498535156
4,532,false,point,0.0007078647613525391
4,533,false,point,0.0007078647613525391
4,534,false,point,0.0007500648498535156
4,535,false,point,0.0007500648498535156
4,536,false,point,0.0007500648498535156
4,537,false,point,0.0007500648498535156
4,538,false,point,0.0007498264312744141
4,539,false,point,0.0007088184356689453
4,540,false,point,0.0007500648498535156
4,541,false,point,0.0007920265197753906
4,542,false,point,0.0007910728454589844
4,543,false,rally,0.00162506103515625
4,544,false,rally,0.0017080307006835938
4,545,false,rally,0.0008339881896972656
4,546,false,rally,0.0008330345153808594
4,547,false,rally,0.0008330345153808594
4,548,false,rally,0.0008330345153808594
4,549,false,rally,0.0007908344268798828
4,550,false,rally,0.0008330345153808594
4,551,false,rally,0.0007920265197753906
4,552,false,rally,0.0007920265197753906
4,553,false,rally,0.0008339881896972656
4,554,false,rally,0.0008749961853027344
4,555,false,rally,0.0008330345153808594
4,556,false,rally,0.0007920265197753906
4,557,false,rally,0.0008327960968017578
4,558,false,rally,0.0007908344268798828
4,559,false,rally,0.0007908344268798828
4,560,false,rally,0.0007908344268798828
4,561,false,rally,0.0008327960968017578
4,562,false,rally,0.0008327960968017578
4,563,false,rally,0.0007917881011962891
4,564,false,rally,0.0008327960968017578
4,565,false,rally,0.0007908344268798828
4,566,false,rally,0.0008330345153808594
4,567,false,rally,0.0008330345153808594
4,568,false,rally,0.0008330345153808594
4,569,false,rally,0.0008330345153808594
4,570,false,rally,0.0007920265197753906
4,571,false,rally,0.0007920265197753906
4,572,false,rally,0.0008339881896972656
4,573,false,rally,0.0008339881896972656
4,574,false,rally,0.0008339881896972656
4,575,false,rally,0.0007908344268798828
4,576,false,rally,0.0007908344268798828
4,577,false,rally,0.0008330345153808594
4,578,false,rally,0.0007920265197753906
4,579,false,rally,0.0008749961853027344
4,580,false,rally,0.0008749961853027344
4,581,false,rally,0.0008749961853027344
4,582,false,rally,0.0008749961853027344
4,583,false,rally,0.0007910728454589844
4,584,false,rally,0.0007910728454589844
4,585,false,rally,0.0008330345153808594
4,586,false,rally,0.0007920265197753906
4,587,false,rally,0.0007920265197753906
4,588,false,rally,0.0007920265197753906
4,589,false,rally,0.0008749961853027344
4,590,false,rally,0.0008330345153808594
4,591,false,rally,0.0007920265197753906
4,592,false,rally,0.0024580955505371094
4,593,false,rally,0.0008749961853027344
4,594,false,rally,0.0008339881896972656
4,595,false,rally,0.0008330345153808594
4,596,false,rally,0.0008330345153808594
4,597,false,rally,0.0007908344268798828
4,598,false,rally,0.0008330345153808594
4,599,false,rally,0.0007920265197753906
4,600,false,rally,0.0008330345153808594
4,601,false,rally,0.0008330345153808594
4,602,false,rally,0.0008327960968017578
4,603,false,rally,0.0008327960968017578
4,604,false,rally,0.0008327960968017578
4,605,false,rally,0.0008327960968017578
4,606,false,rally,0.0007908344268798828
4,607,false,rally,0.0007908344268798828
4,608,false,rally,0.0007917881011962891
4,609,false,rally,0.0007917881011962891
4,610,false,rally,0.0007917881011962891
4,611,false,rally,0.0015420913696289062
4,612,false,rally,0.0007910728454589844
4,613,false,rally,0.0008330345153808594
4,614,false,rally,0.0007920265197753906
4,615,false,rally,0.0007920265197753906
4,616,false,rally,0.0007910728454589844
4,617,false,rally,0.0007910728454589844
4,618,false,rally,0.0008330345153808594
4,619,false,rally,0.0009999275207519531
4,620,false,rally,0.0007908344268798828
4,621,false,rally,0.0019998550415039062
4,622,false,rally,0.0009169578552246094
4,623,false,rally,0.0007908344268798828
4,624,false,rally,0.0007498264312744141
4,625,false,rally,0.0007920265197753906
4,626,false,rally,0.0007920265197753906
4,627,false,rally,0.0007920265197753906
4,628,false,rally,0.0007910728454589844
4,629,false,rally,0.0007910728454589844
4,630,false,rally,0.0010001659393310547
4,631,false,rally,0.0009169578552246094
4,632,false,rally,0.0008749961853027344
4,633,false,rally,0.0008749961853027344
4,634,false,rally,0.0007920265197753906
4,635,false,rally,0.0007917881011962891
4,636,false,rally,0.0007920265197753906
4,637,false,rally,0.0008749961853027344
4,638,false,rally,0.0008339881896972656
4,639,false,rally,0.0008339881896972656
4,640,false,rally,0.004499912261962891
4,641,false,rally,0.0008330345153808594
4,642,false,rally,0.0008330345153808594
4,643,false,rally,0.0008330345153808594
4,644,false,rally,0.0007920265197753906
4,645,false,rally,0.0008330345153808594
4,646,false,rally,0.0008749961853027344
4,647,false,rally,0.0007920265197753906
4,648,false,rally,0.0007920265197753906
4,649,false,rally,0.0007920265197753906
4,650,false,rally,0.0008327960968017578
4,651,false,rally,0.0008327960968017578
4,652,false,rally,0.0007908344268798828
4,653,false,rally,0.0008330345153808594
4,654,false,rally,0.0008330345153808594
4,655,false,rally,0.0007920265197753906
4,656,false,rally,0.0008339881896972656
4,657,false,rally,0.0007920265197753906
4,658,false,rally,0.0007920265197753906
4,659,false,rally,0.0008330345153808594
4,660,false,rally,0.0007910728454589844
4,661,false,rally,0.0007910728454589844
4,662,false,rally,0.0007910728454589844
4,663,false,rally,0.0007920265197753906
4,664,false,rally,0.0007920265197753906
4,665,false,rally,0.0007920265197753906
4,666,false,rally,0.0008339881896972656
4,667,false,rally,0.0008339881896972656
4,668,false,rally,0.05820798873901367
4,669,false,rally,0.0010828971862792969
4,670,false,rally,0.0009160041809082031
4,671,false,rally,0.0008327960968017578
4,672,false,rally,0.0008749961853027344
4,673,false,rally,0.0008339881896972656
4,674,false,rally,0.0007920265197753906
4,675,false,rally,0.0007920265197753906
4,676,false,rally,0.0009589195251464844
4,677,false,rally,0.0008339881896972656
4,678,false,rally,0.0008339881896972656
4,679,false,rally,0.0007920265197753906
4,680,false,rally,0.0011670589447021484
4,681,false,rally,0.0007920265197753906
4,682,false,rally,0.0008330345153808594
4,683,false,rally,0.0008339881896972656
4,684,false,rally,0.0007920265197753906
4,685,false,rally,0.004917144775390625
4,686,false,rally,0.0008330345153808594
4,687,false,rally,0.0007920265197753906
4,688,false,rally,0.0007910728454589844
4,689,false,rally,0.0007910728454589844
4,690,false,rally,0.0007920265197753906
4,691,false,rally,0.0008749961853027344
4,692,false,rally,0.0008330345153808594
4,693,false,rally,0.0008330345153808594
4,694,false,rally,0.0007910728454589844
4,695,false,rally,0.0008330345153808594
4,696,false,rally,0.0007910728454589844
4,697,false,rally,0.0007920265197753906
4,698,false,rally,0.0007920265197753906
4,699,false,rally,0.0007920265197753906
4,700,false,rally,0.0007920265197753906
4,701,false,rally,0.0007908344268798828
4,702,false,rally,0.0007908344268798828
4,703,false,rally,0.0007920265197753906
4,704,false,rally,0.0007920265197753906
4,705,false,rally,0.0007917881011962891
4,706,false,rally,0.0007917881011962891
4,707,false,rally,0.0008749961853027344
4,708,false,rally,0.0008749961853027344
4,709,false,rally,0.0007910728454589844
4,710,false,rally,0.0007910728454589844
4,711,false,rally,0.0007910728454589844
4,712,false,rally,0.0008330345153808594
4,713,false,point,0.0015828609466552734
4,714,false,point,0.0007908344268798828
4,715,false,point,0.0007498264312744141
4,716,false,point,0.0007500648498535156
4,717,false,point,0.0007500648498535156
4,718,false,point,0.0007500648498535156
4,719,false,point,0.0007500648498535156
4,720,false,point,0.0007910728454589844
4,721,false,point,0.0007500648498535156
4,722,false,point,0.0007920265197753906
4,723,false,point,0.0007908344268798828
4,724,false,point,0.0007498264312744141
4,725,false,point,0.0007500648498535156
4,726,false,point,0.001708984375
4,727,false,point,0.0007500648498535156
4,728,false,point,0.0007500648498535156
4,729,false,point,0.0007500648498535156
4,730,false,point,0.0007078647613525391
4,731,false,point,0.0007498264312744141
4,732,false,point,0.0007500648498535156
4,733,false,point,0.0007500648498535156
4,734,false,point,0.0007500648498535156
4,735,false,point,0.0007498264312744141
4,736,false,point,0.0007920265197753906
4,737,false,point,0.0009160041809082031
4,738,false,point,0.0008749961853027344
4,739,false,point,0.0007920265197753906
4,740,false,point,0.0009169578552246094
4,741,false,point,0.0008749961853027344
4,742,false,point,0.0007500648498535156
4,743,false,point,0.0010421276092529297
4,744,false,point,0.0007920265197753906
4,745,false,point,0.0009160041809082031
4,746,false,point,0.0008749961853027344
4,747,false,point,0.0008749961853027344
4,748,false,point,0.0008749961853027344
4,749,false,point,0.0007500648498535156
4,750,false,point,0.0010421276092529297
4,751,false,point,0.0008339881896972656
4,752,false,point,0.0007920265197753906
4,753,false,point,0.0007500648498535156
4,754,false,point,0.0007498264312744141
4,755,false,point,0.0007498264312744141
4,756,false,point,0.0007498264312744141
4,757,false,point,0.0007500648498535156
4,758,false,point,0.0007500648498535156
4,759,false,point,0.0007500648498535156
4,760,false,point,0.0007910728454589844
4,761,false,point,0.0007500648498535156
4,762,false,point,0.0007908344268798828
4,763,false,point,0.0007498264312744141
4,764,false,point,0.0007090568542480469
4,765,false,point,0.0007920265197753906
4,766,false,point,0.0007500648498535156
4,767,false,point,0.0007500648498535156
4,768,false,point,0.0007090568542480469
4,769,false,point,0.0007078647613525391
4,770,false,point,0.0007078647613525391
4,771,false,point,0.0007090568542480469
4,772,false,point,0.0007081031799316406
4,773,false,rally,0.0014159679412841797
4,774,false,rally,0.0009579658508300781
4,775,false,rally,0.0008749961853027344
4,776,false,rally,0.0008330345153808594
4,777,false,rally,0.0008339881896972656
4,778,false,rally,0.0007920265197753906
4,779,false,rally,0.0008339881896972656
4,780,false,rally,0.0008339881896972656
4,781,false,rally,0.0008339881896972656
4,782,false,rally,0.0021669864654541016
4,783,false,rally,0.0007920265197753906
4,784,false,rally,0.0007910728454589844
4,785,false,rally,0.0007920265197753906
4,786,false,rally,0.0007920265197753906
4,787,false,rally,0.0007920265197753906
4,788,false,rally,0.0007917881011962891
4,789,false,rally,0.0007917881011962891
4,790,false,rally,0.0007917881011962891
4,791,false,rally,0.0007917881011962891
4,792,false,rally,0.0007920265197753906
4,793,false,rally,0.0007920265197753906
4,794,false,rally,0.0007920265197753906
4,795,false,rally,0.0007920265197753906
4,796,false,rally,0.0008327960968017578
4,797,false,rally,0.0007908344268798828
4,798,false,rally,0.002415895462036133
4,799,false,rally,0.0007920265197753906
4,800,false,rally,0.0007920265197753906
4,801,false,rally,0.0007920265197753906
4,802,false,rally,0.0008330345153808594
4,803,false,rally,0.0007910728454589844
4,804,false,rally,0.0008330345153808594
4,805,false,rally,0.0007920265197753906
4,806,false,rally,0.0007920265197753906
4,807,false,rally,0.0007920265197753906
4,808,false,rally,0.0007910728454589844
4,809,false,rally,0.0007910728454589844
4,810,false,rally,0.0009169578552246094
4,811,false,rally,0.0008749961853027344
4,812,false,rally,0.0008749961853027344
4,813,false,rally,0.0008749961853027344
4,814,false,rally,0.0007917881011962891
4,815,false,rally,0.0007917881011962891
4,816,false,rally,0.0008339881896972656
4,817,false,rally,0.0007920265197753906
4,818,false,rally,0.0007920265197753906
4,819,false,rally,0.0008330345153808594
4,820,false,rally,0.0008330345153808594
4,821,false,rally,0.0007920265197753906
4,822,false,rally,0.0007920265197753906
4,823,false,rally,0.0007920265197753906
4,824,false,rally,0.0008339881896972656
4,825,false,point,0.0012919902801513672
4,826,false,point,0.0007920265197753906
4,827,false,point,0.0007910728454589844
4,828,false,point,0.0007920265197753906
4,829,false,point,0.0007917881011962891
4,830,false,point,0.0010828971862792969
4,831,false,point,0.0007500648498535156
4,832,false,point,0.0007500648498535156
4,833,false,point,0.0007081031799316406
4,834,false,point,0.0007088184356689453
4,835,false,point,0.0007078647613525391
4,836,false,point,0.0007500648498535156
4,837,false,point,0.0007920265197753906
4,838,false,point,0.0007500648498535156
4,839,false,point,0.0007078647613525391
4,840,false,point,0.0007500648498535156
5,1,true,ready,0.008166074752807617
5,2,true,ready,0.0013339519500732422
5,3,true,ready,0.0009171962738037109
5,4,true,ready,0.0007920265197753906
5,5,true,ready,0.0007500648498535156
5,6,true,ready,0.0007910728454589844
5,7,true,ready,0.0007500648498535156
5,8,true,ready,0.0007500648498535156
5,9,true,ready,0.0007920265197753906
5,10,true,ready,0.0007498264312744141
5,11,true,ready,0.0007500648498535156
5,12,true,ready,0.0007500648498535156
5,13,true,ready,0.0007500648498535156
5,14,true,ready,0.0007500648498535156
5,15,true,ready,0.0007500648498535156
5,16,true,ready,0.0007500648498535156
5,17,true,ready,0.0007500648498535156
5,18,true,ready,0.0007498264312744141
5,19,true,ready,0.0007500648498535156
5,20,true,ready,0.0008330345153808594
5,21,true,ready,0.0008342266082763672
5,22,true,ready,0.0007498264312744141
5,23,true,ready,0.0007500648498535156
5,24,true,ready,0.0007910728454589844
5,25,true,ready,0.0007500648498535156
5,26,true,ready,0.0007500648498535156
5,27,true,ready,0.0007920265197753906
5,28,true,ready,0.0007498264312744141
5,29,true,ready,0.0007500648498535156
5,30,true,ready,0.0007500648498535156
5,31,true,ready,0.0007500648498535156
5,32,true,ready,0.0007500648498535156
5,33,true,ready,0.0007910728454589844
5,34,true,ready,0.0007500648498535156
5,35,true,ready,0.0007498264312744141
5,36,true,ready,0.0007498264312744141
5,37,true,ready,0.0007910728454589844
5,38,true,ready,0.0007500648498535156
5,39,true,ready,0.0007500648498535156
5,40,true,ready,0.0007500648498535156
5,41,true,ready,0.0007500648498535156
5,42,true,ready,0.0007500648498535156
5,43,true,ready,0.0007498264312744141
5,44,true,ready,0.0007498264312744141
5,45,true,ready,0.0007500648498535156
5,46,true,ready,0.0007500648498535156
5,47,true,ready,0.0007500648498535156
5,48,true,ready,0.0007500648498535156
5,49,true,ready,0.0007500648498535156
5,50,true,ready,0.0007081031799316406
5,51,true,ready,0.0007498264312744141
5,52,true,ready,0.0007498264312744141
5,53,true,ready,0.0007500648498535156
5,54,true,ready,0.0007500648498535156
5,55,true,ready,0.0007500648498535156
5,56,true,ready,0.0007920265197753906
5,57,true,ready,0.0007500648498535156
5,58,true,ready,0.0007498264312744141
5,59,true,ready,0.0007078647613525391
5,60,true,ready,0.0007500648498535156
5,61,true,ready,0.0007500648498535156
5,62,true,ready,0.0007500648498535156
5,63,true,ready,0.0007500648498535156
5,64,true,ready,0.0007090568542480469
5,65,true,ready,0.0007498264312744141
5,66,true,ready,0.0007498264312744141
5,67,true,ready,0.0007500648498535156
5,68,true,ready,0.0007500648498535156
5,69,true,ready,0.0007500648498535156
5,70,true,ready,0.0007500648498535156
5,71,true,ready,0.0007500648498535156
5,72,true,ready,0.0007920265197753906
5,73,true,ready,0.0007908344268798828
5,74,true,ready,0.0007498264312744141
5,75,true,ready,0.0007500648498535156
5,76,true,ready,0.0007500648498535156
5,77,true,ready,0.0007500648498535156
5,78,true,ready,0.0007500648498535156
5,79,true,ready,0.0007081031799316406
5,80,true,ready,0.0007498264312744141
5,81,true,ready,0.0007498264312744141
5,82,true,ready,0.0007500648498535156
5,83,true,ready,0.0007081031799316406
5,84,true,ready,0.0007500648498535156
5,85,true,ready,0.0007500648498535156
5,86,true,ready,0.0007500648498535156
5,87,true,ready,0.0007090568542480469
5,88,true,ready,0.0007500648498535156
5,89,true,ready,0.0007498264312744141
5,90,true,ready,0.0007498264312744141
5,91,true,ready,0.0007500648498535156
5,92,true,ready,0.0007500648498535156
5,93,true,ready,0.0007500648498535156
5,94,true,ready,0.0007081031799316406
5,95,true,ready,0.0007500648498535156
5,96,true,ready,0.0007500648498535156
5,97,true,ready,0.0007498264312744141
5,98,true,ready,0.0007500648498535156
5,99,true,ready,0.0007081031799316406
5,100,true,ready,0.0009589195251464844
5,101,true,ready,0.0007498264312744141
5,102,true,ready,0.0007500648498535156
5,103,true,ready,0.0007500648498535156
5,104,true,ready,0.0007920265197753906
5,105,true,ready,0.0007500648498535156
5,106,true,ready,0.0007500648498535156
5,107,true,ready,0.0008749961853027344
5,108,true,ready,0.0008749961853027344
5,109,true,ready,0.0007090568542480469
5,110,true,ready,0.0007500648498535156
5,111,true,ready,0.0007908344268798828
5,112,true,ready,0.0007498264312744141
5,113,true,ready,0.0007500648498535156
5,114,true,ready,0.0007500648498535156
5,115,true,ready,0.0007500648498535156
5,116,true,ready,0.0007500648498535156
5,117,true,ready,0.0007500648498535156
5,118,true,ready,0.0007498264312744141
5,119,true,ready,0.0007498264312744141
5,120,true,rally,0.00970911979675293
5,121,false,rally,0.0035419464111328125
5,122,false,rally,0.0009589195251464844
5,123,false,rally,0.0009169578552246094
5,124,false,rally,0.0008749961853027344
5,125,false,rally,0.0008330345153808594
5,126,false,rally,0.0007910728454589844
5,127,false,rally,0.0007910728454589844
5,128,false,rally,0.0008749961853027344
5,129,false,rally,0.0008749961853027344
5,130,false,rally,0.0008330345153808594
5,131,false,rally,0.0007910728454589844
5,132,false,rally,0.0007910728454589844
5,133,false,rally,0.0008330345153808594
5,134,false,rally,0.0008330345153808594
5,135,false,rally,0.0007920265197753906
5,136,false,rally,0.0007920265197753906
5,137,false,rally,0.0008327960968017578
5,138,false,rally,0.0008327960968017578
5,139,false,rally,0.0008327960968017578
5,140,false,rally,0.0008339881896972656
5,141,false,rally,0.0007917881011962891
5,142,false,rally,0.0007917881011962891
5,143,false,rally,0.0008749961853027344
5,144,false,rally,0.0007920265197753906
5,145,false,rally,0.0007920265197753906
5,146,false,rally,0.0007920265197753906
5,147,false,rally,0.6867079734802246
5,148,false,rally,0.002457857131958008
5,149,false,rally,0.0010421276092529297
5,150,false,rally,0.0009160041809082031
5,151,false,rally,0.0008749961853027344
5,152,false,rally,0.0007910728454589844
5,153,false,rally,0.0007920265197753906
5,154,false,rally,0.0008339881896972656
5,155,false,rally,0.0007917881011962891
5,156,false,rally,0.0008339881896972656
5,157,false,rally,0.0008339881896972656
5,158,false,rally,0.0009591579437255859
5,159,false,rally,0.0008749961853027344
5,160,false,rally,0.0008749961853027344
5,161,false,rally,0.0008330345153808594
5,162,false,rally,0.0008749961853027344
5,163,false,rally,0.0007920265197753906
5,164,false,rally,0.0007910728454589844
5,165,false,rally,0.0007920265197753906
5,166,false,rally,0.0007500648498535156
5,167,false,rally,0.0007500648498535156
5,168,false,rally,0.0007500648498535156
5,169,false,rally,0.0007500648498535156
5,170,false,point,0.008042097091674805
5,171,false,point,0.0010409355163574219
5,172,false,point,0.0007081031799316406
5,173,false,point,0.0007081031799316406
5,174,false,point,0.0007498264312744141
5,175,false,point,0.0007500648498535156
5,176,false,point,0.0007078647613525391
5,177,false,point,0.0007078647613525391
5,178,false,point,0.0007500648498535156
5,179,false,point,0.0007090568542480469
5,180,false,point,0.0007500648498535156
5,181,false,point,0.0007500648498535156
5,182,false,point,0.0007088184356689453
5,183,false,point,0.0007500648498535156
5,184,false,point,0.0007081031799316406
5,185,false,point,0.0007500648498535156
5,186,false,point,0.0010418891906738281
5,187,false,point,0.0007500648498535156
5,188,false,point,0.0007500648498535156
5,189,false,point,0.0007500648498535156
5,190,false,point,0.0007500648498535156
5,191,false,point,0.0007500648498535156
5,192,false,point,0.0007498264312744141
5,193,false,point,0.0007078647613525391
5,194,false,point,0.0007500648498535156
5,195,false,point,0.0007081031799316406
5,196,false,point,0.0007090568542480469
5,197,false,point,0.0007498264312744141
5,198,false,point,0.0007081031799316406
5,199,false,point,0.0007500648498535156
5,200,false,point,0.0007500648498535156
5,201,false,point,0.0007498264312744141
5,202,false,point,0.0007078647613525391
5,203,false,point,0.0007078647613525391
5,204,false,point,0.0007090568542480469
5,205,false,point,0.0007081031799316406
5,206,false,point,0.0007500648498535156
5,207,false,point,0.0007078647613525391
5,208,false,point,0.0007090568542480469
5,209,false,point,0.0007081031799316406
5,210,false,point,0.0007500648498535156
5,211,false,point,0.0007081031799316406
5,212,false,point,0.0007088184356689453
5,213,false,point,0.0007500648498535156
5,214,false,point,0.0007081031799316406
5,215,false,point,0.0007081031799316406
5,216,false,point,0.0007078647613525391
5,217,false,point,0.0007088184356689453
5,218,false,point,0.0007081031799316406
5,219,false,point,0.0007500648498535156
5,220,false,point,0.0007500648498535156
5,221,false,point,0.0007498264312744141
5,222,false,point,0.0007078647613525391
5,223,false,point,0.0007078647613525391
5,224,false,point,0.0007090568542480469
5,225,false,point,0.0007500648498535156
5,226,false,point,0.0007498264312744141
5,227,false,point,0.0007498264312744141
5,228,false,point,0.0007081031799316406
5,229,false,point,0.0007090568542480469
5,230,false,rally,0.0038750171661376953
5,231,false,rally,0.0017499923706054688
5,232,false,rally,0.0008330345153808594
5,233,false,rally,0.0007920265197753906
5,234,false,rally,0.0007920265197753906
5,235,false,rally,0.0007910728454589844
5,236,false,rally,0.0007910728454589844
5,237,false,rally,0.0007920265197753906
5,238,false,rally,0.0007917881011962891
5,239,false,rally,0.011749982833862305
5,240,false,rally,0.0010828971862792969
5,241,false,rally,0.0010838508605957031
5,242,false,rally,0.0011250972747802734
5,243,false,rally,0.0009999275207519531
5,244,false,rally,0.0010838508605957031
5,245,false,rally,0.0009999275207519531
5,246,false,rally,0.0009999275207519531
5,247,false,rally,0.0009579658508300781
5,248,false,rally,0.0009999275207519531
5,249,false,rally,0.0009999275207519531
5,250,false,rally,0.0009999275207519531
5,251,false,rally,0.0009999275207519531
5,252,false,rally,0.0009999275207519531
5,253,false,rally,0.0009999275207519531
5,254,false,rally,0.0009999275207519531
5,255,false,rally,0.0009999275207519531
5,256,false,rally,0.0010001659393310547
5,257,false,rally,0.0009999275207519531
5,258,false,rally,0.0009582042694091797
5,259,false,rally,0.0009589195251464844
5,260,false,rally,0.0009999275207519531
5,261,false,rally,0.0009999275207519531
5,262,false,rally,0.0009579658508300781
5,263,false,rally,0.0009999275207519531
5,264,false,rally,0.0009999275207519531
5,265,false,rally,0.0009579658508300781
5,266,false,rally,0.0009999275207519531
5,267,false,rally,0.0010831356048583984
5,268,false,rally,0.0011250972747802734
5,269,false,rally,0.0009999275207519531
5,270,false,rally,0.0010411739349365234
5,271,false,rally,0.0009160041809082031
5,272,false,rally,0.0007920265197753906
5,273,false,rally,0.0007500648498535156
5,274,false,rally,0.0007500648498535156
5,275,false,rally,0.006875038146972656
5,276,false,rally,0.0011250972747802734
5,277,false,rally,0.0010828971862792969
5,278,false,rally,0.0009999275207519531
5,279,false,rally,0.0010418891906738281
5,280,false,rally,0.0009999275207519531
5,281,false,point,0.002374887466430664
5,282,false,point,0.0010421276092529297
5,283,false,point,0.0009169578552246094
5,284,false,point,0.0009169578552246094
5,285,false,point,0.0009579658508300781
5,286,false,point,0.0008749961853027344
5,287,false,point,0.0009160041809082031
5,288,false,point,0.0008749961853027344
5,289,false,point,0.0007920265197753906
5,290,false,point,0.0007498264312744141
5,291,false,point,0.0007500648498535156
5,292,false,point,0.0007500648498535156
5,293,false,point,0.0007500648498535156
5,294,false,point,0.0007500648498535156
5,295,false,point,0.0007920265197753906
5,296,false,point,0.0008330345153808594
5,297,false,point,0.0009579658508300781
5,298,false,point,0.0009160041809082031
5,299,false,point,0.0009160041809082031
5,300,false,point,0.0009160041809082031
5,301,false,point,0.0009160041809082031
5,302,false,point,0.0009579658508300781
5,303,false,point,0.0009171962738037109
5,304,false,point,0.0009169578552246094
5,305,false,point,0.0009169578552246094
5,306,false,point,0.0009171962738037109
5,307,false,point,0.0009169578552246094
5,308,false,point,0.0010418891906738281
5,309,false,point,0.0010421276092529297
5,310,false,point,0.0009589195251464844
5,311,false,point,0.0009171962738037109
5,312,false,point,0.0008749961853027344
5,313,false,point,0.0007500648498535156
5,314,false,point,0.0007078647613525391
5,315,false,point,0.0007500648498535156
5,316,false,point,0.0007500648498535156
5,317,false,point,0.0007090568542480469
5,318,false,point,0.0007500648498535156
5,319,false,point,0.0007078647613525391
5,320,false,point,0.0007078647613525391
5,321,false,point,0.0007500648498535156
5,322,false,point,0.0007090568542480469
5,323,false,point,0.0007498264312744141
5,324,false,point,0.0007078647613525391
5,325,false,point,0.0007078647613525391
5,326,false,point,0.0007081031799316406
5,327,false,point,0.0007090568542480469
5,328,false,point,0.0007500648498535156
5,329,false,point,0.0007078647613525391
5,330,false,point,0.0007090568542480469
5,331,false,point,0.0007500648498535156
5,332,false,point,0.0007081031799316406
5,333,false,point,0.0007498264312744141
5,334,false,point,0.0007078647613525391
5,335,false,point,0.0007090568542480469
5,336,false,point,0.0007500648498535156
5,337,false,point,0.0007081031799316406
5,338,false,point,0.0007078647613525391
5,339,false,point,0.0007498264312744141
5,340,false,point,0.0007090568542480469
5,341,false,rally,0.0015001296997070312
5,342,false,rally,0.0009169578552246094
5,343,false,rally,0.0008330345153808594
5,344,false,rally,0.0007910728454589844
5,345,false,rally,0.0007910728454589844
5,346,false,rally,0.0007910728454589844
5,347,false,rally,0.0007920265197753906
5,348,false,rally,0.0007920265197753906
5,349,false,rally,0.0007910728454589844
5,350,false,rally,0.0007920265197753906
5,351,false,rally,0.0007498264312744141
5,352,false,rally,0.0007920265197753906
5,353,false,rally,0.0007908344268798828
5,354,false,rally,0.0007917881011962891
5,355,false,rally,0.0007498264312744141
5,356,false,rally,0.0007920265197753906
5,357,false,rally,0.0007910728454589844
5,358,false,rally,0.0007500648498535156
5,359,false,rally,0.0007500648498535156
5,360,false,rally,0.0008339881896972656
5,361,false,rally,0.0007920265197753906
5,362,false,rally,0.0007920265197753906
5,363,false,rally,0.0007920265197753906
5,364,false,rally,0.0007920265197753906
5,365,false,rally,0.0007910728454589844
5,366,false,rally,0.0007910728454589844
5,367,false,rally,0.0008330345153808594
5,368,false,rally,0.0007920265197753906
5,369,false,rally,0.0007920265197753906
5,370,false,rally,0.0007500648498535156
5,371,false,rally,0.0007500648498535156
5,372,false,rally,0.0007920265197753906
5,373,false,rally,0.0007910728454589844
5,374,false,rally,0.0007920265197753906
5,375,false,rally,0.0007920265197753906
5,376,false,rally,0.0007910728454589844
5,377,false,rally,0.0008330345153808594
5,378,false,rally,0.0007920265197753906
5,379,false,rally,0.0007920265197753906
5,380,false,rally,0.0007920265197753906
5,381,false,rally,0.0007910728454589844
5,382,false,rally,0.0009579658508300781
5,383,false,rally,0.0008749961853027344
5,384,false,rally,0.0009582042694091797
5,385,false,rally,0.0009579658508300781
5,386,false,rally,0.004416942596435547
5,387,false,rally,0.0011668205261230469
5,388,false,rally,0.0010411739349365234
5,389,false,rally,0.0009999275207519531
5,390,false,rally,0.0010001659393310547
5,391,false,rally,0.0009999275207519531
5,392,false,rally,0.0010421276092529297
5,393,false,rally,0.0009999275207519531
5,394,false,rally,0.0010001659393310547
5,395,false,rally,0.0009999275207519531
5,396,false,rally,0.0010001659393310547
5,397,false,rally,0.0009999275207519531
5,398,false,rally,0.0010001659393310547
5,399,false,rally,0.0010828971862792969
5,400,false,rally,0.0010421276092529297
5,401,false,rally,0.0010409355163574219
5,402,false,rally,0.0010421276092529297
5,403,false,rally,0.0009999275207519531
5,404,false,rally,0.0010001659393310547
5,405,false,rally,0.0009579658508300781
5,406,false,rally,0.0010001659393310547
5,407,false,rally,0.0009999275207519531
5,408,false,rally,0.0010001659393310547
5,409,false,rally,0.0009999275207519531
5,410,false,rally,0.0011250972747802734
5,411,false,rally,0.0011250972747802734
5,412,false,rally,0.0009579658508300781
5,413,false,rally,0.0009579658508300781
5,414,false,rally,0.0008749961853027344
5,415,false,rally,0.0007500648498535156
5,416,false,rally,0.0007910728454589844
5,417,false,rally,0.0007920265197753906
5,418,false,rally,0.0007917881011962891
5,419,false,rally,0.0007908344268798828
5,420,false,rally,0.0007920265197753906
5,421,false,rally,0.0007920265197753906
5,422,false,rally,0.0009591579437255859
5,423,false,rally,0.0007500648498535156
5,424,false,rally,0.0007920265197753906
5,425,false,rally,0.0007498264312744141
5,426,false,rally,0.0007908344268798828
5,427,false,rally,0.0007908344268798828
5,428,false,rally,0.0007920265197753906
5,429,false,rally,0.0007920265197753906
5,430,false,rally,0.0007500648498535156
5,431,false,rally,0.0007910728454589844
5,432,false,rally,0.0007920265197753906
5,433,false,rally,0.0007500648498535156
5,434,false,rally,0.0007500648498535156
5,435,false,rally,0.0007910728454589844
5,436,false,rally,0.0007920265197753906
5,437,false,rally,0.0007920265197753906
5,438,false,rally,0.0007920265197753906
5,439,false,rally,0.0007500648498535156
5,440,false,rally,0.0007500648498535156
5,441,false,rally,0.0007920265197753906
5,442,false,rally,0.0008339881896972656
5,443,false,rally,0.0007917881011962891
5,444,false,rally,0.0007908344268798828
5,445,false,rally,0.0007920265197753906
5,446,false,rally,0.0007920265197753906
5,447,false,rally,0.0007910728454589844
5,448,false,rally,0.0007910728454589844
5,449,false,rally,0.0007920265197753906
5,450,false,rally,0.0008339881896972656
5,451,false,rally,0.0008339881896972656
5,452,false,rally,0.0007920265197753906
5,453,false,rally,0.0007920265197753906
5,454,false,rally,0.0007500648498535156
5,455,false,rally,0.0007500648498535156
5,456,false,rally,0.0007500648498535156
5,457,false,rally,0.0007920265197753906
5,458,false,rally,0.0007910728454589844
5,459,false,rally,0.0007920265197753906
5,460,false,rally,0.0007920265197753906
5,461,false,rally,0.0007920265197753906
5,462,false,rally,0.0007908344268798828
5,463,false,rally,0.0007917881011962891
5,464,false,rally,0.0007920265197753906
5,465,false,rally,0.0007908344268798828
5,466,false,rally,0.0007920265197753906
5,467,false,rally,0.0007920265197753906
5,468,false,rally,0.0007500648498535156
5,469,false,rally,0.0007910728454589844
5,470,false,rally,0.0007920265197753906
5,471,false,rally,0.0008339881896972656
5,472,false,rally,0.0007920265197753906
5,473,false,rally,0.0007910728454589844
5,474,false,rally,0.0009579658508300781
5,475,false,rally,0.0009999275207519531
5,476,false,rally,0.0009999275207519531
5,477,false,rally,0.0008749961853027344
5,478,false,rally,0.0009589195251464844
5,479,false,rally,0.0009579658508300781
5,480,false,rally,0.0010001659393310547
5,481,false,rally,0.0011248588562011719
5,482,false,rally,0.0010828971862792969
5,483,false,point,0.0021250247955322266
5,484,false,point,0.0010001659393310547
5,485,false,point,0.0009589195251464844
5,486,false,point,0.0009579658508300781
5,487,false,point,0.0009579658508300781
5,488,false,point,0.0009579658508300781
5,489,false,point,0.0009591579437255859
5,490,false,point,0.0009169578552246094
5,491,false,point,0.0009579658508300781
5,492,false,point,0.0009582042694091797
5,493,false,point,0.0009160041809082031
5,494,false,point,0.0008330345153808594
5,495,false,point,0.0007500648498535156
5,496,false,point,0.0007500648498535156
5,497,false,point,0.0007500648498535156
5,498,false,point,0.0007908344268798828
5,499,false,point,0.0007078647613525391
5,500,false,point,0.0007090568542480469
5,501,false,point,0.0007081031799316406
5,502,false,point,0.0007081031799316406
5,503,false,point,0.0007090568542480469
5,504,false,point,0.0007500648498535156
5,505,false,point,0.0007498264312744141
5,506,false,point,0.0007498264312744141
5,507,false,point,0.0007090568542480469
5,508,false,point,0.0007500648498535156
5,509,false,point,0.0007500648498535156
5,510,false,point,0.0007500648498535156
5,511,false,point,0.0007498264312744141
5,512,false,point,0.0007500648498535156
5,513,false,point,0.0007500648498535156
5,514,false,point,0.0007500648498535156
5,515,false,point,0.0007500648498535156
5,516,false,point,0.0007500648498535156
5,517,false,point,0.0007917881011962891
5,518,false,point,0.0008749961853027344
5,519,false,point,0.0008749961853027344
5,520,false,point,0.0007910728454589844
5,521,false,point,0.0007500648498535156
5,522,false,point,0.0007498264312744141
5,523,false,point,0.0007081031799316406
5,524,false,point,0.0007081031799316406
5,525,false,point,0.0007090568542480469
5,526,false,point,0.0007500648498535156
5,527,false,point,0.0007078647613525391
5,528,false,point,0.0007078647613525391
5,529,false,point,0.0007081031799316406
5,530,false,point,0.0007090568542480469
5,531,false,point,0.0007088184356689453
5,532,false,point,0.0007078647613525391
5,533,false,point,0.0007078647613525391
5,534,false,point,0.0007081031799316406
5,535,false,point,0.0007081031799316406
5,536,false,point,0.0007500648498535156
5,537,false,point,0.0007088184356689453
5,538,false,point,0.0007078647613525391
5,539,false,point,0.0007081031799316406
5,540,false,point,0.0007910728454589844
5,541,false,point,0.0007500648498535156
5,542,false,point,0.0007910728454589844
5,543,false,rally,0.001374959945678711
5,544,false,rally,0.0010409355163574219
5,545,false,rally,0.0007917881011962891
5,546,false,rally,0.0008327960968017578
5,547,false,rally,0.0008327960968017578
5,548,false,rally,0.0007498264312744141
5,549,false,rally,0.0007920265197753906
5,550,false,rally,0.0007920265197753906
5,551,false,rally,0.0007908344268798828
5,552,false,rally,0.0007920265197753906
5,553,false,rally,0.0007500648498535156
5,554,false,rally,0.0007920265197753906
5,555,false,rally,0.0007910728454589844
5,556,false,rally,0.0007500648498535156
5,557,false,rally,0.0007920265197753906
5,558,false,rally,0.0007920265197753906
5,559,false,rally,0.0007910728454589844
5,560,false,rally,0.0007920265197753906
5,561,false,rally,0.0007920265197753906
5,562,false,rally,0.0007910728454589844
5,563,false,rally,0.0007910728454589844
5,564,false,rally,0.0007498264312744141
5,565,false,rally,0.0007917881011962891
5,566,false,rally,0.0007498264312744141
5,567,false,rally,0.0007920265197753906
5,568,false,rally,0.0007500648498535156
5,569,false,rally,0.0007500648498535156
5,570,false,rally,0.0007910728454589844
5,571,false,rally,0.0007920265197753906
5,572,false,rally,0.0010001659393310547
5,573,false,rally,0.0007920265197753906
5,574,false,rally,0.0008330345153808594
5,575,false,rally,0.0008749961853027344
5,576,false,rally,0.0007500648498535156
5,577,false,rally,0.0007920265197753906
5,578,false,rally,0.0009169578552246094
5,579,false,rally,0.0008330345153808594
5,580,false,rally,0.0008330345153808594
5,581,false,rally,0.0008330345153808594
5,582,false,rally,0.0007910728454589844
5,583,false,rally,0.0007910728454589844
5,584,false,rally,0.0007920265197753906
5,585,false,rally,0.0008330345153808594
5,586,false,rally,0.0007920265197753906
5,587,false,rally,0.0009160041809082031
5,588,false,rally,0.0009582042694091797
5,589,false,rally,0.0009589195251464844
5,590,false,rally,0.0009999275207519531
5,591,false,rally,0.0010838508605957031
5,592,false,rally,0.0021669864654541016
5,593,false,rally,0.0010828971862792969
5,594,false,rally,0.0010001659393310547
5,595,false,rally,0.0009999275207519531
5,596,false,rally,0.0009999275207519531
5,597,false,rally,0.0009999275207519531
5,598,false,rally,0.0009999275207519531
5,599,false,rally,0.0009579658508300781
5,600,false,rally,0.0010840892791748047
5,601,false,rally,0.0009999275207519531
5,602,false,rally,0.0009999275207519531
5,603,false,rally,0.0009999275207519531
5,604,false,rally,0.0009169578552246094
5,605,false,rally,0.0008339881896972656
5,606,false,rally,0.0007920265197753906
5,607,false,rally,0.0007920265197753906
5,608,false,rally,0.0008330345153808594
5,609,false,rally,0.0007910728454589844
5,610,false,rally,0.0007910728454589844
5,611,false,rally,0.0007920265197753906
5,612,false,rally,0.0007920265197753906
5,613,false,rally,0.0007920265197753906
5,614,false,rally,0.0008330345153808594
5,615,false,rally,0.0008330345153808594
5,616,false,rally,0.0007910728454589844
5,617,false,rally,0.0007910728454589844
5,618,false,rally,0.0007920265197753906
5,619,false,rally,0.0009169578552246094
5,620,false,rally,0.0008339881896972656
5,621,false,rally,0.0009169578552246094
5,622,false,rally,0.0008749961853027344
5,623,false,rally,0.0007910728454589844
5,624,false,rally,0.0007920265197753906
5,625,false,rally,0.0007920265197753906
5,626,false,rally,0.0007920265197753906
5,627,false,rally,0.0007920265197753906
5,628,false,rally,0.0008330345153808594
5,629,false,rally,0.0007920265197753906
5,630,false,rally,0.0009579658508300781
5,631,false,rally,0.0009589195251464844
5,632,false,rally,0.0011670589447021484
5,633,false,rally,0.0010421276092529297
5,634,false,rally,0.0009579658508300781
5,635,false,rally,0.0009589195251464844
5,636,false,rally,0.0011250972747802734
5,637,false,rally,0.0010418891906738281
5,638,false,rally,0.0010001659393310547
5,639,false,rally,0.0010418891906738281
5,640,false,rally,0.0010411739349365234
5,641,false,rally,0.0009999275207519531
5,642,false,rally,0.0010001659393310547
5,643,false,rally,0.0009999275207519531
5,644,false,rally,0.0010421276092529297
5,645,false,rally,0.0011248588562011719
5,646,false,rally,0.0009999275207519531
5,647,false,rally,0.0009999275207519531
5,648,false,rally,0.0009999275207519531
5,649,false,rally,0.0009999275207519531
5,650,false,rally,0.0010001659393310547
5,651,false,rally,0.0008330345153808594
5,652,false,rally,0.0007910728454589844
5,653,false,rally,0.0007920265197753906
5,654,false,rally,0.0007920265197753906
5,655,false,rally,0.0008339881896972656
5,656,false,rally,0.0007920265197753906
5,657,false,rally,0.0007920265197753906
5,658,false,rally,0.0007910728454589844
5,659,false,rally,0.0008330345153808594
5,660,false,rally,0.0007920265197753906
5,661,false,rally,0.0008339881896972656
5,662,false,rally,0.0007917881011962891
5,663,false,rally,0.0007920265197753906
5,664,false,rally,0.0007920265197753906
5,665,false,rally,0.0008330345153808594
5,666,false,rally,0.0007908344268798828
5,667,false,rally,0.0008327960968017578
5,668,false,rally,0.0016667842864990234
5,669,false,rally,0.0008339881896972656
5,670,false,rally,0.0008327960968017578
5,671,false,rally,0.0008327960968017578
5,672,false,rally,0.0008330345153808594
5,673,false,rally,0.0008330345153808594
5,674,false,rally,0.0007910728454589844
5,675,false,rally,0.0007910728454589844
5,676,false,rally,0.0007920265197753906
5,677,false,rally,0.0007920265197753906
5,678,false,rally,0.0009169578552246094
5,679,false,rally,0.0008749961853027344
5,680,false,rally,0.0008749961853027344
5,681,false,rally,0.0008339881896972656
5,682,false,rally,0.0007920265197753906
5,683,false,rally,0.0007500648498535156
5,684,false,rally,0.0007500648498535156
5,685,false,rally,0.0007920265197753906
5,686,false,rally,0.0007920265197753906
5,687,false,rally,0.0007500648498535156
5,688,false,rally,0.0007920265197753906
5,689,false,rally,0.0007920265197753906
5,690,false,rally,0.0007910728454589844
5,691,false,rally,0.0007920265197753906
5,692,false,rally,0.0007920265197753906
5,693,false,rally,0.0007910728454589844
5,694,false,rally,0.0007500648498535156
5,695,false,rally,0.0007920265197753906
5,696,false,rally,0.0007498264312744141
5,697,false,rally,0.0007498264312744141
5,698,false,rally,0.0007917881011962891
5,699,false,rally,0.0007920265197753906
5,700,false,rally,0.0010831356048583984
5,701,false,rally,0.0008330345153808594
5,702,false,rally,0.0007500648498535156
5,703,false,rally,0.0007500648498535156
5,704,false,rally,0.0007498264312744141
5,705,false,rally,0.0007500648498535156
5,706,false,rally,0.0007498264312744141
5,707,false,rally,0.0007920265197753906
5,708,false,rally,0.0010409355163574219
5,709,false,rally,0.0007500648498535156
5,710,false,rally,0.0007500648498535156
5,711,false,rally,0.0007500648498535156
5,712,false,rally,0.0007910728454589844
5,713,false,point,0.0012919902801513672
5,714,false,point,0.0007920265197753906
5,715,false,point,0.0007500648498535156
5,716,false,point,0.0007498264312744141
5,717,false,point,0.0007920265197753906
5,718,false,point,0.0007081031799316406
5,719,false,point,0.0007500648498535156
5,720,false,point,0.0007910728454589844
5,721,false,point,0.0008330345153808594
5,722,false,point,0.0007500648498535156
5,723,false,point,0.0009160041809082031
5,724,false,point,0.0009169578552246094
5,725,false,point,0.0009589195251464844
5,726,false,point,0.0009169578552246094
5,727,false,point,0.0009999275207519531
5,728,false,point,0.0010001659393310547
5,729,false,point,0.0009160041809082031
5,730,false,point,0.0009160041809082031
5,731,false,point,0.0009157657623291016
5,732,false,point,0.0009169578552246094
5,733,false,point,0.0009169578552246094
5,734,false,point,0.0009169578552246094
5,735,false,point,0.0009591579437255859
5,736,false,point,0.0009169578552246094
5,737,false,point,0.0009169578552246094
5,738,false,point,0.0009169578552246094
5,739,false,point,0.0009171962738037109
5,740,false,point,0.0009169578552246094
5,741,false,point,0.0009169578552246094
5,742,false,point,0.0007500648498535156
5,743,false,point,0.0007081031799316406
5,744,false,point,0.0007090568542480469
5,745,false,point,0.0007498264312744141
5,746,false,point,0.0007498264312744141
5,747,false,point,0.0007500648498535156
5,748,false,point,0.0007500648498535156
5,749,false,point,0.0007500648498535156
5,750,false,point,0.0007500648498535156
5,751,false,point,0.0007081031799316406
5,752,false,point,0.0007078647613525391
5,753,false,point,0.0007088184356689453
5,754,false,point,0.0007500648498535156
5,755,false,point,0.0007500648498535156
5,756,false,point,0.0007081031799316406
5,757,false,point,0.0007081031799316406
5,758,false,point,0.0007500648498535156
5,759,false,point,0.0007910728454589844
5,760,false,point,0.0008330345153808594
5,761,false,point,0.0007498264312744141
5,762,false,point,0.0007498264312744141
5,763,false,point,0.0007500648498535156
5,764,false,point,0.0007500648498535156
5,765,false,point,0.0007500648498535156
5,766,false,point,0.0007078647613525391
5,767,false,point,0.0007078647613525391
5,768,false,point,0.0007498264312744141
5,769,false,point,0.0007500648498535156
5,770,false,point,0.0007500648498535156
5,771,false,point,0.0007500648498535156
5,772,false,point,0.0007500648498535156
5,773,false,rally,0.0012078285217285156
5,774,false,rally,0.0009169578552246094
5,775,false,rally,0.0008339881896972656
5,776,false,rally,0.0008330345153808594
5,777,false,rally,0.0008330345153808594
5,778,false,rally,0.0008330345153808594
5,779,false,rally,0.0007910728454589844
5,780,false,rally,0.0007910728454589844
5,781,false,rally,0.0008330345153808594
5,782,false,rally,0.0008330345153808594
5,783,false,rally,0.0007920265197753906
5,784,false,rally,0.0007500648498535156
5,785,false,rally,0.0007920265197753906
5,786,false,rally,0.0008330345153808594
5,787,false,rally,0.0007910728454589844
5,788,false,rally,0.0007910728454589844
5,789,false,rally,0.0008330345153808594
5,790,false,rally,0.0007920265197753906
5,791,false,rally,0.0008339881896972656
5,792,false,rally,0.0008339881896972656
5,793,false,rally,0.0007920265197753906
5,794,false,rally,0.0007920265197753906
5,795,false,rally,0.0007920265197753906
5,796,false,rally,0.0007910728454589844
5,797,false,rally,0.0007910728454589844
5,798,false,rally,0.0007920265197753906
5,799,false,rally,0.0007920265197753906
5,800,false,rally,0.0007920265197753906
5,801,false,rally,0.0008749961853027344
5,802,false,rally,0.0009160041809082031
5,803,false,rally,0.0008749961853027344
5,804,false,rally,0.0007920265197753906
5,805,false,rally,0.0008339881896972656
5,806,false,rally,0.0007500648498535156
5,807,false,rally,0.0007500648498535156
5,808,false,rally,0.0007500648498535156
5,809,false,rally,0.0007500648498535156
5,810,false,rally,0.0008749961853027344
5,811,false,rally,0.0008749961853027344
5,812,false,rally,0.0008749961853027344
5,813,false,rally,0.0008749961853027344
5,814,false,rally,0.0007917881011962891
5,815,false,rally,0.0007908344268798828
5,816,false,rally,0.0007920265197753906
5,817,false,rally,0.0007920265197753906
5,818,false,rally,0.0007500648498535156
5,819,false,rally,0.0007500648498535156
5,820,false,rally,0.0007500648498535156
5,821,false,rally,0.0007910728454589844
5,822,false,rally,0.0007500648498535156
5,823,false,rally,0.0007500648498535156
5,824,false,rally,0.0007910728454589844
5,825,false,point,0.0012919902801513672
5,826,false,point,0.0007920265197753906
5,827,false,point,0.0007920265197753906
5,828,false,point,0.0007090568542480469
5,829,false,point,0.0007498264312744141
5,830,false,point,0.0007078647613525391
5,831,false,point,0.0008330345153808594
5,832,false,point,0.0007090568542480469
5,833,false,point,0.0007500648498535156
5,834,false,point,0.0007078647613525391
5,835,false,point,0.0007078647613525391
5,836,false,point,0.0007081031799316406
5,837,false,point,0.0007090568542480469
5,838,false,point,0.0007090568542480469
5,839,false,point,0.0007078647613525391
5,840,false,point,0.0007920265197753906
