
/Users/sm/dev_park/ft_transcendence_project/backend/src/app.module.ts
  12:1  error  Replace `↹↹` with `····`     prettier/prettier
  15:1  error  Replace `↹↹` with `····`     prettier/prettier
  23:1  error  Replace `↹↹↹` with `······`  prettier/prettier
  25:1  error  Replace `↹↹` with `····`     prettier/prettier
  26:1  error  Replace `↹↹` with `····`     prettier/prettier
  27:1  error  Replace `↹↹` with `····`     prettier/prettier
  28:1  error  Replace `↹↹` with `····`     prettier/prettier
  29:1  error  Replace `↹↹` with `····`     prettier/prettier
  30:1  error  Replace `↹` with `··`        prettier/prettier

/Users/sm/dev_park/ft_transcendence_project/backend/src/auth/auth.controller.ts
    1:9   error    Replace `·Controller,·ForbiddenException,·Get,·Post,·Res,·Req,·Query,·UseGuards·` with `⏎··Controller,⏎··ForbiddenException,⏎··Get,⏎··Post,⏎··Res,⏎··Req,⏎··Query,⏎··UseGuards,⏎`                                                                                                            prettier/prettier
    1:47  warning  'Post' is defined but never used                                                                                                                                                                                                                                                             @typescript-eslint/no-unused-vars
    1:63  warning  'Query' is defined but never used                                                                                                                                                                                                                                                            @typescript-eslint/no-unused-vars
    2:33  warning  'ApiParam' is defined but never used                                                                                                                                                                                                                                                         @typescript-eslint/no-unused-vars
    2:66  error    Insert `;`                                                                                                                                                                                                                                                                                   prettier/prettier
   12:1   error    Replace `↹` with `··`                                                                                                                                                                                                                                                                        prettier/prettier
   13:1   error    Replace `↹↹` with `····`                                                                                                                                                                                                                                                                     prettier/prettier
   14:1   error    Replace `↹↹` with `····`                                                                                                                                                                                                                                                                     prettier/prettier
   15:1   error    Replace `↹` with `··`                                                                                                                                                                                                                                                                        prettier/prettier
   17:1   error    Replace `↹@ApiOperation({summary:·'42·api로·인증할·Oauth·provider로·redirect함'` with `··@ApiOperation({·summary:·'42·api로·인증할·Oauth·provider로·redirect함'·`                                                                                                                                        prettier/prettier
   18:1   error    Replace `↹` with `··`                                                                                                                                                                                                                                                                        prettier/prettier
   19:1   error    Replace `↹` with `··`                                                                                                                                                                                                                                                                        prettier/prettier
   20:1   error    Replace `↹` with `··`                                                                                                                                                                                                                                                                        prettier/prettier
   20:10  error    Unexpected empty method 'login'                                                                                                                                                                                                                                                              @typescript-eslint/no-empty-function
   22:1   error    Replace `↹@ApiOperation({summary:·'인증·후·Oauth·provider에서·redirect되고·인증·정보를·받음'` with `··@ApiOperation({⏎····summary:·'인증·후·Oauth·provider에서·redirect되고·인증·정보를·받음',⏎··`                                                                                                                       prettier/prettier
   24:1   error    Replace `↹` with `··`                                                                                                                                                                                                                                                                        prettier/prettier
   25:1   error    Replace `↹` with `··`                                                                                                                                                                                                                                                                        prettier/prettier
   26:1   error    Replace `↹↹` with `····`                                                                                                                                                                                                                                                                     prettier/prettier
   27:1   error    Replace `↹↹` with `····`                                                                                                                                                                                                                                                                     prettier/prettier
   28:1   error    Replace `↹↹↹` with `······`                                                                                                                                                                                                                                                                  prettier/prettier
   29:1   error    Replace `↹↹` with `····`                                                                                                                                                                                                                                                                     prettier/prettier
   30:1   error    Replace `↹↹` with `····`                                                                                                                                                                                                                                                                     prettier/prettier
   31:1   error    Replace `↹` with `··`                                                                                                                                                                                                                                                                        prettier/prettier
   33:1   error    Replace `↹@ApiOperation({summary:·'포트폴리오·데모용·게스트·계정·생성·후·로그인'` with `··@ApiOperation({·summary:·'포트폴리오·데모용·게스트·계정·생성·후·로그인'·`                                                                                                                                                                prettier/prettier
   34:1   error    Replace `↹` with `··`                                                                                                                                                                                                                                                                        prettier/prettier
   35:1   error    Replace `↹` with `··`                                                                                                                                                                                                                                                                        prettier/prettier
   36:1   error    Replace `↹↹` with `····`                                                                                                                                                                                                                                                                     prettier/prettier
   37:1   error    Replace `↹↹` with `····`                                                                                                                                                                                                                                                                     prettier/prettier
   38:1   error    Replace `↹↹` with `····`                                                                                                                                                                                                                                                                     prettier/prettier
   39:1   error    Replace `↹↹↹` with `······`                                                                                                                                                                                                                                                                  prettier/prettier
   40:1   error    Replace `↹↹↹if·(['http:',·'https:'].includes(new·URL(process.env.FRONT_URL).protocol)⏎↹↹↹↹&&·req.headers.origin·===·frontendOrigin` with `······if·(⏎········['http:',·'https:'].includes(new·URL(process.env.FRONT_URL).protocol)·&&⏎········req.headers.origin·===·frontendOrigin⏎······`  prettier/prettier
   42:1   error    Replace `↹↹↹↹` with `········`                                                                                                                                                                                                                                                               prettier/prettier
   43:1   error    Replace `↹↹↹↹` with `········`                                                                                                                                                                                                                                                               prettier/prettier
   44:1   error    Replace `↹↹↹↹` with `········`                                                                                                                                                                                                                                                               prettier/prettier
   45:1   error    Replace `↹↹↹` with `······`                                                                                                                                                                                                                                                                  prettier/prettier
   46:1   error    Replace `↹↹}·catch·{·/*·Invalid/missing·FRONT_URL·never·broadens·credential·access.·*/` with `····}·catch·{⏎······/*·Invalid/missing·FRONT_URL·never·broadens·credential·access.·*/⏎···`                                                                                                     prettier/prettier
   47:1   error    Replace `↹↹` with `····`                                                                                                                                                                                                                                                                     prettier/prettier
   48:1   error    Replace `↹↹↹` with `······`                                                                                                                                                                                                                                                                  prettier/prettier
   50:1   error    Replace `↹↹` with `····`                                                                                                                                                                                                                                                                     prettier/prettier
   51:1   error    Replace `↹↹` with `····`                                                                                                                                                                                                                                                                     prettier/prettier
   52:1   error    Replace `↹↹` with `····`                                                                                                                                                                                                                                                                     prettier/prettier
   53:1   error    Replace `↹↹↹` with `······`                                                                                                                                                                                                                                                                  prettier/prettier
   54:1   error    Replace `↹↹` with `····`                                                                                                                                                                                                                                                                     prettier/prettier
   55:1   error    Replace `↹↹` with `····`                                                                                                                                                                                                                                                                     prettier/prettier
   56:1   error    Replace `↹` with `··`                                                                                                                                                                                                                                                                        prettier/prettier
   58:1   error    Replace `↹@ApiOperation({summary:·'로그아웃'` with `··@ApiOperation({·summary:·'로그아웃'·`                                                                                                                                                                                                          prettier/prettier
   59:1   error    Replace `↹` with `··`                                                                                                                                                                                                                                                                        prettier/prettier
   60:1   error    Replace `↹` with `··`                                                                                                                                                                                                                                                                        prettier/prettier
   61:1   error    Replace `↹` with `··`                                                                                                                                                                                                                                                                        prettier/prettier
   62:1   error    Replace `↹↹console.log("logout\n"` with `····console.log('logout\n'`                                                                                                                                                                                                                         prettier/prettier
   63:1   error    Replace `↹↹` with `····`                                                                                                                                                                                                                                                                     prettier/prettier
   64:1   error    Replace `↹↹if·(user.need2fa·===·true·&&·user.is2fa·===·true)⏎↹↹↹` with `····if·(user.need2fa·===·true·&&·user.is2fa·===·true)·`                                                                                                                                                              prettier/prettier
   66:1   error    Replace `↹↹` with `····`                                                                                                                                                                                                                                                                     prettier/prettier
   67:1   error    Replace `↹↹` with `····`                                                                                                                                                                                                                                                                     prettier/prettier
   68:1   error    Replace `↹↹` with `····`                                                                                                                                                                                                                                                                     prettier/prettier
   69:1   error    Replace `↹` with `··`                                                                                                                                                                                                                                                                        prettier/prettier
   71:1   error    Replace `↹@ApiOperation({summary:·'2FA·인증·코드·발송'` with `··@ApiOperation({·summary:·'2FA·인증·코드·발송'·`                                                                                                                                                                                          prettier/prettier
   72:1   error    Replace `↹` with `··`                                                                                                                                                                                                                                                                        prettier/prettier
   73:1   error    Replace `↹` with `··`                                                                                                                                                                                                                                                                        prettier/prettier
   75:1   error    Replace `↹↹` with `····`                                                                                                                                                                                                                                                                     prettier/prettier
   76:1   error    Replace `↹↹` with `····`                                                                                                                                                                                                                                                                     prettier/prettier
   77:1   error    Replace `↹↹` with `····`                                                                                                                                                                                                                                                                     prettier/prettier
   78:1   error    Replace `↹↹` with `····`                                                                                                                                                                                                                                                                     prettier/prettier
   79:1   error    Replace `↹` with `··`                                                                                                                                                                                                                                                                        prettier/prettier
   81:1   error    Replace `↹@ApiOperation({summary:·'2FA·코드·인증'` with `··@ApiOperation({·summary:·'2FA·코드·인증'·`                                                                                                                                                                                                prettier/prettier
   82:1   error    Replace `↹` with `··`                                                                                                                                                                                                                                                                        prettier/prettier
   83:1   error    Replace `↹` with `··`                                                                                                                                                                                                                                                                        prettier/prettier
   84:1   error    Replace `↹` with `··`                                                                                                                                                                                                                                                                        prettier/prettier
   85:1   error    Replace `↹↹` with `····`                                                                                                                                                                                                                                                                     prettier/prettier
   86:1   error    Replace `↹↹` with `····`                                                                                                                                                                                                                                                                     prettier/prettier
   87:1   error    Replace `↹↹if·(verify)⏎↹↹` with `····if·(verify)·`                                                                                                                                                                                                                                           prettier/prettier
   89:1   error    Replace `↹↹↹` with `······`                                                                                                                                                                                                                                                                  prettier/prettier
   90:1   error    Replace `↹↹↹if·(user.need2fa·===·true·&&·user.is2fa·===·false)⏎↹↹↹` with `······if·(user.need2fa·===·true·&&·user.is2fa·===·false)·`                                                                                                                                                         prettier/prettier
   92:1   error    Replace `↹↹↹↹` with `········`                                                                                                                                                                                                                                                               prettier/prettier
   93:1   error    Replace `↹↹↹↹` with `········`                                                                                                                                                                                                                                                               prettier/prettier
   94:1   error    Replace `↹↹↹` with `······`                                                                                                                                                                                                                                                                  prettier/prettier
   95:1   error    Replace `↹↹↹console.log("2FA·인증·완료"` with `······console.log('2FA·인증·완료'`                                                                                                                                                                                                                    prettier/prettier
   96:1   error    Replace `↹↹↹` with `······`                                                                                                                                                                                                                                                                  prettier/prettier
   97:1   error    Replace `↹↹}⏎↹↹else⏎↹↹` with `····}·else·`                                                                                                                                                                                                                                                   prettier/prettier
  100:1   error    Replace `↹↹↹console.log("2FA·인증·실패"` with `······console.log('2FA·인증·실패'`                                                                                                                                                                                                                    prettier/prettier
  101:1   error    Replace `↹↹↹` with `······`                                                                                                                                                                                                                                                                  prettier/prettier
  102:1   error    Replace `↹↹` with `····`                                                                                                                                                                                                                                                                     prettier/prettier
  103:1   error    Replace `↹` with `··`                                                                                                                                                                                                                                                                        prettier/prettier

/Users/sm/dev_park/ft_transcendence_project/backend/src/auth/auth.module.ts
  11:1  error  Delete `⏎`                                                                           prettier/prettier
  13:1  error  Replace `↹` with `··`                                                                prettier/prettier
  14:1  error  Replace `↹↹` with `····`                                                             prettier/prettier
  15:1  error  Replace `↹↹` with `····`                                                             prettier/prettier
  16:1  error  Replace `↹↹↹secret:·""` with `······secret:·''`                                      prettier/prettier
  17:1  error  Replace `↹↹` with `····`                                                             prettier/prettier
  19:1  error  Replace `↹controllers:·[⏎↹↹AuthController,⏎↹` with `··controllers:·[AuthController`  prettier/prettier
  22:1  error  Replace `↹` with `··`                                                                prettier/prettier
  23:1  error  Replace `↹↹` with `····`                                                             prettier/prettier
  24:1  error  Replace `↹↹` with `····`                                                             prettier/prettier
  25:1  error  Replace `↹↹` with `····`                                                             prettier/prettier
  26:1  error  Replace `↹↹` with `····`                                                             prettier/prettier
  27:1  error  Replace `↹↹` with `····`                                                             prettier/prettier
  28:1  error  Replace `↹↹` with `····`                                                             prettier/prettier
  29:1  error  Replace `↹` with `··`                                                                prettier/prettier
  30:1  error  Replace `↹exports:·[⏎↹↹AuthService,⏎↹` with `··exports:·[AuthService`                prettier/prettier

/Users/sm/dev_park/ft_transcendence_project/backend/src/auth/auth.service.ts
   1:22  warning  'Inject' is defined but never used                                                                        @typescript-eslint/no-unused-vars
   1:30  warning  'CACHE_MANAGER' is defined but never used                                                                 @typescript-eslint/no-unused-vars
   1:51  error    Replace `"@nestjs/common"` with `'@nestjs/common'`                                                        prettier/prettier
   3:30  error    Replace `"./email.service"` with `'./email.service'`                                                      prettier/prettier
   7:1   error    Replace `↹` with `··`                                                                                     prettier/prettier
   8:1   error    Replace `↹↹` with `····`                                                                                  prettier/prettier
   9:1   error    Replace `↹↹` with `····`                                                                                  prettier/prettier
  10:1   error    Replace `↹↹` with `··`                                                                                    prettier/prettier
  11:1   error    Replace `↹↹private·codes·=·new·Map<·string,·string·` with `··private·codes·=·new·Map<string,·string`      prettier/prettier
  13:1   error    Replace `↹` with `··`                                                                                     prettier/prettier
  14:1   error    Replace `↹↹` with `····`                                                                                  prettier/prettier
  15:1   error    Replace `↹↹↹` with `······`                                                                               prettier/prettier
  16:1   error    Replace `↹↹}` with `····};`                                                                               prettier/prettier
  17:1   error    Replace `↹↹` with `····`                                                                                  prettier/prettier
  18:1   error    Replace `↹↹↹↹` with `······`                                                                              prettier/prettier
  19:1   error    Replace `↹↹↹↹` with `······`                                                                              prettier/prettier
  20:1   error    Replace `↹↹↹` with `····`                                                                                 prettier/prettier
  21:1   error    Replace `↹` with `··`                                                                                     prettier/prettier
  23:1   error    Replace `↹` with `··`                                                                                     prettier/prettier
  24:1   error    Replace `↹↹` with `····`                                                                                  prettier/prettier
  25:1   error    Replace `↹↹` with `····`                                                                                  prettier/prettier
  26:1   error    Replace `↹↹↹code·+=·Math.floor(Math.random()·*·10)` with `······code·+=·Math.floor(Math.random()·*·10);`  prettier/prettier
  27:1   error    Replace `↹↹` with `····`                                                                                  prettier/prettier
  28:1   error    Replace `↹↹` with `····`                                                                                  prettier/prettier
  29:1   error    Replace `↹↹` with `····`                                                                                  prettier/prettier
  30:1   error    Replace `↹↹` with `····`                                                                                  prettier/prettier
  31:1   error    Replace `↹↹` with `····`                                                                                  prettier/prettier
  32:1   error    Replace `↹` with `··`                                                                                     prettier/prettier
  34:1   error    Replace `↹` with `··`                                                                                     prettier/prettier
  35:1   error    Replace `↹↹` with `····`                                                                                  prettier/prettier
  36:1   error    Replace `↹` with `··`                                                                                     prettier/prettier
  38:1   error    Replace `↹` with `··`                                                                                     prettier/prettier
  39:1   error    Replace `↹↹` with `····`                                                                                  prettier/prettier
  40:1   error    Replace `↹↹` with `····`                                                                                  prettier/prettier
  41:1   error    Replace `↹` with `··`                                                                                     prettier/prettier

/Users/sm/dev_park/ft_transcendence_project/backend/src/auth/email.service.ts
   4:28  error  Replace `"@nestjs/common"` with `'@nestjs/common'`                                                                        prettier/prettier
  14:1   error  Replace `↹` with `··`                                                                                                     prettier/prettier
  16:1   error  Replace `↹` with `··`                                                                                                     prettier/prettier
  21:35  error  Insert `,`                                                                                                                prettier/prettier
  22:1   error  Replace `↹↹↹↹` with `········`                                                                                            prettier/prettier
  23:8   error  Insert `,`                                                                                                                prettier/prettier
  25:1   error  Replace `↹` with `··`                                                                                                     prettier/prettier
  27:1   error  Replace `↹async·sendJoinMail(email:·string,·token:·string)⏎↹` with `··async·sendJoinMail(email:·string,·token:·string)·`  prettier/prettier
  29:1   error  Replace `↹↹` with `····`                                                                                                  prettier/prettier
  30:1   error  Replace `↹↹↹` with `······`                                                                                               prettier/prettier
  31:1   error  Replace `↹↹↹` with `······`                                                                                               prettier/prettier
  32:1   error  Replace `↹↹↹` with `······`                                                                                               prettier/prettier
  35:5   error  Insert `,`                                                                                                                prettier/prettier
  36:1   error  Replace `↹↹}` with `····};`                                                                                               prettier/prettier
  38:1   error  Replace `↹↹` with `····`                                                                                                  prettier/prettier
  39:1   error  Replace `↹` with `··`                                                                                                     prettier/prettier

/Users/sm/dev_park/ft_transcendence_project/backend/src/auth/ft.strategy.ts
   1:34  error  Replace `"@nestjs/passport"` with `'@nestjs/passport'`                                                                                                                                      prettier/prettier
   2:35  error  Replace `"passport-42"` with `'passport-42'`                                                                                                                                                prettier/prettier
   3:28  error  Replace `"@nestjs/common"` with `'@nestjs/common'`                                                                                                                                          prettier/prettier
   4:22  error  Replace `"../user/entity/user.entity"` with `'../user/entity/user.entity'`                                                                                                                  prettier/prettier
   5:29  error  Replace `"./auth.service"` with `'./auth.service'`                                                                                                                                          prettier/prettier
   6:29  error  Replace `"../user/user.service"` with `'../user/user.service'`                                                                                                                              prettier/prettier
   7:32  error  Replace `"src/user/profile.service"` with `'src/user/profile.service'`                                                                                                                      prettier/prettier
  11:1   error  Replace `↹` with `··`                                                                                                                                                                       prettier/prettier
  12:1   error  Replace `↹↹` with `····`                                                                                                                                                                    prettier/prettier
  13:1   error  Replace `↹↹` with `····`                                                                                                                                                                    prettier/prettier
  14:1   error  Replace `↹↹` with `····`                                                                                                                                                                    prettier/prettier
  15:1   error  Replace `↹↹` with `··`                                                                                                                                                                      prettier/prettier
  16:1   error  Replace `↹↹` with `····`                                                                                                                                                                    prettier/prettier
  17:1   error  Replace `↹↹↹` with `······`                                                                                                                                                                 prettier/prettier
  18:1   error  Replace `↹↹↹` with `······`                                                                                                                                                                 prettier/prettier
  19:1   error  Replace `↹↹↹` with `······`                                                                                                                                                                 prettier/prettier
  20:1   error  Replace `↹↹↹scope:·['public']` with `······scope:·['public'],`                                                                                                                              prettier/prettier
  21:1   error  Replace `↹↹` with `····`                                                                                                                                                                    prettier/prettier
  22:1   error  Replace `↹` with `··`                                                                                                                                                                       prettier/prettier
  24:1   error  Replace `↹async·validate(accessToken:·string,·refreshToken:·string,·profile:·Profile` with `··async·validate(⏎····accessToken:·string,⏎····refreshToken:·string,⏎····profile:·Profile,⏎··`  prettier/prettier
  25:1   error  Replace `↹↹↹` with `····`                                                                                                                                                                   prettier/prettier
  26:1   error  Replace `↹↹↹` with `····`                                                                                                                                                                   prettier/prettier
  27:1   error  Replace `↹↹↹` with `····`                                                                                                                                                                   prettier/prettier
  28:1   error  Replace `↹↹↹↹` with `······`                                                                                                                                                                prettier/prettier
  29:1   error  Replace `↹↹↹` with `····`                                                                                                                                                                   prettier/prettier
  30:1   error  Replace `↹↹↹` with `····`                                                                                                                                                                   prettier/prettier
  31:1   error  Replace `↹↹↹↹` with `······`                                                                                                                                                                prettier/prettier
  32:1   error  Replace `↹↹↹↹` with `······`                                                                                                                                                                prettier/prettier
  33:1   error  Replace `↹↹↹↹` with `······`                                                                                                                                                                prettier/prettier
  34:1   error  Replace `↹↹↹` with `····`                                                                                                                                                                   prettier/prettier
  35:1   error  Replace `↹↹↹` with `····`                                                                                                                                                                   prettier/prettier
  36:1   error  Replace `↹↹↹` with `····`                                                                                                                                                                   prettier/prettier
  37:1   error  Replace `↹` with `··`                                                                                                                                                                       prettier/prettier

/Users/sm/dev_park/ft_transcendence_project/backend/src/auth/jwt.auth.guard.ts
  10:38  warning  'info' is defined but never used     @typescript-eslint/no-unused-vars
  10:49  warning  'context' is defined but never used  @typescript-eslint/no-unused-vars
  10:63  warning  'status' is defined but never used   @typescript-eslint/no-unused-vars
  12:1   error    Replace `↹↹↹` with `······`          prettier/prettier

/Users/sm/dev_park/ft_transcendence_project/backend/src/auth/jwt.strategy.ts
   8:1   error  Replace `↹` with `··`                                                                     prettier/prettier
   9:1   error  Replace `↹` with `··`                                                                     prettier/prettier
  14:15  error  Replace `⏎↹↹private·userService:·UserService,⏎↹` with `private·userService:·UserService`  prettier/prettier
  19:1   error  Replace `↹↹↹` with `······`                                                               prettier/prettier
  20:1   error  Replace `↹↹↹` with `······`                                                               prettier/prettier
  24:1   error  Replace `⏎↹` with `··`                                                                    prettier/prettier
  26:1   error  Replace `↹↹` with `····`                                                                  prettier/prettier
  27:1   error  Replace `↹↹` with `····`                                                                  prettier/prettier
  28:1   error  Replace `↹↹` with `····`                                                                  prettier/prettier
  29:1   error  Replace `↹↹↹` with `······`                                                               prettier/prettier
  30:1   error  Replace `↹↹` with `····`                                                                  prettier/prettier
  32:1   error  Replace `↹↹` with `····`                                                                  prettier/prettier
  33:1   error  Replace `↹` with `··`                                                                     prettier/prettier

/Users/sm/dev_park/ft_transcendence_project/backend/src/chat/channel.interface.ts
   1:22  error  Replace `"src/user/entity/user.entity"` with `'src/user/entity/user.entity'`  prettier/prettier
   2:25  error  Replace `"./entity/message.entity"` with `'./entity/message.entity'`          prettier/prettier
   7:1   error  Replace `↹` with `··`                                                         prettier/prettier
   9:1   error  Replace `↹` with `··`                                                         prettier/prettier
  10:1   error  Replace `↹` with `··`                                                         prettier/prettier
  11:1   error  Replace `↹` with `··`                                                         prettier/prettier
  12:1   error  Replace `↹` with `··`                                                         prettier/prettier
  13:1   error  Replace `↹` with `··`                                                         prettier/prettier
  14:1   error  Replace `↹` with `··`                                                         prettier/prettier
  15:1   error  Replace `↹` with `··`                                                         prettier/prettier
  16:1   error  Replace `↹` with `··`                                                         prettier/prettier
  17:1   error  Replace `↹` with `··`                                                         prettier/prettier

/Users/sm/dev_park/ft_transcendence_project/backend/src/chat/chat.controller.ts
  1:22  warning  'Get' is defined but never used  @typescript-eslint/no-unused-vars
  7:1   error    Delete `⏎`                       prettier/prettier

/Users/sm/dev_park/ft_transcendence_project/backend/src/chat/chat.gateway.ts
    2:1   error    Replace `↹` with `··`                                                                                                                                                                                                                                                                                                                                                        prettier/prettier
    3:1   error    Replace `↹` with `··`                                                                                                                                                                                                                                                                                                                                                        prettier/prettier
    7:1   error    Replace `↹` with `··`                                                                                                                                                                                                                                                                                                                                                        prettier/prettier
    8:1   error    Replace `↹` with `··`                                                                                                                                                                                                                                                                                                                                                        prettier/prettier
    9:1   error    Replace `↹` with `··`                                                                                                                                                                                                                                                                                                                                                        prettier/prettier
   19:10  warning  'UserStatus' is defined but never used                                                                                                                                                                                                                                                                                                                                       @typescript-eslint/no-unused-vars
   21:1   error    Delete `⏎`                                                                                                                                                                                                                                                                                                                                                                   prettier/prettier
   23:1   error    Replace `↹` with `··`                                                                                                                                                                                                                                                                                                                                                        prettier/prettier
   24:1   error    Replace `↹↹origin:·"*"` with `····origin:·'*'`                                                                                                                                                                                                                                                                                                                               prettier/prettier
   25:1   error    Replace `↹↹allowedHeaders:·["authorization"]` with `····allowedHeaders:·['authorization'],`                                                                                                                                                                                                                                                                                  prettier/prettier
   26:1   error    Replace `↹` with `··`                                                                                                                                                                                                                                                                                                                                                        prettier/prettier
   27:1   error    Replace `↹` with `··`                                                                                                                                                                                                                                                                                                                                                        prettier/prettier
   28:1   error    Replace `↹` with `··`                                                                                                                                                                                                                                                                                                                                                        prettier/prettier
   29:1   error    Replace `↹` with `··`                                                                                                                                                                                                                                                                                                                                                        prettier/prettier
   31:25  error    Replace `·implements·OnGatewayInit,·OnGatewayConnection,·OnGatewayDisconnect·` with `⏎··implements·OnGatewayInit,·OnGatewayConnection,·OnGatewayDisconnect⏎`                                                                                                                                                                                                                 prettier/prettier
   32:1   error    Replace `↹` with `··`                                                                                                                                                                                                                                                                                                                                                        prettier/prettier
   33:1   error    Replace `↹↹` with `····`                                                                                                                                                                                                                                                                                                                                                     prettier/prettier
   34:1   error    Replace `↹↹` with `····`                                                                                                                                                                                                                                                                                                                                                     prettier/prettier
   35:1   error    Replace `↹↹` with `····`                                                                                                                                                                                                                                                                                                                                                     prettier/prettier
   36:1   error    Replace `↹↹` with `····`                                                                                                                                                                                                                                                                                                                                                     prettier/prettier
   37:1   error    Replace `↹)·{·` with `··)·{`                                                                                                                                                                                                                                                                                                                                                 prettier/prettier
   38:1   error    Replace `↹` with `··`                                                                                                                                                                                                                                                                                                                                                        prettier/prettier
   39:1   error    Replace `↹private·sockets·=·new·Map<·number,·{·socket:·AuthSocket;·channels:·number[]·}` with `··private·sockets·=·new·Map<⏎····number,⏎····{·socket:·AuthSocket;·channels:·number[]·}⏎·`                                                                                                                                                                                    prettier/prettier
   41:1   error    Replace `↹async·broadcast(userId:·number,·userName:·string,·channelId:·number,·message:·string` with `··async·broadcast(⏎····userId:·number,⏎····userName:·string,⏎····channelId:·number,⏎····message:·string,⏎··`                                                                                                                                                           prettier/prettier
   42:1   error    Replace `↹↹try` with `····try·`                                                                                                                                                                                                                                                                                                                                              prettier/prettier
   43:1   error    Replace `↹↹↹` with `······`                                                                                                                                                                                                                                                                                                                                                  prettier/prettier
   44:1   error    Replace `↹↹↹const·users·=·Array.from(sockets)⏎↹↹↹.filter(({·channels·})·=>·channels.includes(channelId)` with `······const·users·=·Array.from(sockets).filter(({·channels·})·=>⏎········channels.includes(channelId),⏎······`                                                                                                                                                prettier/prettier
   46:1   error    Replace `↹↹↹` with `······`                                                                                                                                                                                                                                                                                                                                                  prettier/prettier
   47:1   error    Replace `↹↹↹const·nonBlockUsers·=·users.filter(({·socket·})·=>·socket.user.blocks.includes(userId)·==·false` with `······const·nonBlockUsers·=·users.filter(⏎········({·socket·})·=>·socket.user.blocks.includes(userId)·==·false,⏎······`                                                                                                                                   prettier/prettier
   48:1   error    Replace `↹↹↹nonBlockUsers.map(({·socket·})·=>·socket.emit('message',·{·channel:·channelId,·message:·message,·userId:·userId,·userName:·userName·}))` with `······nonBlockUsers.map(({·socket·})·=>⏎········socket.emit('message',·{⏎··········channel:·channelId,⏎··········message:·message,⏎··········userId:·userId,⏎··········userName:·userName,⏎········}),⏎······);`  prettier/prettier
   49:1   error    Replace `↹↹}⏎↹↹` with `····}·`                                                                                                                                                                                                                                                                                                                                               prettier/prettier
   51:1   error    Replace `↹` with `··`                                                                                                                                                                                                                                                                                                                                                        prettier/prettier
   53:1   error    Replace `↹async·dm(userId:·number,·userName:·string,·otherUserId:·number,·message:·string` with `··async·dm(⏎····userId:·number,⏎····userName:·string,⏎····otherUserId:·number,⏎····message:·string,⏎··`                                                                                                                                                                     prettier/prettier
   54:1   error    Replace `↹↹try` with `····try·`                                                                                                                                                                                                                                                                                                                                              prettier/prettier
   55:1   error    Replace `↹↹↹` with `······`                                                                                                                                                                                                                                                                                                                                                  prettier/prettier
   56:1   error    Replace `↹↹↹console.log("message·:·"` with `······console.log('message·:·'`                                                                                                                                                                                                                                                                                                  prettier/prettier
   57:1   error    Replace `↹↹↹const·users·=·Array.from(sockets)⏎↹↹↹.filter(({·socket·})·=>·socket.user.id·==·userId·||·socket.user.id·==·otherUserId)` with `······const·users·=·Array.from(sockets).filter(⏎········({·socket·})·=>⏎··········socket.user.id·==·userId·||·socket.user.id·==·otherUserId,⏎······);`                                                                            prettier/prettier
   59:1   error    Replace `↹↹↹console.log("userId·:·"` with `······console.log('userId·:·'`                                                                                                                                                                                                                                                                                                    prettier/prettier
   60:1   error    Replace `↹↹↹console.log("otherUserId·:·"` with `······console.log('otherUserId·:·'`                                                                                                                                                                                                                                                                                          prettier/prettier
   61:1   error    Replace `↹↹↹` with `······`                                                                                                                                                                                                                                                                                                                                                  prettier/prettier
   62:1   error    Replace `↹↹↹↹console.log("socket·:·"` with `········console.log('socket·:·'`                                                                                                                                                                                                                                                                                                 prettier/prettier
   63:1   error    Replace `↹↹↹↹` with `········`                                                                                                                                                                                                                                                                                                                                               prettier/prettier
   64:1   error    Replace `↹↹↹↹↹socket.emit('direct-message',·{·channel:·otherUserId,·message:·message,·userId:·userId,·userName:·userName·})` with `··········socket.emit('direct-message',·{⏎············channel:·otherUserId,⏎············message:·message,⏎············userId:·userId,⏎············userName:·userName,⏎··········});`                                                      prettier/prettier
   65:1   error    Replace `↹↹↹↹}⏎↹↹↹↹` with `········}·`                                                                                                                                                                                                                                                                                                                                       prettier/prettier
   67:1   error    Replace `↹↹↹↹↹socket.emit('direct-message',·{·channel:·userId,·message:·message,·userId:·userId,·userName:·userName·})` with `··········socket.emit('direct-message',·{⏎············channel:·userId,⏎············message:·message,⏎············userId:·userId,⏎············userName:·userName,⏎··········});`                                                                prettier/prettier
   68:1   error    Replace `↹↹↹↹` with `········`                                                                                                                                                                                                                                                                                                                                               prettier/prettier
   69:1   error    Replace `↹↹↹})` with `······});`                                                                                                                                                                                                                                                                                                                                             prettier/prettier
   70:1   error    Replace `↹↹}⏎↹↹` with `····}·`                                                                                                                                                                                                                                                                                                                                               prettier/prettier
   72:1   error    Replace `↹` with `··`                                                                                                                                                                                                                                                                                                                                                        prettier/prettier
   74:1   error    Replace `↹` with `··`                                                                                                                                                                                                                                                                                                                                                        prettier/prettier
   76:1   error    Replace `↹` with `··`                                                                                                                                                                                                                                                                                                                                                        prettier/prettier
   77:1   error    Replace `↹` with `··`                                                                                                                                                                                                                                                                                                                                                        prettier/prettier
   78:1   error    Replace `↹↹` with `····`                                                                                                                                                                                                                                                                                                                                                     prettier/prettier
   79:1   error    Replace `↹↹` with `····`                                                                                                                                                                                                                                                                                                                                                     prettier/prettier
   80:1   error    Replace `↹` with `··`                                                                                                                                                                                                                                                                                                                                                        prettier/prettier
   82:1   error    Replace `↹` with `··`                                                                                                                                                                                                                                                                                                                                                        prettier/prettier
   83:1   error    Replace `↹` with `··`                                                                                                                                                                                                                                                                                                                                                        prettier/prettier
   84:1   error    Replace `↹↹` with `····`                                                                                                                                                                                                                                                                                                                                                     prettier/prettier
   85:1   error    Replace `↹↹const·channel_list·=·channels.map(({·id,·name,·admins,·owner·})·=>·({·id,·name,·admins,·owner` with `····const·channel_list·=·channels.map(({·id,·name,·admins,·owner·})·=>·({⏎······id,⏎······name,⏎······admins,⏎······owner,⏎···`                                                                                                                              prettier/prettier
   86:1   error    Replace `↹↹` with `····`                                                                                                                                                                                                                                                                                                                                                     prettier/prettier
   87:1   error    Replace `↹↹` with `····`                                                                                                                                                                                                                                                                                                                                                     prettier/prettier
   88:1   error    Replace `↹↹` with `····`                                                                                                                                                                                                                                                                                                                                                     prettier/prettier
   89:1   error    Replace `↹` with `··`                                                                                                                                                                                                                                                                                                                                                        prettier/prettier
   91:1   error    Replace `↹` with `··`                                                                                                                                                                                                                                                                                                                                                        prettier/prettier
   92:1   error    Replace `↹` with `··`                                                                                                                                                                                                                                                                                                                                                        prettier/prettier
   93:1   error    Replace `↹↹` with `····`                                                                                                                                                                                                                                                                                                                                                     prettier/prettier
   94:1   error    Replace `↹↹const·channel_list·=·channels.map(({·id,·name,·isPrivate·})·=>·({·id,·name,·isPrivate` with `····const·channel_list·=·channels.map(({·id,·name,·isPrivate·})·=>·({⏎······id,⏎······name,⏎······isPrivate,⏎···`                                                                                                                                                    prettier/prettier
   95:1   error    Replace `↹↹` with `····`                                                                                                                                                                                                                                                                                                                                                     prettier/prettier
   96:1   error    Replace `↹` with `··`                                                                                                                                                                                                                                                                                                                                                        prettier/prettier
   98:1   error    Replace `↹` with `··`                                                                                                                                                                                                                                                                                                                                                        prettier/prettier
   99:1   error    Replace `↹async·allMessage(@ConnectedSocket()·socket:·AuthSocket,·@MessageBody()·data:·number` with `··async·allMessage(⏎····@ConnectedSocket()·socket:·AuthSocket,⏎····@MessageBody()·data:·number,⏎··`                                                                                                                                                                     prettier/prettier
  100:1   error    Replace `↹↹` with `····`                                                                                                                                                                                                                                                                                                                                                     prettier/prettier
  101:1   error    Replace `↹↹if·(messages)` with `····if·(messages)·`                                                                                                                                                                                                                                                                                                                          prettier/prettier
  102:1   error    Replace `↹↹↹const·message_list·=·messages.map(({·message,·user·})·=>·({·message,·userId:·user.id,·userName:·user.nickname` with `······const·message_list·=·messages⏎········.map(({·message,·user·})·=>·({⏎··········message,⏎··········userId:·user.id,⏎··········userName:·user.nickname,⏎·······`                                                                        prettier/prettier
  103:1   error    Replace `↹↹↹` with `········`                                                                                                                                                                                                                                                                                                                                                prettier/prettier
  104:1   error    Replace `↹↹↹` with `······`                                                                                                                                                                                                                                                                                                                                                  prettier/prettier
  105:1   error    Replace `↹↹` with `····`                                                                                                                                                                                                                                                                                                                                                     prettier/prettier
  106:1   error    Replace `↹` with `··`                                                                                                                                                                                                                                                                                                                                                        prettier/prettier
  108:1   error    Replace `↹` with `··`                                                                                                                                                                                                                                                                                                                                                        prettier/prettier
  109:1   error    Replace `↹async·allDirectMessage(@ConnectedSocket()·socket:·AuthSocket,·@MessageBody()·data:·{·userId:·number,·otherUserId:·number·},` with `··async·allDirectMessage(⏎····@ConnectedSocket()·socket:·AuthSocket,⏎····@MessageBody()·data:·{·userId:·number;·otherUserId:·number·},⏎··`                                                                                      prettier/prettier
  110:1   error    Replace `↹↹const·messages·=·await·this.chatService.getAllDirectMessages(data.userId,·data.otherUserId` with `····const·messages·=·await·this.chatService.getAllDirectMessages(⏎······data.userId,⏎······data.otherUserId,⏎····`                                                                                                                                              prettier/prettier
  111:1   error    Replace `↹↹console.log("메세지·:"` with `····console.log('메세지·:'`                                                                                                                                                                                                                                                                                                               prettier/prettier
  112:1   error    Replace `↹↹if·(messages)` with `····if·(messages)·`                                                                                                                                                                                                                                                                                                                          prettier/prettier
  113:1   error    Replace `↹↹↹const·message_list·=·messages.map(({·message,·user·})·=>·({·message,·userId:·user.id,·userName:·user.nickname` with `······const·message_list·=·messages⏎········.map(({·message,·user·})·=>·({⏎··········message,⏎··········userId:·user.id,⏎··········userName:·user.nickname,⏎·······`                                                                        prettier/prettier
  114:1   error    Replace `↹↹↹` with `········`                                                                                                                                                                                                                                                                                                                                                prettier/prettier
  115:1   error    Replace `↹↹↹socket.emit('all-direct-message',·{·channel:·data.otherUserId,·messages:·message_list` with `······socket.emit('all-direct-message',·{⏎········channel:·data.otherUserId,⏎········messages:·message_list,⏎·····`                                                                                                                                                 prettier/prettier
  116:1   error    Replace `↹↹` with `····`                                                                                                                                                                                                                                                                                                                                                     prettier/prettier
  117:1   error    Replace `↹` with `··`                                                                                                                                                                                                                                                                                                                                                        prettier/prettier
  119:1   error    Replace `↹` with `··`                                                                                                                                                                                                                                                                                                                                                        prettier/prettier
  120:1   error    Replace `↹` with `··`                                                                                                                                                                                                                                                                                                                                                        prettier/prettier
  121:1   error    Replace `↹↹` with `····`                                                                                                                                                                                                                                                                                                                                                     prettier/prettier
  122:1   error    Replace `↹↹` with `····`                                                                                                                                                                                                                                                                                                                                                     prettier/prettier
  123:1   error    Replace `↹)` with `··)·`                                                                                                                                                                                                                                                                                                                                                     prettier/prettier
  124:1   error    Replace `↹↹` with `····`                                                                                                                                                                                                                                                                                                                                                     prettier/prettier
  125:1   error    Replace `↹↹↹const·response·=·await·this.chatService.createChannel(data,·socket.user.id` with `······const·response·=·await·this.chatService.createChannel(⏎········data,⏎········socket.user.id,⏎······`                                                                                                                                                                     prettier/prettier
  126:1   error    Replace `↹↹↹` with `······`                                                                                                                                                                                                                                                                                                                                                  prettier/prettier
  127:1   error    Replace `↹↹↹↹` with `········`                                                                                                                                                                                                                                                                                                                                               prettier/prettier
  128:1   error    Replace `↹↹↹↹` with `········`                                                                                                                                                                                                                                                                                                                                               prettier/prettier
  129:1   error    Replace `↹↹↹` with `······`                                                                                                                                                                                                                                                                                                                                                  prettier/prettier
  130:1   error    Replace `↹↹↹` with `······`                                                                                                                                                                                                                                                                                                                                                  prettier/prettier
  131:1   error    Replace `↹↹↹` with `······`                                                                                                                                                                                                                                                                                                                                                  prettier/prettier
  132:1   error    Replace `↹↹↹` with `······`                                                                                                                                                                                                                                                                                                                                                  prettier/prettier
  133:1   error    Replace `↹↹↹const·users·=·Array.from(sockets)` with `······const·users·=·Array.from(sockets);`                                                                                                                                                                                                                                                                               prettier/prettier
  134:1   error    Replace `↹↹↹` with `······`                                                                                                                                                                                                                                                                                                                                                  prettier/prettier
  135:1   error    Replace `↹↹}⏎↹↹` with `····}·`                                                                                                                                                                                                                                                                                                                                               prettier/prettier
  137:1   error    Replace `↹` with `··`                                                                                                                                                                                                                                                                                                                                                        prettier/prettier
  139:1   error    Replace `↹` with `··`                                                                                                                                                                                                                                                                                                                                                        prettier/prettier
  140:1   error    Replace `↹` with `··`                                                                                                                                                                                                                                                                                                                                                        prettier/prettier
  141:1   error    Replace `↹↹@MessageBody()·data:·{·userId:·number,` with `····@MessageBody()·data:·{·userId:·number;`                                                                                                                                                                                                                                                                         prettier/prettier
  142:1   error    Replace `↹)` with `··)·`                                                                                                                                                                                                                                                                                                                                                     prettier/prettier
  143:1   error    Replace `↹↹` with `····`                                                                                                                                                                                                                                                                                                                                                     prettier/prettier
  144:1   error    Replace `↹↹↹` with `······`                                                                                                                                                                                                                                                                                                                                                  prettier/prettier
  145:1   error    Replace `↹↹}⏎↹↹` with `····}·`                                                                                                                                                                                                                                                                                                                                               prettier/prettier
  147:1   error    Replace `↹` with `··`                                                                                                                                                                                                                                                                                                                                                        prettier/prettier
  149:1   error    Replace `↹` with `··`                                                                                                                                                                                                                                                                                                                                                        prettier/prettier
  150:1   error    Replace `↹` with `··`                                                                                                                                                                                                                                                                                                                                                        prettier/prettier
  151:1   error    Replace `↹↹@MessageBody()·data:·JoinChannelDto·` with `····@MessageBody()·data:·JoinChannelDto`                                                                                                                                                                                                                                                                              prettier/prettier
  152:1   error    Replace `↹↹` with `····`                                                                                                                                                                                                                                                                                                                                                     prettier/prettier
  153:1   error    Replace `↹↹)` with `··)·`                                                                                                                                                                                                                                                                                                                                                    prettier/prettier
  154:1   error    Replace `↹↹↹const·response·=·await·this.chatService.joinChannel(data.id,·socket.user.id,·data.password` with `····const·response·=·await·this.chatService.joinChannel(⏎······data.id,⏎······socket.user.id,⏎······data.password,⏎····`                                                                                                                                       prettier/prettier
  155:1   error    Replace `↹↹↹` with `····`                                                                                                                                                                                                                                                                                                                                                    prettier/prettier
  156:1   error    Replace `↹↹↹↹` with `······`                                                                                                                                                                                                                                                                                                                                                 prettier/prettier
  157:1   error    Replace `↹↹↹↹` with `······`                                                                                                                                                                                                                                                                                                                                                 prettier/prettier
  158:1   error    Replace `↹↹↹` with `····`                                                                                                                                                                                                                                                                                                                                                    prettier/prettier
  159:1   error    Replace `↹↹↹` with `····`                                                                                                                                                                                                                                                                                                                                                    prettier/prettier
  160:1   error    Replace `↹↹↹` with `····`                                                                                                                                                                                                                                                                                                                                                    prettier/prettier
  161:1   error    Replace `↹↹↹await·this.broadcast(socket.user.id,·socket.user.nickname,·data.id,·`${socket.user.nickname}·joined·the·channel`` with `····await·this.broadcast(⏎······socket.user.id,⏎······socket.user.nickname,⏎······data.id,⏎······`${socket.user.nickname}·joined·the·channel`,⏎····`                                                                                     prettier/prettier
  162:1   error    Replace `↹` with `··`                                                                                                                                                                                                                                                                                                                                                        prettier/prettier
  164:1   error    Replace `↹` with `··`                                                                                                                                                                                                                                                                                                                                                        prettier/prettier
  165:1   error    Replace `↹` with `··`                                                                                                                                                                                                                                                                                                                                                        prettier/prettier
  166:1   error    Replace `↹↹` with `····`                                                                                                                                                                                                                                                                                                                                                     prettier/prettier
  167:1   error    Replace `↹↹` with `····`                                                                                                                                                                                                                                                                                                                                                     prettier/prettier
  168:1   error    Replace `↹↹)` with `··)·`                                                                                                                                                                                                                                                                                                                                                    prettier/prettier
  169:1   error    Replace `↹↹↹` with `····`                                                                                                                                                                                                                                                                                                                                                    prettier/prettier
  170:1   error    Replace `↹↹↹↹if·(await·this.chatService.removeUser(socket.user.id,·data)` with `······if·((await·this.chatService.removeUser(socket.user.id,·data))`                                                                                                                                                                                                                         prettier/prettier
  171:1   error    Replace `↹↹↹↹↹socket.emit('error',·"채널에·참여중이지·않습니다."` with `········socket.emit('error',·'채널에·참여중이지·않습니다.'`                                                                                                                                                                                                                                                                  prettier/prettier
  172:1   error    Replace `↹↹↹↹↹` with `········`                                                                                                                                                                                                                                                                                                                                              prettier/prettier
  173:1   error    Replace `↹↹↹↹` with `······`                                                                                                                                                                                                                                                                                                                                                 prettier/prettier
  174:1   error    Replace `↹↹↹↹await·this.broadcast(socket.user.id,·socket.user.nickname,·data,·`${socket.user.id}·left·the·channel`` with `······await·this.broadcast(⏎········socket.user.id,⏎········socket.user.nickname,⏎········data,⏎········`${socket.user.id}·left·the·channel`,⏎······`                                                                                              prettier/prettier
  175:1   error    Replace `↹↹↹↹socket.emit('leave',·"성공적으로·채널을·나갔습니다."` with `······socket.emit('leave',·'성공적으로·채널을·나갔습니다.'`                                                                                                                                                                                                                                                                   prettier/prettier
  177:1   error    Replace `↹↹↹↹` with `······`                                                                                                                                                                                                                                                                                                                                                 prettier/prettier
  178:1   error    Replace `↹↹↹↹const·users·=·Array.from(sockets)` with `······const·users·=·Array.from(sockets);`                                                                                                                                                                                                                                                                              prettier/prettier
  179:1   error    Replace `↹↹↹↹` with `······`                                                                                                                                                                                                                                                                                                                                                 prettier/prettier
  180:1   error    Replace `↹↹↹↹↹` with `········`                                                                                                                                                                                                                                                                                                                                              prettier/prettier
  181:1   error    Replace `↹↹↹↹↹` with `········`                                                                                                                                                                                                                                                                                                                                              prettier/prettier
  182:1   error    Replace `↹↹↹↹` with `······`                                                                                                                                                                                                                                                                                                                                                 prettier/prettier
  183:1   error    Replace `↹↹↹}⏎↹↹↹` with `····}·`                                                                                                                                                                                                                                                                                                                                             prettier/prettier
  185:1   error    Replace `↹` with `··`                                                                                                                                                                                                                                                                                                                                                        prettier/prettier
  187:1   error    Replace `↹` with `··`                                                                                                                                                                                                                                                                                                                                                        prettier/prettier
  189:1   error    Replace `↹` with `··`                                                                                                                                                                                                                                                                                                                                                        prettier/prettier
  190:1   error    Replace `↹` with `··`                                                                                                                                                                                                                                                                                                                                                        prettier/prettier
  191:1   error    Replace `↹↹@MessageBody()·data:·{·channel:·number,` with `····@MessageBody()·data:·{·channel:·number;`                                                                                                                                                                                                                                                                       prettier/prettier
  192:1   error    Replace `↹↹` with `····`                                                                                                                                                                                                                                                                                                                                                     prettier/prettier
  193:1   error    Replace `↹↹)` with `··)·`                                                                                                                                                                                                                                                                                                                                                    prettier/prettier
  194:1   error    Replace `↹↹↹` with `····`                                                                                                                                                                                                                                                                                                                                                    prettier/prettier
  195:1   error    Replace `↹↹↹↹` with `······`                                                                                                                                                                                                                                                                                                                                                 prettier/prettier
  196:1   error    Replace `↹↹↹↹if·((channel.users.find((u)·=>·u.id·===·socket.user.id))·===·undefined)` with `······if·(channel.users.find((u)·=>·u.id·===·socket.user.id)·===·undefined)·`                                                                                                                                                                                                    prettier/prettier
  197:1   error    Replace `↹↹↹↹↹socket.emit('error',·"채널에·참여중이지·않습니다."` with `········socket.emit('error',·'채널에·참여중이지·않습니다.'`                                                                                                                                                                                                                                                                  prettier/prettier
  198:1   error    Replace `↹↹↹↹↹` with `········`                                                                                                                                                                                                                                                                                                                                              prettier/prettier
  199:1   error    Replace `↹↹↹↹` with `······`                                                                                                                                                                                                                                                                                                                                                 prettier/prettier
  200:1   error    Replace `↹↹↹↹if·(channel.mutes.includes(socket.user.id))` with `······if·(channel.mutes.includes(socket.user.id))·`                                                                                                                                                                                                                                                          prettier/prettier
  201:1   error    Replace `↹↹↹↹↹socket.emit('error',·"채널에서·mute되었습니다."` with `········socket.emit('error',·'채널에서·mute되었습니다.'`                                                                                                                                                                                                                                                                  prettier/prettier
  202:1   error    Replace `↹↹↹↹↹` with `········`                                                                                                                                                                                                                                                                                                                                              prettier/prettier
  203:1   error    Replace `↹↹↹↹` with `······`                                                                                                                                                                                                                                                                                                                                                 prettier/prettier
  204:1   error    Replace `↹↹↹↹await·this.chatService.addChannelMessage(` with `······await·this.chatService.addChannelMessage(⏎········`                                                                                                                                                                                                                                                      prettier/prettier
  205:1   error    Replace `↹↹↹↹↹` with `··········`                                                                                                                                                                                                                                                                                                                                            prettier/prettier
  206:1   error    Replace `↹↹↹↹↹` with `··········`                                                                                                                                                                                                                                                                                                                                            prettier/prettier
  207:1   error    Replace `↹↹↹↹},·channel` with `········},⏎········channel,⏎······`                                                                                                                                                                                                                                                                                                           prettier/prettier
  208:1   error    Replace `↹↹↹↹await·this.broadcast(socket.user.id,·socket.user.nickname,·data.channel,·data.message` with `······await·this.broadcast(⏎········socket.user.id,⏎········socket.user.nickname,⏎········data.channel,⏎········data.message,⏎······`                                                                                                                              prettier/prettier
  209:1   error    Replace `↹↹↹}⏎↹↹↹` with `····}·`                                                                                                                                                                                                                                                                                                                                             prettier/prettier
  211:1   error    Replace `↹` with `··`                                                                                                                                                                                                                                                                                                                                                        prettier/prettier
  213:1   error    Replace `↹` with `··`                                                                                                                                                                                                                                                                                                                                                        prettier/prettier
  215:1   error    Replace `↹` with `··`                                                                                                                                                                                                                                                                                                                                                        prettier/prettier
  216:1   error    Replace `↹` with `··`                                                                                                                                                                                                                                                                                                                                                        prettier/prettier
  217:1   error    Replace `↹↹@MessageBody()·data:·{·userId:·number,·otherUserId:·number,` with `····@MessageBody()⏎····data:·{·userId:·number;·otherUserId:·number;`                                                                                                                                                                                                                           prettier/prettier
  218:1   error    Replace `↹↹` with `····`                                                                                                                                                                                                                                                                                                                                                     prettier/prettier
  219:1   error    Replace `↹↹)` with `··)·`                                                                                                                                                                                                                                                                                                                                                    prettier/prettier
  220:1   error    Replace `↹↹↹` with `····`                                                                                                                                                                                                                                                                                                                                                    prettier/prettier
  221:1   error    Replace `↹↹↹↹` with `······`                                                                                                                                                                                                                                                                                                                                                 prettier/prettier
  222:1   error    Replace `↹↹↹↹if·(otherUser.blocks.includes(socket.user.id))` with `······if·(otherUser.blocks.includes(socket.user.id))·`                                                                                                                                                                                                                                                    prettier/prettier
  223:1   error    Replace `↹↹↹↹↹socket.emit('error',·"상대방이·당신을·차단했습니다."` with `········socket.emit('error',·'상대방이·당신을·차단했습니다.'`                                                                                                                                                                                                                                                                prettier/prettier
  224:1   error    Replace `↹↹↹↹↹` with `········`                                                                                                                                                                                                                                                                                                                                              prettier/prettier
  225:1   error    Replace `↹↹↹↹` with `······`                                                                                                                                                                                                                                                                                                                                                 prettier/prettier
  226:1   error    Replace `↹↹↹↹console.log("메세지·전송·받음·:"` with `······console.log('메세지·전송·받음·:'`                                                                                                                                                                                                                                                                                               prettier/prettier
  227:1   error    Replace `↹↹↹↹await·this.chatService.addDirectMessage(` with `······await·this.chatService.addDirectMessage(⏎········`                                                                                                                                                                                                                                                        prettier/prettier
  228:1   error    Replace `↹↹↹↹↹` with `··········`                                                                                                                                                                                                                                                                                                                                            prettier/prettier
  229:1   error    Replace `↹↹↹↹↹` with `··········`                                                                                                                                                                                                                                                                                                                                            prettier/prettier
  230:1   error    Replace `↹↹↹↹},·data.userId,·data.otherUserId` with `········},⏎········data.userId,⏎········data.otherUserId,⏎······`                                                                                                                                                                                                                                                       prettier/prettier
  232:1   error    Replace `↹↹↹↹await·this.dm(data.userId,·socket.user.nickname·,data.otherUserId,·data.message` with `······await·this.dm(⏎········data.userId,⏎········socket.user.nickname,⏎········data.otherUserId,⏎········data.message,⏎······`                                                                                                                                          prettier/prettier
  233:1   error    Replace `↹↹↹}⏎↹↹↹` with `····}·`                                                                                                                                                                                                                                                                                                                                             prettier/prettier
  235:1   error    Replace `↹` with `··`                                                                                                                                                                                                                                                                                                                                                        prettier/prettier
  237:1   error    Replace `↹` with `··`                                                                                                                                                                                                                                                                                                                                                        prettier/prettier
  239:1   error    Replace `↹` with `··`                                                                                                                                                                                                                                                                                                                                                        prettier/prettier
  240:1   error    Replace `↹` with `··`                                                                                                                                                                                                                                                                                                                                                        prettier/prettier
  241:1   error    Replace `↹↹@MessageBody()·data:·{·channel:·number,·user:·number,·type:·string,·isPrivate:·boolean,·password:·string` with `····@MessageBody()⏎····data:·{⏎······channel:·number;⏎······user:·number;⏎······type:·string;⏎······isPrivate:·boolean;⏎······password:·string;⏎····`                                                                                             prettier/prettier
  242:1   error    Replace `↹↹` with `····`                                                                                                                                                                                                                                                                                                                                                     prettier/prettier
  243:1   error    Replace `↹↹)` with `··)·`                                                                                                                                                                                                                                                                                                                                                    prettier/prettier
  244:1   error    Replace `↹↹↹` with `····`                                                                                                                                                                                                                                                                                                                                                    prettier/prettier
  245:1   error    Replace `↹↹↹↹const·isAdmin·=·await·this.chatService.checkAdmin(socket.user.id,·data.user,·data.channel` with `······const·isAdmin·=·await·this.chatService.checkAdmin(⏎········socket.user.id,⏎········data.user,⏎········data.channel,⏎······`                                                                                                                              prettier/prettier
  246:1   error    Replace `↹↹↹↹` with `······`                                                                                                                                                                                                                                                                                                                                                 prettier/prettier
  247:1   error    Replace `↹↹↹↹↹socket.emit('error',·"관리자가·아닙니다."` with `········socket.emit('error',·'관리자가·아닙니다.'`                                                                                                                                                                                                                                                                            prettier/prettier
  248:1   error    Replace `↹↹↹↹↹` with `········`                                                                                                                                                                                                                                                                                                                                              prettier/prettier
  249:1   error    Replace `↹↹↹↹` with `······`                                                                                                                                                                                                                                                                                                                                                 prettier/prettier
  250:1   error    Replace `↹↹↹↹` with `······`                                                                                                                                                                                                                                                                                                                                                 prettier/prettier
  251:1   error    Replace `↹↹↹↹↹const·response·=·await·this.chatService.kickUser(data.user,·data.channel` with `········const·response·=·await·this.chatService.kickUser(⏎··········data.user,⏎··········data.channel,⏎········`                                                                                                                                                               prettier/prettier
  252:1   error    Replace `↹↹↹↹↹` with `········`                                                                                                                                                                                                                                                                                                                                              prettier/prettier
  253:1   error    Replace `↹↹↹↹↹↹` with `··········`                                                                                                                                                                                                                                                                                                                                           prettier/prettier
  254:1   error    Replace `↹↹↹↹↹↹` with `··········`                                                                                                                                                                                                                                                                                                                                           prettier/prettier
  255:1   error    Replace `↹↹↹↹↹` with `········`                                                                                                                                                                                                                                                                                                                                              prettier/prettier
  256:1   error    Replace `↹↹↹↹↹` with `········`                                                                                                                                                                                                                                                                                                                                              prettier/prettier
  257:1   error    Replace `↹↹↹↹↹await·this.broadcast(socket.user.id,·socket.user.nickname,·data.channel,·`${socket.user.nickname}·kicked·${data.user}`` with `········await·this.broadcast(⏎··········socket.user.id,⏎··········socket.user.nickname,⏎··········data.channel,⏎··········`${socket.user.nickname}·kicked·${data.user}`,⏎········`                                               prettier/prettier
  258:1   error    Replace `↹↹↹↹↹` with `········`                                                                                                                                                                                                                                                                                                                                              prettier/prettier
  259:1   error    Replace `↹↹↹↹}⏎↹↹↹↹` with `······}·`                                                                                                                                                                                                                                                                                                                                         prettier/prettier
  261:1   error    Replace `↹↹↹↹↹const·response·=·await·this.chatService.muteUser(data.user,·data.channel` with `········const·response·=·await·this.chatService.muteUser(⏎··········data.user,⏎··········data.channel,⏎········`                                                                                                                                                               prettier/prettier
  262:1   error    Replace `↹↹↹↹↹` with `········`                                                                                                                                                                                                                                                                                                                                              prettier/prettier
  263:1   error    Replace `↹↹↹↹↹↹` with `··········`                                                                                                                                                                                                                                                                                                                                           prettier/prettier
  264:1   error    Replace `↹↹↹↹↹↹` with `··········`                                                                                                                                                                                                                                                                                                                                           prettier/prettier
  265:1   error    Replace `↹↹↹↹↹` with `········`                                                                                                                                                                                                                                                                                                                                              prettier/prettier
  266:1   error    Replace `↹↹↹↹↹` with `········`                                                                                                                                                                                                                                                                                                                                              prettier/prettier
  267:1   error    Replace `↹↹↹↹↹await·this.broadcast(socket.user.id,·socket.user.nickname,·data.channel,·`${socket.user.nickname}·muted·${data.user}`` with `········await·this.broadcast(⏎··········socket.user.id,⏎··········socket.user.nickname,⏎··········data.channel,⏎··········`${socket.user.nickname}·muted·${data.user}`,⏎········`                                                 prettier/prettier
  268:1   error    Replace `↹↹↹↹}⏎↹↹↹↹` with `······}·`                                                                                                                                                                                                                                                                                                                                         prettier/prettier
  270:1   error    Replace `↹↹↹↹↹const·response·=·await·this.chatService.unmuteUser(data.user,·data.channel` with `········const·response·=·await·this.chatService.unmuteUser(⏎··········data.user,⏎··········data.channel,⏎········`                                                                                                                                                           prettier/prettier
  271:1   error    Replace `↹↹↹↹↹` with `········`                                                                                                                                                                                                                                                                                                                                              prettier/prettier
  272:1   error    Replace `↹↹↹↹↹↹` with `··········`                                                                                                                                                                                                                                                                                                                                           prettier/prettier
  273:1   error    Replace `↹↹↹↹↹↹` with `··········`                                                                                                                                                                                                                                                                                                                                           prettier/prettier
  274:1   error    Replace `↹↹↹↹↹` with `········`                                                                                                                                                                                                                                                                                                                                              prettier/prettier
  275:1   error    Replace `↹↹↹↹↹` with `········`                                                                                                                                                                                                                                                                                                                                              prettier/prettier
  276:1   error    Replace `↹↹↹↹↹await·this.broadcast(socket.user.id,·socket.user.nickname,·data.channel,·`${socket.user.nickname}·unmuted·${data.user}`` with `········await·this.broadcast(⏎··········socket.user.id,⏎··········socket.user.nickname,⏎··········data.channel,⏎··········`${socket.user.nickname}·unmuted·${data.user}`,⏎········`                                             prettier/prettier
  277:1   error    Replace `↹↹↹↹}⏎↹↹↹↹` with `······}·`                                                                                                                                                                                                                                                                                                                                         prettier/prettier
  279:1   error    Replace `↹↹↹↹↹const·response·=·await·this.chatService.banUser(data.user,·data.channel` with `········const·response·=·await·this.chatService.banUser(⏎··········data.user,⏎··········data.channel,⏎········`                                                                                                                                                                 prettier/prettier
  280:1   error    Replace `↹↹↹↹↹` with `········`                                                                                                                                                                                                                                                                                                                                              prettier/prettier
  281:1   error    Replace `↹↹↹↹↹↹` with `··········`                                                                                                                                                                                                                                                                                                                                           prettier/prettier
  282:1   error    Replace `↹↹↹↹↹↹` with `··········`                                                                                                                                                                                                                                                                                                                                           prettier/prettier
  283:1   error    Replace `↹↹↹↹↹` with `········`                                                                                                                                                                                                                                                                                                                                              prettier/prettier
  284:1   error    Replace `↹↹↹↹↹` with `········`                                                                                                                                                                                                                                                                                                                                              prettier/prettier
  285:1   error    Replace `↹↹↹↹↹await·this.broadcast(socket.user.id,·socket.user.nickname,·data.channel,·`${socket.user.nickname}·banned·${data.user}`` with `········await·this.broadcast(⏎··········socket.user.id,⏎··········socket.user.nickname,⏎··········data.channel,⏎··········`${socket.user.nickname}·banned·${data.user}`,⏎········`                                               prettier/prettier
  286:1   error    Replace `↹↹↹↹↹` with `········`                                                                                                                                                                                                                                                                                                                                              prettier/prettier
  287:1   error    Replace `↹↹↹↹}⏎↹↹↹↹` with `······}·`                                                                                                                                                                                                                                                                                                                                         prettier/prettier
  289:1   error    Replace `↹↹↹↹↹const·response·=·await·this.chatService.addAdmin(data.user,·data.channel` with `········const·response·=·await·this.chatService.addAdmin(⏎··········data.user,⏎··········data.channel,⏎········`                                                                                                                                                               prettier/prettier
  290:1   error    Replace `↹↹↹↹↹` with `········`                                                                                                                                                                                                                                                                                                                                              prettier/prettier
  291:1   error    Replace `↹↹↹↹↹↹` with `··········`                                                                                                                                                                                                                                                                                                                                           prettier/prettier
  292:1   error    Replace `↹↹↹↹↹↹` with `··········`                                                                                                                                                                                                                                                                                                                                           prettier/prettier
  293:1   error    Replace `↹↹↹↹↹` with `········`                                                                                                                                                                                                                                                                                                                                              prettier/prettier
  294:1   error    Replace `↹↹↹↹↹` with `········`                                                                                                                                                                                                                                                                                                                                              prettier/prettier
  295:1   error    Replace `↹↹↹↹↹await·this.broadcast(socket.user.id,·socket.user.nickname,·data.channel,·`${socket.user.nickname}·added·${data.user}·as·admin`` with `········await·this.broadcast(⏎··········socket.user.id,⏎··········socket.user.nickname,⏎··········data.channel,⏎··········`${socket.user.nickname}·added·${data.user}·as·admin`,⏎········`                               prettier/prettier
  296:1   error    Replace `↹↹↹↹}⏎↹↹↹↹` with `······}·`                                                                                                                                                                                                                                                                                                                                         prettier/prettier
  298:1   error    Replace `↹↹↹↹↹const·response·=·await·this.chatService.removeAdmin(data.user,·data.channel` with `········const·response·=·await·this.chatService.removeAdmin(⏎··········data.user,⏎··········data.channel,⏎········`                                                                                                                                                         prettier/prettier
  299:1   error    Replace `↹↹↹↹↹` with `········`                                                                                                                                                                                                                                                                                                                                              prettier/prettier
  300:1   error    Replace `↹↹↹↹↹↹` with `··········`                                                                                                                                                                                                                                                                                                                                           prettier/prettier
  301:1   error    Replace `↹↹↹↹↹↹` with `··········`                                                                                                                                                                                                                                                                                                                                           prettier/prettier
  302:1   error    Replace `↹↹↹↹↹` with `········`                                                                                                                                                                                                                                                                                                                                              prettier/prettier
  303:1   error    Replace `↹↹↹↹↹` with `········`                                                                                                                                                                                                                                                                                                                                              prettier/prettier
  304:1   error    Replace `↹↹↹↹↹await·this.broadcast(socket.user.id,·socket.user.nickname,·data.channel,·`${socket.user.nickname}·removed·${data.user}·as·admin`` with `········await·this.broadcast(⏎··········socket.user.id,⏎··········socket.user.nickname,⏎··········data.channel,⏎··········`${socket.user.nickname}·removed·${data.user}·as·admin`,⏎········`                           prettier/prettier
  305:1   error    Replace `↹↹↹↹}⏎↹↹↹↹` with `······}·`                                                                                                                                                                                                                                                                                                                                         prettier/prettier
  307:1   error    Replace `↹↹↹↹↹const·response·=·await·this.chatService.changeChannelPassword(data.channel,·data.isPrivate,·data.password` with `········const·response·=·await·this.chatService.changeChannelPassword(⏎··········data.channel,⏎··········data.isPrivate,⏎··········data.password,⏎········`                                                                                   prettier/prettier
  308:1   error    Replace `↹↹↹↹↹` with `········`                                                                                                                                                                                                                                                                                                                                              prettier/prettier
  309:1   error    Replace `↹↹↹↹↹↹` with `··········`                                                                                                                                                                                                                                                                                                                                           prettier/prettier
  310:1   error    Replace `↹↹↹↹↹↹` with `··········`                                                                                                                                                                                                                                                                                                                                           prettier/prettier
  311:1   error    Replace `↹↹↹↹↹` with `········`                                                                                                                                                                                                                                                                                                                                              prettier/prettier
  312:1   error    Replace `↹↹↹↹↹` with `········`                                                                                                                                                                                                                                                                                                                                              prettier/prettier
  313:1   error    Replace `↹↹↹↹↹await·this.broadcast(socket.user.id,·socket.user.nickname,·data.channel,·`${socket.user.nickname}·changed·password`` with `········await·this.broadcast(⏎··········socket.user.id,⏎··········socket.user.nickname,⏎··········data.channel,⏎··········`${socket.user.nickname}·changed·password`,⏎········`                                                     prettier/prettier
  314:1   error    Replace `↹↹↹↹` with `······`                                                                                                                                                                                                                                                                                                                                                 prettier/prettier
  315:1   error    Replace `↹↹↹↹` with `······`                                                                                                                                                                                                                                                                                                                                                 prettier/prettier
  316:1   error    Replace `↹↹↹↹↹if·(u.channels.includes(data.channel))⏎↹↹↹↹↹↹` with `········if·(u.channels.includes(data.channel))·`                                                                                                                                                                                                                                                          prettier/prettier
  318:1   error    Replace `↹↹↹↹↹↹` with `········`                                                                                                                                                                                                                                                                                                                                             prettier/prettier
  319:1   error    Replace `↹↹↹↹` with `······`                                                                                                                                                                                                                                                                                                                                                 prettier/prettier
  321:1   error    Replace `↹↹↹↹` with `······`                                                                                                                                                                                                                                                                                                                                                 prettier/prettier
  322:1   error    Replace `↹↹↹}⏎↹↹↹` with `····}·`                                                                                                                                                                                                                                                                                                                                             prettier/prettier
  324:1   error    Replace `↹↹` with `··`                                                                                                                                                                                                                                                                                                                                                       prettier/prettier
  326:1   error    Replace `↹` with `··`                                                                                                                                                                                                                                                                                                                                                        prettier/prettier
  327:1   error    Replace `↹` with `··`                                                                                                                                                                                                                                                                                                                                                        prettier/prettier
  328:1   error    Replace `↹↹` with `····`                                                                                                                                                                                                                                                                                                                                                     prettier/prettier
  329:1   error    Replace `↹↹` with `····`                                                                                                                                                                                                                                                                                                                                                     prettier/prettier
  330:1   error    Replace `↹↹)` with `··)·`                                                                                                                                                                                                                                                                                                                                                    prettier/prettier
  331:1   error    Replace `↹↹↹` with `····`                                                                                                                                                                                                                                                                                                                                                    prettier/prettier
  332:1   error    Replace `↹↹↹↹const·users·=·await·this.chatService.getChannelUsers(data,·socket.user.id` with `······const·users·=·await·this.chatService.getChannelUsers(⏎········data,⏎········socket.user.id,⏎······`                                                                                                                                                                      prettier/prettier
  333:1   error    Replace `↹↹↹↹` with `······`                                                                                                                                                                                                                                                                                                                                                 prettier/prettier
  334:1   error    Replace `↹↹↹}⏎↹↹↹` with `····}·`                                                                                                                                                                                                                                                                                                                                             prettier/prettier
  336:1   error    Replace `↹↹` with `··`                                                                                                                                                                                                                                                                                                                                                       prettier/prettier
  338:1   error    Replace `↹` with `··`                                                                                                                                                                                                                                                                                                                                                        prettier/prettier
  339:1   error    Replace `↹async·reset(⏎↹↹@ConnectedSocket()·socket:·AuthSocket,⏎↹)` with `··async·reset(@ConnectedSocket()·socket:·AuthSocket)·`                                                                                                                                                                                                                                             prettier/prettier
  342:1   error    Replace `↹↹` with `····`                                                                                                                                                                                                                                                                                                                                                     prettier/prettier
  343:1   error    Replace `↹↹↹` with `······`                                                                                                                                                                                                                                                                                                                                                  prettier/prettier
  344:1   error    Replace `↹↹↹` with `······`                                                                                                                                                                                                                                                                                                                                                  prettier/prettier
  345:1   error    Replace `↹↹↹` with `······`                                                                                                                                                                                                                                                                                                                                                  prettier/prettier
  346:1   error    Replace `↹↹}⏎↹↹` with `····}·`                                                                                                                                                                                                                                                                                                                                               prettier/prettier
  348:1   error    Replace `↹` with `··`                                                                                                                                                                                                                                                                                                                                                        prettier/prettier
  350:1   error    Replace `↹` with `··`                                                                                                                                                                                                                                                                                                                                                        prettier/prettier
  351:1   error    Replace `↹` with `··`                                                                                                                                                                                                                                                                                                                                                        prettier/prettier
  352:1   error    Replace `↹↹` with `····`                                                                                                                                                                                                                                                                                                                                                     prettier/prettier
  353:1   error    Replace `↹↹` with `····`                                                                                                                                                                                                                                                                                                                                                     prettier/prettier
  354:1   error    Replace `↹)` with `··)·`                                                                                                                                                                                                                                                                                                                                                     prettier/prettier
  355:1   error    Replace `↹↹` with `····`                                                                                                                                                                                                                                                                                                                                                     prettier/prettier
  356:1   error    Replace `↹↹↹socket.emit('error',·"자신은·block할·수·없습니다."` with `······socket.emit('error',·'자신은·block할·수·없습니다.'`                                                                                                                                                                                                                                                                prettier/prettier
  357:1   error    Replace `↹↹` with `····`                                                                                                                                                                                                                                                                                                                                                     prettier/prettier
  358:1   error    Replace `↹↹↹socket.emit('error',·"이미·block되었습니다."` with `······socket.emit('error',·'이미·block되었습니다.'`                                                                                                                                                                                                                                                                        prettier/prettier
  359:1   error    Replace `↹↹` with `····`                                                                                                                                                                                                                                                                                                                                                     prettier/prettier
  360:1   error    Replace `↹↹` with `····`                                                                                                                                                                                                                                                                                                                                                     prettier/prettier
  361:1   error    Replace `↹↹socket.emit('notify',·"해당·유저를·block했습니다."` with `····socket.emit('notify',·'해당·유저를·block했습니다.'`                                                                                                                                                                                                                                                                   prettier/prettier
  362:1   error    Replace `↹` with `··`                                                                                                                                                                                                                                                                                                                                                        prettier/prettier
  364:1   error    Replace `↹` with `··`                                                                                                                                                                                                                                                                                                                                                        prettier/prettier
  366:1   error    Replace `↹` with `··`                                                                                                                                                                                                                                                                                                                                                        prettier/prettier
  367:1   error    Replace `↹↹` with `····`                                                                                                                                                                                                                                                                                                                                                     prettier/prettier
  368:1   error    Replace `↹↹` with `····`                                                                                                                                                                                                                                                                                                                                                     prettier/prettier
  369:1   error    Replace `↹↹` with `····`                                                                                                                                                                                                                                                                                                                                                     prettier/prettier
  370:1   error    Replace `↹` with `··`                                                                                                                                                                                                                                                                                                                                                        prettier/prettier
  372:1   error    Replace `↹async·handleConnection(@ConnectedSocket()·socket:·AuthSocket,·...args:·any[]` with `··async·handleConnection(⏎····@ConnectedSocket()·socket:·AuthSocket,⏎····...args:·any[]⏎··`                                                                                                                                                                                    prettier/prettier
  372:67  warning  'args' is defined but never used                                                                                                                                                                                                                                                                                                                                             @typescript-eslint/no-unused-vars
  373:1   error    Replace `↹↹` with `····`                                                                                                                                                                                                                                                                                                                                                     prettier/prettier
  374:1   error    Replace `↹↹` with `····`                                                                                                                                                                                                                                                                                                                                                     prettier/prettier
  375:1   error    Replace `↹↹` with `····`                                                                                                                                                                                                                                                                                                                                                     prettier/prettier
  376:1   error    Replace `↹` with `··`                                                                                                                                                                                                                                                                                                                                                        prettier/prettier
  378:1   error    Replace `↹` with `··`                                                                                                                                                                                                                                                                                                                                                        prettier/prettier
  379:1   error    Replace `↹↹` with `····`                                                                                                                                                                                                                                                                                                                                                     prettier/prettier
  380:1   error    Replace `↹` with `··`                                                                                                                                                                                                                                                                                                                                                        prettier/prettier

/Users/sm/dev_park/ft_transcendence_project/backend/src/chat/chat.middleware.ts
   1:24  error  Replace `"socket.io"` with `'socket.io'`                                                                                                                                                                                  prettier/prettier
   2:22  error  Replace `"src/user/entity/user.entity"` with `'src/user/entity/user.entity'`                                                                                                                                              prettier/prettier
   3:28  error  Replace `"@nestjs/jwt"` with `'@nestjs/jwt'`                                                                                                                                                                              prettier/prettier
   4:29  error  Replace `"src/user/user.service"` with `'src/user/user.service'`                                                                                                                                                          prettier/prettier
   5:28  error  Replace `"src/auth/jwt.strategy"` with `'src/auth/jwt.strategy'`                                                                                                                                                          prettier/prettier
   8:1   error  Replace `↹` with `··`                                                                                                                                                                                                     prettier/prettier
  11:33  error  Replace `socket:·Socket,·next:·(err?:·Error)·=>·void)·=>·void` with `⏎··socket:·Socket,⏎··next:·(err?:·Error)·=>·void,⏎)·=>·void;`                                                                                        prettier/prettier
  13:34  error  Replace `jwtService:·JwtService,·userService:·UserService` with `⏎··jwtService:·JwtService,⏎··userService:·UserService,⏎`                                                                                                 prettier/prettier
  14:1   error  Replace `↹` with `··`                                                                                                                                                                                                     prettier/prettier
  15:1   error  Replace `↹↹` with `····`                                                                                                                                                                                                  prettier/prettier
  16:1   error  Replace `↹↹↹` with `······`                                                                                                                                                                                               prettier/prettier
  17:1   error  Replace `↹↹↹const·payload:·JwtPayload·=·await·jwtService.verify(token,·{secret:·process.env.SECRET` with `······const·payload:·JwtPayload·=·await·jwtService.verify(token,·{⏎········secret:·process.env.SECRET,⏎······`  prettier/prettier
  18:1   error  Replace `↹↹↹` with `······`                                                                                                                                                                                               prettier/prettier
  19:1   error  Replace `↹↹↹` with `······`                                                                                                                                                                                               prettier/prettier
  20:1   error  Replace `↹↹↹if·(user·===·undefined)⏎↹↹↹↹throw·new·Error("User·not·found"` with `······if·(user·===·undefined)·throw·new·Error('User·not·found'`                                                                           prettier/prettier
  22:1   error  Replace `↹↹↹` with `······`                                                                                                                                                                                               prettier/prettier
  23:1   error  Replace `↹↹↹` with `······`                                                                                                                                                                                               prettier/prettier
  24:1   error  Replace `↹↹}⏎↹↹` with `····}·`                                                                                                                                                                                            prettier/prettier
  26:1   error  Replace `↹↹↹` with `······`                                                                                                                                                                                               prettier/prettier
  27:1   error  Replace `↹↹↹↹` with `········`                                                                                                                                                                                            prettier/prettier
  28:1   error  Replace `↹↹↹↹` with `········`                                                                                                                                                                                            prettier/prettier
  29:1   error  Replace `↹↹↹` with `······`                                                                                                                                                                                               prettier/prettier
  30:1   error  Replace `↹↹` with `····`                                                                                                                                                                                                  prettier/prettier
  31:1   error  Replace `↹}` with `··};`                                                                                                                                                                                                  prettier/prettier
  32:2   error  Insert `;`                                                                                                                                                                                                                prettier/prettier

/Users/sm/dev_park/ft_transcendence_project/backend/src/chat/chat.module.ts
  14:1   error  Replace `↹` with `··`                                                                           prettier/prettier
  15:31  error  Replace `⏎······Channel,⏎↹↹↹DMChannel,⏎······Message,⏎····` with `Channel,·DMChannel,·Message`  prettier/prettier
  21:1   error  Replace `↹↹` with `····`                                                                        prettier/prettier
  24:51  error  Delete `,·`                                                                                     prettier/prettier

/Users/sm/dev_park/ft_transcendence_project/backend/src/chat/chat.service.ts
   11:10  warning  'dmUsers' is defined but never used                                                                                                                                                                                                                                                                                 @typescript-eslint/no-unused-vars
   13:1   error    Delete `⏎`                                                                                                                                                                                                                                                                                                          prettier/prettier
   16:1   error    Replace `↹` with `··`                                                                                                                                                                                                                                                                                               prettier/prettier
   17:1   error    Replace `↹↹` with `····`                                                                                                                                                                                                                                                                                            prettier/prettier
   18:1   error    Replace `↹↹` with `····`                                                                                                                                                                                                                                                                                            prettier/prettier
   19:1   error    Replace `↹↹` with `····`                                                                                                                                                                                                                                                                                            prettier/prettier
   20:1   error    Replace `↹↹` with `····`                                                                                                                                                                                                                                                                                            prettier/prettier
   21:1   error    Replace `↹↹` with `····`                                                                                                                                                                                                                                                                                            prettier/prettier
   22:1   error    Replace `↹↹` with `····`                                                                                                                                                                                                                                                                                            prettier/prettier
   23:1   error    Replace `↹↹` with `····`                                                                                                                                                                                                                                                                                            prettier/prettier
   25:1   error    Replace `↹)·{·` with `··)·{`                                                                                                                                                                                                                                                                                        prettier/prettier
   27:1   error    Replace `↹` with `··`                                                                                                                                                                                                                                                                                               prettier/prettier
   29:1   error    Replace `↹` with `··`                                                                                                                                                                                                                                                                                               prettier/prettier
   30:1   error    Replace `↹↹` with `····`                                                                                                                                                                                                                                                                                            prettier/prettier
   31:1   error    Replace `↹↹` with `····`                                                                                                                                                                                                                                                                                            prettier/prettier
   31:3   error    Unexpected var, use let or const instead                                                                                                                                                                                                                                                                            no-var
   32:1   error    Replace `↹↹` with `····`                                                                                                                                                                                                                                                                                            prettier/prettier
   33:1   error    Replace `↹↹` with `····`                                                                                                                                                                                                                                                                                            prettier/prettier
   34:1   error    Replace `↹↹↹return·{·status:·false,·message:·"채널·이름은·1글자·이상,·12글자·이하입니다."` with `······return·{⏎········status:·false,⏎········message:·'채널·이름은·1글자·이상,·12글자·이하입니다.',⏎······`                                                                                                                                       prettier/prettier
   35:1   error    Replace `↹↹if·(await·this.channelRepository.findOne({·where:·{·name:·channel.name·}` with `····if·(await·this.channelRepository.findOne({·where:·{·name:·channel.name·}·`                                                                                                                                           prettier/prettier
   36:1   error    Replace `↹↹↹return·{·status:·false,·message:·"이미·존재하는·채널·이름입니다."` with `······return·{·status:·false,·message:·'이미·존재하는·채널·이름입니다.'·`                                                                                                                                                                                prettier/prettier
   37:1   error    Replace `↹↹` with `····`                                                                                                                                                                                                                                                                                            prettier/prettier
   38:1   error    Replace `↹↹↹return·{·status:·false,·message:·"채널·이름은·특수문자를·포함할수·없습니다."` with `······return·{⏎········status:·false,⏎········message:·'채널·이름은·특수문자를·포함할수·없습니다.',⏎······`                                                                                                                                             prettier/prettier
   39:1   error    Replace `↹↹if·(channel.password.length·>·0·&&·channel.isPrivate)⏎↹↹` with `····if·(channel.password.length·>·0·&&·channel.isPrivate)·`                                                                                                                                                                              prettier/prettier
   41:1   error    Replace `↹↹↹` with `······`                                                                                                                                                                                                                                                                                         prettier/prettier
   42:1   error    Replace `↹↹↹↹` with `········`                                                                                                                                                                                                                                                                                      prettier/prettier
   43:1   error    Replace `↹↹↹↹` with `········`                                                                                                                                                                                                                                                                                      prettier/prettier
   44:1   error    Replace `↹↹↹}⏎↹↹↹` with `······}·`                                                                                                                                                                                                                                                                                  prettier/prettier
   46:1   error    Replace `↹↹↹↹return·{·status:·false,·message:·"비밀번호가·잘못되었습니다."` with `········return·{·status:·false,·message:·'비밀번호가·잘못되었습니다.'·`                                                                                                                                                                                   prettier/prettier
   47:1   error    Replace `↹↹↹` with `······`                                                                                                                                                                                                                                                                                         prettier/prettier
   48:1   error    Replace `↹↹` with `····`                                                                                                                                                                                                                                                                                            prettier/prettier
   49:1   error    Replace `↹↹` with `····`                                                                                                                                                                                                                                                                                            prettier/prettier
   50:1   error    Replace `↹↹` with `····`                                                                                                                                                                                                                                                                                            prettier/prettier
   51:1   error    Replace `↹↹` with `····`                                                                                                                                                                                                                                                                                            prettier/prettier
   52:1   error    Replace `↹↹return·{·status:·true,·message:·"채널이·생성되었습니다."` with `····return·{·status:·true,·message:·'채널이·생성되었습니다.'`                                                                                                                                                                                                prettier/prettier
   53:1   error    Replace `↹` with `··`                                                                                                                                                                                                                                                                                               prettier/prettier
   55:1   error    Replace `↹` with `··`                                                                                                                                                                                                                                                                                               prettier/prettier
   56:1   error    Replace `↹↹` with `····`                                                                                                                                                                                                                                                                                            prettier/prettier
   57:1   error    Replace `↹↹` with `····`                                                                                                                                                                                                                                                                                            prettier/prettier
   58:1   error    Replace `↹↹` with `····`                                                                                                                                                                                                                                                                                            prettier/prettier
   59:1   error    Replace `↹↹↹` with `······`                                                                                                                                                                                                                                                                                         prettier/prettier
   60:1   error    Replace `↹↹` with `····`                                                                                                                                                                                                                                                                                            prettier/prettier
   61:1   error    Replace `↹↹` with `····`                                                                                                                                                                                                                                                                                            prettier/prettier
   62:1   error    Replace `↹` with `··`                                                                                                                                                                                                                                                                                               prettier/prettier
   64:1   error    Replace `↹async·changeChannelPassword(channelId:·number,·isPrivate:·boolean,·password:·string` with `··async·changeChannelPassword(⏎····channelId:·number,⏎····isPrivate:·boolean,⏎····password:·string,⏎··`                                                                                                        prettier/prettier
   65:1   error    Replace `↹↹` with `····`                                                                                                                                                                                                                                                                                            prettier/prettier
   66:1   error    Replace `↹↹if·(!channel)⏎↹↹↹return·` with `····if·(!channel)·return`                                                                                                                                                                                                                                                prettier/prettier
   68:1   error    Replace `↹↹if·(password.length·>·0·&&·isPrivate)⏎↹↹` with `····if·(password.length·>·0·&&·isPrivate)·`                                                                                                                                                                                                              prettier/prettier
   70:1   error    Replace `↹↹↹` with `······`                                                                                                                                                                                                                                                                                         prettier/prettier
   71:1   error    Replace `↹↹↹↹` with `········`                                                                                                                                                                                                                                                                                      prettier/prettier
   72:1   error    Replace `↹↹↹↹` with `········`                                                                                                                                                                                                                                                                                      prettier/prettier
   73:1   error    Replace `↹↹↹↹` with `········`                                                                                                                                                                                                                                                                                      prettier/prettier
   74:1   error    Replace `↹↹↹}⏎↹↹↹` with `······}·`                                                                                                                                                                                                                                                                                  prettier/prettier
   76:1   error    Replace `↹↹↹↹return·{·status:·false,·message:·"비밀번호가·잘못되었습니다."` with `········return·{·status:·false,·message:·'비밀번호가·잘못되었습니다.'·`                                                                                                                                                                                   prettier/prettier
   77:1   error    Replace `↹↹↹` with `······`                                                                                                                                                                                                                                                                                         prettier/prettier
   78:1   error    Replace `↹↹}⏎↹↹else·if·(!isPrivate)⏎↹↹` with `····}·else·if·(!isPrivate)·`                                                                                                                                                                                                                                          prettier/prettier
   81:1   error    Replace `↹↹↹` with `······`                                                                                                                                                                                                                                                                                         prettier/prettier
   82:1   error    Replace `↹↹↹` with `······`                                                                                                                                                                                                                                                                                         prettier/prettier
   83:1   error    Replace `↹↹` with `····`                                                                                                                                                                                                                                                                                            prettier/prettier
   84:1   error    Replace `↹↹↹` with `····`                                                                                                                                                                                                                                                                                           prettier/prettier
   85:1   error    Replace `↹↹↹return·{·status:·true,·message:·"비밀번호가·변경되었습니다."` with `····return·{·status:·true,·message:·'비밀번호가·변경되었습니다.'·`                                                                                                                                                                                          prettier/prettier
   86:1   error    Replace `↹↹` with `··`                                                                                                                                                                                                                                                                                              prettier/prettier
   88:1   error    Replace `↹` with `··`                                                                                                                                                                                                                                                                                               prettier/prettier
   89:1   error    Replace `↹↹` with `····`                                                                                                                                                                                                                                                                                            prettier/prettier
   91:1   error    Replace `↹↹if·(channel.bans.includes(userId))` with `····if·(channel.bans.includes(userId))·`                                                                                                                                                                                                                       prettier/prettier
   92:1   error    Replace `↹↹↹return·{·status:·false,·message:·"채널에서·ban되었습니다."` with `······return·{·status:·false,·message:·'채널에서·ban되었습니다.'·`                                                                                                                                                                                      prettier/prettier
   93:1   error    Replace `↹↹` with `····`                                                                                                                                                                                                                                                                                            prettier/prettier
   94:1   error    Replace `↹↹` with `····`                                                                                                                                                                                                                                                                                            prettier/prettier
   95:1   error    Replace `↹↹↹return·{·status:·false,·message:·"비밀번호가·틀렸습니다."` with `······return·{·status:·false,·message:·'비밀번호가·틀렸습니다.'·`                                                                                                                                                                                          prettier/prettier
   96:1   error    Replace `↹↹` with `····`                                                                                                                                                                                                                                                                                            prettier/prettier
   97:1   error    Replace `↹↹if·(await·this.addUser(userId,·channelId)` with `····if·((await·this.addUser(userId,·channelId))`                                                                                                                                                                                                        prettier/prettier
   98:1   error    Replace `↹↹↹return·{·status:·false,·message:·"이미·채널에·참여중입니다."` with `······return·{·status:·false,·message:·'이미·채널에·참여중입니다.'·`                                                                                                                                                                                      prettier/prettier
   99:1   error    Replace `↹↹` with `····`                                                                                                                                                                                                                                                                                            prettier/prettier
  101:1   error    Replace `↹↹return·{·status:·true,·message:·"성공적으로·가입했습니다."` with `····return·{·status:·true,·message:·'성공적으로·가입했습니다.'·`                                                                                                                                                                                             prettier/prettier
  102:1   error    Replace `↹` with `··`                                                                                                                                                                                                                                                                                               prettier/prettier
  104:1   error    Replace `↹` with `··`                                                                                                                                                                                                                                                                                               prettier/prettier
  105:1   error    Replace `⏎↹↹` with `····`                                                                                                                                                                                                                                                                                           prettier/prettier
  107:1   error    Replace `↹↹if·(channel)⏎↹↹↹return·` with `····if·(channel)·return`                                                                                                                                                                                                                                                  prettier/prettier
  109:1   error    Replace `↹↹` with `····`                                                                                                                                                                                                                                                                                            prettier/prettier
  110:1   error    Replace `↹↹if·(!user)⏎↹↹↹` with `····if·(!user)·`                                                                                                                                                                                                                                                                   prettier/prettier
  112:1   error    Replace `↹↹` with `····`                                                                                                                                                                                                                                                                                            prettier/prettier
  113:1   error    Replace `↹↹if·(!otherUser)⏎↹↹↹` with `····if·(!otherUser)·`                                                                                                                                                                                                                                                         prettier/prettier
  115:1   error    Replace `↹↹` with `····`                                                                                                                                                                                                                                                                                            prettier/prettier
  116:1   error    Replace `↹↹↹` with `······`                                                                                                                                                                                                                                                                                         prettier/prettier
  117:1   error    Replace `↹↹` with `····`                                                                                                                                                                                                                                                                                            prettier/prettier
  118:1   error    Replace `↹↹` with `····`                                                                                                                                                                                                                                                                                            prettier/prettier
  119:1   error    Replace `↹` with `··`                                                                                                                                                                                                                                                                                               prettier/prettier
  121:1   error    Replace `↹` with `··`                                                                                                                                                                                                                                                                                               prettier/prettier
  122:1   error    Replace `↹↹try⏎↹↹` with `····try·`                                                                                                                                                                                                                                                                                  prettier/prettier
  124:1   error    Replace `↹↹↹` with `······`                                                                                                                                                                                                                                                                                         prettier/prettier
  125:1   error    Replace `↹↹↹` with `······`                                                                                                                                                                                                                                                                                         prettier/prettier
  126:1   error    Replace `↹↹↹↹` with `········`                                                                                                                                                                                                                                                                                      prettier/prettier
  127:1   error    Replace `↹↹↹` with `······`                                                                                                                                                                                                                                                                                         prettier/prettier
  128:1   error    Replace `↹↹↹` with `······`                                                                                                                                                                                                                                                                                         prettier/prettier
  129:1   error    Replace `↹↹}⏎↹↹` with `····}·`                                                                                                                                                                                                                                                                                      prettier/prettier
  131:1   error    Replace `↹` with `··`                                                                                                                                                                                                                                                                                               prettier/prettier
  133:1   error    Replace `↹` with `··`                                                                                                                                                                                                                                                                                               prettier/prettier
  134:1   error    Replace `↹↹const·channels·=·await·this.channelRepository` with `····const·channels·=·await·this.channelRepository⏎······`                                                                                                                                                                                           prettier/prettier
  135:1   error    Replace `↹↹` with `······`                                                                                                                                                                                                                                                                                          prettier/prettier
  136:1   error    Replace `↹↹` with `······`                                                                                                                                                                                                                                                                                          prettier/prettier
  137:1   error    Replace `↹↹` with `····`                                                                                                                                                                                                                                                                                            prettier/prettier
  138:1   error    Replace `↹↹` with `····`                                                                                                                                                                                                                                                                                            prettier/prettier
  139:1   error    Replace `↹` with `··`                                                                                                                                                                                                                                                                                               prettier/prettier
  141:1   error    Replace `↹` with `··`                                                                                                                                                                                                                                                                                               prettier/prettier
  142:1   error    Replace `↹↹` with `····`                                                                                                                                                                                                                                                                                            prettier/prettier
  143:1   error    Replace `↹↹` with `······`                                                                                                                                                                                                                                                                                          prettier/prettier
  144:1   error    Replace `↹↹` with `······`                                                                                                                                                                                                                                                                                          prettier/prettier
  145:1   error    Replace `↹↹` with `······`                                                                                                                                                                                                                                                                                          prettier/prettier
  146:1   error    Replace `↹↹` with `······`                                                                                                                                                                                                                                                                                          prettier/prettier
  147:1   error    Replace `↹↹` with `····`                                                                                                                                                                                                                                                                                            prettier/prettier
  148:1   error    Replace `↹↹` with `····`                                                                                                                                                                                                                                                                                            prettier/prettier
  149:1   error    Replace `↹` with `··`                                                                                                                                                                                                                                                                                               prettier/prettier
  151:1   error    Replace `↹` with `··`                                                                                                                                                                                                                                                                                               prettier/prettier
  152:1   error    Replace `↹↹const·channels·=·await·this.DMChannelRepository⏎↹↹.createQueryBuilder('channel'` with `····const·channels·=·await·this.DMChannelRepository.createQueryBuilder(⏎······'channel',⏎····`                                                                                                                    prettier/prettier
  154:1   error    Replace `↹↹` with `······`                                                                                                                                                                                                                                                                                          prettier/prettier
  155:1   error    Replace `↹↹` with `······`                                                                                                                                                                                                                                                                                          prettier/prettier
  156:1   error    Replace `↹↹` with `······`                                                                                                                                                                                                                                                                                          prettier/prettier
  157:1   error    Replace `↹↹` with `····`                                                                                                                                                                                                                                                                                            prettier/prettier
  158:1   error    Replace `↹` with `··`                                                                                                                                                                                                                                                                                               prettier/prettier
  160:1   error    Replace `↹` with `··`                                                                                                                                                                                                                                                                                               prettier/prettier
  162:1   error    Replace `⏎↹` with `··`                                                                                                                                                                                                                                                                                              prettier/prettier
  164:1   error    Replace `↹↹` with `····`                                                                                                                                                                                                                                                                                            prettier/prettier
  165:1   error    Replace `↹↹` with `····`                                                                                                                                                                                                                                                                                            prettier/prettier
  166:1   error    Replace `↹↹if·(!channel)⏎↹↹↹` with `····if·(!channel)·`                                                                                                                                                                                                                                                             prettier/prettier
  168:1   error    Replace `↹↹if·(channel.bans.includes(userId))⏎↹↹↹` with `····if·(channel.bans.includes(userId))·`                                                                                                                                                                                                                   prettier/prettier
  170:1   error    Replace `↹↹if·(channel.users.find((u)·=>·u.id·===·userId))⏎↹↹↹` with `····if·(channel.users.find((u)·=>·u.id·===·userId))·`                                                                                                                                                                                         prettier/prettier
  172:1   error    Replace `↹↹` with `····`                                                                                                                                                                                                                                                                                            prettier/prettier
  173:1   error    Replace `↹↹` with `····`                                                                                                                                                                                                                                                                                            prettier/prettier
  174:1   error    Replace `↹↹` with `····`                                                                                                                                                                                                                                                                                            prettier/prettier
  175:1   error    Replace `↹` with `··`                                                                                                                                                                                                                                                                                               prettier/prettier
  177:1   error    Replace `↹` with `··`                                                                                                                                                                                                                                                                                               prettier/prettier
  178:1   error    Replace `↹↹if·(channelId)⏎↹↹` with `····if·(channelId)·`                                                                                                                                                                                                                                                            prettier/prettier
  180:1   error    Replace `↹↹↹` with `······`                                                                                                                                                                                                                                                                                         prettier/prettier
  181:1   error    Replace `↹↹↹↹` with `········`                                                                                                                                                                                                                                                                                      prettier/prettier
  182:1   error    Replace `↹↹↹↹` with `········`                                                                                                                                                                                                                                                                                      prettier/prettier
  183:1   error    Replace `↹↹↹` with `······`                                                                                                                                                                                                                                                                                         prettier/prettier
  184:1   error    Replace `↹↹↹if·(!channel)⏎↹↹↹↹` with `······if·(!channel)·`                                                                                                                                                                                                                                                         prettier/prettier
  186:1   error    Replace `↹↹↹` with `······`                                                                                                                                                                                                                                                                                         prettier/prettier
  187:1   error    Replace `↹↹` with `····`                                                                                                                                                                                                                                                                                            prettier/prettier
  188:1   error    Replace `↹` with `··`                                                                                                                                                                                                                                                                                               prettier/prettier
  190:1   error    Replace `↹` with `··`                                                                                                                                                                                                                                                                                               prettier/prettier
  191:1   error    Replace `↹↹` with `····`                                                                                                                                                                                                                                                                                            prettier/prettier
  192:1   error    Replace `↹↹` with `····`                                                                                                                                                                                                                                                                                            prettier/prettier
  193:1   error    Replace `↹↹` with `····`                                                                                                                                                                                                                                                                                            prettier/prettier
  193:9   warning  'userList' is assigned a value but never used                                                                                                                                                                                                                                                                       @typescript-eslint/no-unused-vars
  194:1   error    Replace `↹↹` with `····`                                                                                                                                                                                                                                                                                            prettier/prettier
  195:1   error    Replace `↹↹↹where:·{·users:·In([·user·` with `······where:·{·users:·In([user`                                                                                                                                                                                                                                       prettier/prettier
  196:1   error    Replace `↹↹↹` with `······`                                                                                                                                                                                                                                                                                         prettier/prettier
  197:1   error    Replace `↹↹` with `····`                                                                                                                                                                                                                                                                                            prettier/prettier
  198:1   error    Replace `↹↹` with `····`                                                                                                                                                                                                                                                                                            prettier/prettier
  199:1   error    Replace `↹↹↹` with `······`                                                                                                                                                                                                                                                                                         prettier/prettier
  200:1   error    Replace `↹↹↹` with `······`                                                                                                                                                                                                                                                                                         prettier/prettier
  201:1   error    Replace `↹↹` with `····`                                                                                                                                                                                                                                                                                            prettier/prettier
  202:1   error    Replace `↹↹if·(!channel)⏎↹↹↹` with `····if·(!channel)·`                                                                                                                                                                                                                                                             prettier/prettier
  204:1   error    Replace `↹↹` with `····`                                                                                                                                                                                                                                                                                            prettier/prettier
  205:1   error    Replace `↹}⏎` with `··}`                                                                                                                                                                                                                                                                                            prettier/prettier
  208:1   error    Replace `↹` with `··`                                                                                                                                                                                                                                                                                               prettier/prettier
  209:1   error    Replace `↹↹try⏎↹↹` with `····try·`                                                                                                                                                                                                                                                                                  prettier/prettier
  211:1   error    Replace `↹↹↹` with `······`                                                                                                                                                                                                                                                                                         prettier/prettier
  212:1   error    Replace `↹↹↹if·(!channel)⏎↹↹↹↹` with `······if·(!channel)·`                                                                                                                                                                                                                                                         prettier/prettier
  214:1   error    Replace `↹↹↹` with `······`                                                                                                                                                                                                                                                                                         prettier/prettier
  215:1   error    Replace `↹↹↹↹` with `········`                                                                                                                                                                                                                                                                                      prettier/prettier
  216:1   error    Replace `↹↹↹` with `······`                                                                                                                                                                                                                                                                                         prettier/prettier
  217:1   error    Replace `↹↹↹↹` with `········`                                                                                                                                                                                                                                                                                      prettier/prettier
  218:1   error    Replace `↹↹↹↹` with `········`                                                                                                                                                                                                                                                                                      prettier/prettier
  219:1   error    Replace `↹↹↹` with `······`                                                                                                                                                                                                                                                                                         prettier/prettier
  220:1   error    Replace `↹↹↹` with `······`                                                                                                                                                                                                                                                                                         prettier/prettier
  221:1   error    Replace `↹↹↹↹` with `········`                                                                                                                                                                                                                                                                                      prettier/prettier
  222:1   error    Replace `↹↹↹↹` with `········`                                                                                                                                                                                                                                                                                      prettier/prettier
  223:1   error    Replace `↹↹↹` with `······`                                                                                                                                                                                                                                                                                         prettier/prettier
  224:1   error    Replace `↹↹↹` with `······`                                                                                                                                                                                                                                                                                         prettier/prettier
  225:1   error    Replace `↹↹↹↹` with `········`                                                                                                                                                                                                                                                                                      prettier/prettier
  226:1   error    Replace `↹↹↹↹` with `········`                                                                                                                                                                                                                                                                                      prettier/prettier
  227:1   error    Replace `↹↹↹` with `······`                                                                                                                                                                                                                                                                                         prettier/prettier
  228:1   error    Replace `↹↹↹` with `······`                                                                                                                                                                                                                                                                                         prettier/prettier
  229:1   error    Replace `↹↹↹↹channel.owner·=·channel.admins.length·===·0·?·channel.users.find((u)·=>·u.id·!==·userId).id` with `········channel.owner·=⏎··········channel.admins.length·===·0⏎············?·channel.users.find((u)·=>·u.id·!==·userId).id⏎···········`                                                              prettier/prettier
  230:1   error    Replace `↹↹↹` with `······`                                                                                                                                                                                                                                                                                         prettier/prettier
  231:1   error    Replace `↹↹↹` with `······`                                                                                                                                                                                                                                                                                         prettier/prettier
  232:1   error    Replace `↹↹↹if·(channel.users.length·===·0)⏎↹↹↹↹` with `······if·(channel.users.length·===·0)·`                                                                                                                                                                                                                     prettier/prettier
  234:1   error    Replace `↹↹↹else⏎↹↹↹↹` with `······else·`                                                                                                                                                                                                                                                                           prettier/prettier
  236:1   error    Replace `↹↹↹` with `······`                                                                                                                                                                                                                                                                                         prettier/prettier
  237:1   error    Replace `↹↹` with `····`                                                                                                                                                                                                                                                                                            prettier/prettier
  238:1   error    Replace `↹` with `··`                                                                                                                                                                                                                                                                                               prettier/prettier
  240:1   error    Replace `↹` with `··`                                                                                                                                                                                                                                                                                               prettier/prettier
  241:1   error    Replace `↹↹const·users·=·(await·this.userService.fetchUsers()).filter((u)·=>·u.id·!==·userId` with `····const·users·=·(await·this.userService.fetchUsers()).filter(⏎······(u)·=>·u.id·!==·userId,⏎····`                                                                                                             prettier/prettier
  242:1   error    Replace `↹↹const·userList·=·await·Promise.all(` with `····const·userList·=·await·Promise.all(⏎······`                                                                                                                                                                                                               prettier/prettier
  243:1   error    Replace `↹↹↹const·messages·=·await·this.getAllDirectMessages(userId,·u.id)` with `········const·messages·=·await·this.getAllDirectMessages(userId,·u.id);`                                                                                                                                                          prettier/prettier
  244:1   error    Replace `↹↹↹` with `········`                                                                                                                                                                                                                                                                                       prettier/prettier
  245:1   error    Replace `↹↹↹↹const·message_list·=·messages.map(({·message,·user·})·=>·({·message,·userId:·user.id,·userName:·user.nickname·}))` with `··········const·message_list·=·messages.map(({·message,·user·})·=>·({⏎············message,⏎············userId:·user.id,⏎············userName:·user.nickname,⏎··········}));`  prettier/prettier
  246:1   error    Replace `↹↹↹↹` with `··········`                                                                                                                                                                                                                                                                                    prettier/prettier
  247:1   error    Replace `↹↹↹↹↹` with `············`                                                                                                                                                                                                                                                                                 prettier/prettier
  248:1   error    Replace `↹↹↹↹↹` with `············`                                                                                                                                                                                                                                                                                 prettier/prettier
  249:1   error    Replace `↹↹↹↹↹` with `············`                                                                                                                                                                                                                                                                                 prettier/prettier
  250:1   error    Replace `↹↹↹↹↹messages:·message_list` with `············messages:·message_list,`                                                                                                                                                                                                                                    prettier/prettier
  251:1   error    Replace `↹↹↹↹}` with `··········};`                                                                                                                                                                                                                                                                                 prettier/prettier
  252:1   error    Replace `↹↹↹` with `········`                                                                                                                                                                                                                                                                                       prettier/prettier
  253:1   error    Replace `↹↹↹` with `········`                                                                                                                                                                                                                                                                                       prettier/prettier
  254:1   error    Replace `↹↹↹↹` with `··········`                                                                                                                                                                                                                                                                                    prettier/prettier
  255:1   error    Replace `↹↹↹↹` with `··········`                                                                                                                                                                                                                                                                                    prettier/prettier
  256:1   error    Replace `↹↹↹↹` with `··········`                                                                                                                                                                                                                                                                                    prettier/prettier
  257:1   error    Replace `↹↹↹}` with `········};`                                                                                                                                                                                                                                                                                    prettier/prettier
  258:1   error    Replace `↹↹},·[])` with `······},·[]),⏎····`                                                                                                                                                                                                                                                                        prettier/prettier
  259:1   error    Replace `↹↹` with `····`                                                                                                                                                                                                                                                                                            prettier/prettier
  260:1   error    Replace `↹` with `··`                                                                                                                                                                                                                                                                                               prettier/prettier
  262:1   error    Replace `↹async·checkAdmin(userId:·number,` with `··async·checkAdmin(userId:·number,·`                                                                                                                                                                                                                              prettier/prettier
  263:1   error    Replace `↹↹` with `····`                                                                                                                                                                                                                                                                                            prettier/prettier
  264:1   error    Replace `↹↹` with `····`                                                                                                                                                                                                                                                                                            prettier/prettier
  265:1   error    Replace `↹↹↹return·{·status:·false,·message:·"채널이·존재하지·않습니다."` with `······return·{·status:·false,·message:·'채널이·존재하지·않습니다.'·`                                                                                                                                                                                      prettier/prettier
  266:1   error    Replace `↹↹↹` with `····`                                                                                                                                                                                                                                                                                           prettier/prettier
  267:1   error    Replace `↹↹↹↹return·{·status:·false,·message:·"관리자가·아닙니다."` with `······return·{·status:·false,·message:·'관리자가·아닙니다.'·`                                                                                                                                                                                             prettier/prettier
  268:1   error    Replace `↹↹↹` with `····`                                                                                                                                                                                                                                                                                           prettier/prettier
  269:1   error    Replace `↹↹↹` with `····`                                                                                                                                                                                                                                                                                           prettier/prettier
  270:1   error    Replace `↹↹↹↹if·(otherUserId·===·channel.owner·||·channel.admins.includes(otherUserId)` with `······if·(⏎········otherUserId·===·channel.owner·||⏎········channel.admins.includes(otherUserId)⏎······`                                                                                                              prettier/prettier
  271:1   error    Replace `↹↹↹↹↹return·{·status:·false,·message:·"관리자는·방장/관리자에게·권한이·없습니다."` with `········return·{⏎··········status:·false,⏎··········message:·'관리자는·방장/관리자에게·권한이·없습니다.',⏎········`                                                                                                                                   prettier/prettier
  272:1   error    Replace `↹↹↹↹` with `······`                                                                                                                                                                                                                                                                                        prettier/prettier
  273:1   error    Replace `↹↹↹` with `····`                                                                                                                                                                                                                                                                                           prettier/prettier
  274:1   error    Replace `↹↹return·{·status:·true,·message:·"권한이·있습니다."` with `····return·{·status:·true,·message:·'권한이·있습니다.'·`                                                                                                                                                                                                     prettier/prettier
  275:1   error    Replace `↹` with `··`                                                                                                                                                                                                                                                                                               prettier/prettier
  277:1   error    Replace `⏎↹` with `··`                                                                                                                                                                                                                                                                                              prettier/prettier
  280:1   error    Replace `↹` with `··`                                                                                                                                                                                                                                                                                               prettier/prettier
  281:1   error    Replace `↹↹try⏎↹↹` with `····try·`                                                                                                                                                                                                                                                                                  prettier/prettier
  283:1   error    Replace `↹↹↹` with `······`                                                                                                                                                                                                                                                                                         prettier/prettier
  284:1   error    Replace `↹↹↹` with `······`                                                                                                                                                                                                                                                                                         prettier/prettier
  285:1   error    Replace `↹↹↹↹return·{·status:·false,·message:·"해당·채널이·존재하지·않습니다."` with `········return·{·status:·false,·message:·'해당·채널이·존재하지·않습니다.'·`                                                                                                                                                                             prettier/prettier
  286:1   error    Replace `↹↹↹` with `······`                                                                                                                                                                                                                                                                                         prettier/prettier
  287:1   error    Replace `↹↹↹↹return·{·status:·false,·message:·"해당·채널에·존재하지·않는·유저입니다."` with `········return·{⏎··········status:·false,⏎··········message:·'해당·채널에·존재하지·않는·유저입니다.',⏎········`                                                                                                                                        prettier/prettier
  288:1   error    Replace `↹↹↹` with `······`                                                                                                                                                                                                                                                                                         prettier/prettier
  289:1   error    Replace `↹↹↹↹return·{·status:·false,·message:·"이미·차단된·유저입니다."` with `········return·{·status:·false,·message:·'이미·차단된·유저입니다.'`                                                                                                                                                                                      prettier/prettier
  290:1   error    Replace `↹↹↹` with `······`                                                                                                                                                                                                                                                                                         prettier/prettier
  291:1   error    Replace `↹↹↹` with `······`                                                                                                                                                                                                                                                                                         prettier/prettier
  292:1   error    Replace `↹↹↹` with `······`                                                                                                                                                                                                                                                                                         prettier/prettier
  293:1   error    Replace `↹↹↹return·{·status:·true,·message:·"해당·유저를·차단하였습니다."` with `······return·{·status:·true,·message:·'해당·유저를·차단하였습니다.'`                                                                                                                                                                                       prettier/prettier
  294:1   error    Replace `↹↹` with `····`                                                                                                                                                                                                                                                                                            prettier/prettier
  295:1   error    Replace `↹` with `··`                                                                                                                                                                                                                                                                                               prettier/prettier
  297:1   error    Replace `↹` with `··`                                                                                                                                                                                                                                                                                               prettier/prettier
  299:1   error    Replace `↹` with `··`                                                                                                                                                                                                                                                                                               prettier/prettier
  300:1   error    Replace `↹↹try⏎↹↹` with `····try·`                                                                                                                                                                                                                                                                                  prettier/prettier
  302:1   error    Replace `↹↹↹` with `······`                                                                                                                                                                                                                                                                                         prettier/prettier
  303:1   error    Replace `↹↹` with `······`                                                                                                                                                                                                                                                                                          prettier/prettier
  304:1   error    Replace `↹↹↹return·{·status:·false,·message:·"해당·채널이·존재하지·않습니다."` with `········return·{·status:·false,·message:·'해당·채널이·존재하지·않습니다.'·`                                                                                                                                                                              prettier/prettier
  305:1   error    Replace `↹↹` with `······`                                                                                                                                                                                                                                                                                          prettier/prettier
  306:1   error    Replace `↹↹↹return·{·status:·false,·message:·"해당·채널에·참여하지·않았습니다."` with `········return·{·status:·false,·message:·'해당·채널에·참여하지·않았습니다.'·`                                                                                                                                                                            prettier/prettier
  307:1   error    Replace `↹↹` with `······`                                                                                                                                                                                                                                                                                          prettier/prettier
  308:1   error    Replace `↹↹↹return·{·status:·false,·message:·"이미·뮤트된·유저입니다."` with `········return·{·status:·false,·message:·'이미·뮤트된·유저입니다.'·`                                                                                                                                                                                      prettier/prettier
  309:1   error    Replace `↹↹` with `······`                                                                                                                                                                                                                                                                                          prettier/prettier
  310:1   error    Replace `↹↹` with `······`                                                                                                                                                                                                                                                                                          prettier/prettier
  311:1   error    Replace `↹↹return·{·status:·true,·message:·"해당·유저를·뮤트하였습니다."` with `······return·{·status:·true,·message:·'해당·유저를·뮤트하였습니다.'·`                                                                                                                                                                                       prettier/prettier
  312:1   error    Replace `↹↹` with `····`                                                                                                                                                                                                                                                                                            prettier/prettier
  313:1   error    Replace `↹` with `··`                                                                                                                                                                                                                                                                                               prettier/prettier
  315:1   error    Replace `↹` with `··`                                                                                                                                                                                                                                                                                               prettier/prettier
  316:1   error    Replace `↹↹try⏎↹↹` with `····try·`                                                                                                                                                                                                                                                                                  prettier/prettier
  318:1   error    Replace `↹↹↹` with `······`                                                                                                                                                                                                                                                                                         prettier/prettier
  318:10  warning  'user' is assigned a value but never used                                                                                                                                                                                                                                                                           @typescript-eslint/no-unused-vars
  319:1   error    Replace `↹↹↹` with `······`                                                                                                                                                                                                                                                                                         prettier/prettier
  320:1   error    Replace `↹↹↹` with `······`                                                                                                                                                                                                                                                                                         prettier/prettier
  321:1   error    Replace `↹↹↹↹return·{·status:·false,·message:·"해당·채널이·존재하지·않습니다."` with `········return·{·status:·false,·message:·'해당·채널이·존재하지·않습니다.'·`                                                                                                                                                                             prettier/prettier
  322:1   error    Replace `↹↹↹` with `······`                                                                                                                                                                                                                                                                                         prettier/prettier
  323:1   error    Replace `↹↹↹↹return·{·status:·false,·message:·"해당·채널에·참여하지·않았습니다."` with `········return·{·status:·false,·message:·'해당·채널에·참여하지·않았습니다.'·`                                                                                                                                                                           prettier/prettier
  324:1   error    Replace `↹↹↹` with `······`                                                                                                                                                                                                                                                                                         prettier/prettier
  325:1   error    Replace `↹↹↹↹return·{·status:·false,·message:·"이미·뮤트가·해제된·유저입니다."` with `········return·{·status:·false,·message:·'이미·뮤트가·해제된·유저입니다.'·`                                                                                                                                                                             prettier/prettier
  326:1   error    Replace `↹↹↹` with `······`                                                                                                                                                                                                                                                                                         prettier/prettier
  327:1   error    Replace `↹↹↹` with `······`                                                                                                                                                                                                                                                                                         prettier/prettier
  328:1   error    Replace `↹↹↹` with `······`                                                                                                                                                                                                                                                                                         prettier/prettier
  329:1   error    Replace `↹↹↹return·{·status:·true,·message:·"해당·유저의·뮤트를·해제하였습니다."` with `······return·{·status:·true,·message:·'해당·유저의·뮤트를·해제하였습니다.'·`                                                                                                                                                                              prettier/prettier
  330:1   error    Replace `↹↹` with `····`                                                                                                                                                                                                                                                                                            prettier/prettier
  331:1   error    Replace `↹` with `··`                                                                                                                                                                                                                                                                                               prettier/prettier
  333:1   error    Replace `↹` with `··`                                                                                                                                                                                                                                                                                               prettier/prettier
  335:1   error    Replace `↹` with `··`                                                                                                                                                                                                                                                                                               prettier/prettier
  336:1   error    Replace `↹↹try⏎↹↹` with `····try·`                                                                                                                                                                                                                                                                                  prettier/prettier
  338:1   error    Replace `↹↹↹` with `······`                                                                                                                                                                                                                                                                                         prettier/prettier
  338:10  warning  'user' is assigned a value but never used                                                                                                                                                                                                                                                                           @typescript-eslint/no-unused-vars
  339:1   error    Replace `↹↹↹` with `······`                                                                                                                                                                                                                                                                                         prettier/prettier
  340:1   error    Replace `↹↹` with `······`                                                                                                                                                                                                                                                                                          prettier/prettier
  341:1   error    Replace `↹↹↹return·{·status:·false,·message:·"해당·채널이·존재하지·않습니다."` with `········return·{·status:·false,·message:·'해당·채널이·존재하지·않습니다.'·`                                                                                                                                                                              prettier/prettier
  342:1   error    Replace `↹↹` with `······`                                                                                                                                                                                                                                                                                          prettier/prettier
  343:1   error    Replace `↹↹↹return·{·status:·false,·message:·"해당·채널에·참여하지·않았습니다."` with `········return·{·status:·false,·message:·'해당·채널에·참여하지·않았습니다.'·`                                                                                                                                                                            prettier/prettier
  344:1   error    Replace `↹↹` with `······`                                                                                                                                                                                                                                                                                          prettier/prettier
  345:1   error    Replace `↹↹` with `······`                                                                                                                                                                                                                                                                                          prettier/prettier
  346:1   error    Replace `↹↹return·{·status:·true,·message:·"해당·유저를·관리자로·추가하였습니다."` with `······return·{·status:·true,·message:·'해당·유저를·관리자로·추가하였습니다.'·`                                                                                                                                                                             prettier/prettier
  347:1   error    Replace `↹↹}⏎↹↹` with `····}·`                                                                                                                                                                                                                                                                                      prettier/prettier
  349:1   error    Replace `↹` with `··`                                                                                                                                                                                                                                                                                               prettier/prettier
  351:1   error    Replace `↹` with `··`                                                                                                                                                                                                                                                                                               prettier/prettier
  352:1   error    Replace `↹↹try⏎↹↹` with `····try·`                                                                                                                                                                                                                                                                                  prettier/prettier
  354:1   error    Replace `↹↹↹` with `······`                                                                                                                                                                                                                                                                                         prettier/prettier
  354:10  warning  'user' is assigned a value but never used                                                                                                                                                                                                                                                                           @typescript-eslint/no-unused-vars
  355:1   error    Replace `↹↹↹` with `······`                                                                                                                                                                                                                                                                                         prettier/prettier
  356:1   error    Replace `↹↹` with `······`                                                                                                                                                                                                                                                                                          prettier/prettier
  357:1   error    Replace `↹↹↹return·{·status:·false,·message:·"해당·채널이·존재하지·않습니다."` with `········return·{·status:·false,·message:·'해당·채널이·존재하지·않습니다.'·`                                                                                                                                                                              prettier/prettier
  358:1   error    Replace `↹↹` with `······`                                                                                                                                                                                                                                                                                          prettier/prettier
  359:1   error    Replace `↹↹↹return·{·status:·false,·message:·"해당·채널에·참여하지·않았습니다."` with `········return·{·status:·false,·message:·'해당·채널에·참여하지·않았습니다.'·`                                                                                                                                                                            prettier/prettier
  360:1   error    Replace `↹↹` with `······`                                                                                                                                                                                                                                                                                          prettier/prettier
  361:1   error    Replace `↹↹` with `······`                                                                                                                                                                                                                                                                                          prettier/prettier
  362:1   error    Replace `↹↹` with `······`                                                                                                                                                                                                                                                                                          prettier/prettier
  363:1   error    Replace `↹↹return·{·status:·true,·message:·"해당·유저를·관리자에서·제거하였습니다."` with `······return·{⏎········status:·true,⏎········message:·'해당·유저를·관리자에서·제거하였습니다.',⏎······`                                                                                                                                                    prettier/prettier
  364:1   error    Replace `↹↹}⏎↹↹` with `····}·`                                                                                                                                                                                                                                                                                      prettier/prettier
  366:1   error    Replace `↹` with `··`                                                                                                                                                                                                                                                                                               prettier/prettier
  368:1   error    Replace `↹` with `··`                                                                                                                                                                                                                                                                                               prettier/prettier
  369:1   error    Replace `↹↹try⏎↹↹` with `····try·`                                                                                                                                                                                                                                                                                  prettier/prettier
  371:1   error    Replace `↹↹↹` with `······`                                                                                                                                                                                                                                                                                         prettier/prettier
  372:1   error    Replace `↹↹↹if·(!channel)⏎↹↹↹↹` with `······if·(!channel)·`                                                                                                                                                                                                                                                         prettier/prettier
  374:1   error    Replace `↹↹↹const·userList·=·channel.users` with `······const·userList·=·channel.users⏎········`                                                                                                                                                                                                                    prettier/prettier
  375:1   error    Replace `↹↹↹` with `········`                                                                                                                                                                                                                                                                                       prettier/prettier
  376:1   error    Replace `↹↹↹↹` with `··········`                                                                                                                                                                                                                                                                                    prettier/prettier
  377:1   error    Replace `↹↹↹↹` with `··········`                                                                                                                                                                                                                                                                                    prettier/prettier
  378:1   error    Replace `↹↹↹↹` with `··········`                                                                                                                                                                                                                                                                                    prettier/prettier
  379:1   error    Replace `↹↹↹↹` with `··········`                                                                                                                                                                                                                                                                                    prettier/prettier
  380:1   error    Replace `↹↹↹↹` with `··········`                                                                                                                                                                                                                                                                                    prettier/prettier
  381:1   error    Replace `↹↹↹↹` with `··········`                                                                                                                                                                                                                                                                                    prettier/prettier
  382:1   error    Replace `↹↹↹` with `········`                                                                                                                                                                                                                                                                                       prettier/prettier
  383:1   error    Replace `↹↹↹` with `······`                                                                                                                                                                                                                                                                                         prettier/prettier
  384:1   error    Replace `↹↹↹↹` with `········`                                                                                                                                                                                                                                                                                      prettier/prettier
  385:1   error    Replace `↹↹↹↹` with `········`                                                                                                                                                                                                                                                                                      prettier/prettier
  386:1   error    Replace `↹↹↹↹` with `········`                                                                                                                                                                                                                                                                                      prettier/prettier
  387:1   error    Replace `↹↹↹` with `······`                                                                                                                                                                                                                                                                                         prettier/prettier
  388:1   error    Replace `↹↹}⏎↹↹` with `····}·`                                                                                                                                                                                                                                                                                      prettier/prettier
  390:1   error    Replace `↹` with `··`                                                                                                                                                                                                                                                                                               prettier/prettier
  392:1   error    Replace `↹` with `··`                                                                                                                                                                                                                                                                                               prettier/prettier
  394:1   error    Replace `↹` with `··`                                                                                                                                                                                                                                                                                               prettier/prettier
  395:1   error    Replace `↹↹try⏎↹↹` with `····try·`                                                                                                                                                                                                                                                                                  prettier/prettier
  397:1   error    Replace `↹↹↹` with `······`                                                                                                                                                                                                                                                                                         prettier/prettier
  397:10  warning  'user' is assigned a value but never used                                                                                                                                                                                                                                                                           @typescript-eslint/no-unused-vars
  398:1   error    Replace `↹↹↹` with `······`                                                                                                                                                                                                                                                                                         prettier/prettier
  399:1   error    Replace `↹↹` with `······`                                                                                                                                                                                                                                                                                          prettier/prettier
  400:1   error    Replace `↹↹↹return·{·status:·false,·message:·"해당·채널이·존재하지·않습니다."` with `········return·{·status:·false,·message:·'해당·채널이·존재하지·않습니다.'·`                                                                                                                                                                              prettier/prettier
  401:1   error    Replace `↹↹` with `······`                                                                                                                                                                                                                                                                                          prettier/prettier
  402:1   error    Replace `↹↹↹return·{·status:·false,·message:·"해당·채널에·참여하지·않았습니다."` with `········return·{·status:·false,·message:·'해당·채널에·참여하지·않았습니다.'·`                                                                                                                                                                            prettier/prettier
  404:1   error    Replace `↹↹` with `······`                                                                                                                                                                                                                                                                                          prettier/prettier
  405:1   error    Replace `↹↹` with `······`                                                                                                                                                                                                                                                                                          prettier/prettier
  406:1   error    Replace `↹↹return·{·status:·true,·message:·"유저를·강퇴하였습니다."` with `······return·{·status:·true,·message:·'유저를·강퇴하였습니다.'·`                                                                                                                                                                                             prettier/prettier
  407:1   error    Replace `↹↹}⏎↹↹` with `····}·`                                                                                                                                                                                                                                                                                      prettier/prettier
  409:1   error    Replace `↹` with `··`                                                                                                                                                                                                                                                                                               prettier/prettier
  411:1   error    Replace `↹` with `··`                                                                                                                                                                                                                                                                                               prettier/prettier
  413:1   error    Replace `↹` with `··`                                                                                                                                                                                                                                                                                               prettier/prettier
  414:1   error    Replace `↹↹` with `····`                                                                                                                                                                                                                                                                                            prettier/prettier
  415:1   error    Replace `↹↹if·(!channel)⏎↹↹↹` with `····if·(!channel)·`                                                                                                                                                                                                                                                             prettier/prettier
  417:1   error    Replace `↹↹` with `····`                                                                                                                                                                                                                                                                                            prettier/prettier
  418:1   error    Replace `↹` with `··`                                                                                                                                                                                                                                                                                               prettier/prettier
  420:1   error    Replace `↹` with `··`                                                                                                                                                                                                                                                                                               prettier/prettier
  421:1   error    Replace `↹↹` with `····`                                                                                                                                                                                                                                                                                            prettier/prettier
  422:1   error    Replace `↹↹if·(!channel)⏎↹↹↹` with `····if·(!channel)·`                                                                                                                                                                                                                                                             prettier/prettier
  424:1   error    Replace `↹↹` with `····`                                                                                                                                                                                                                                                                                            prettier/prettier
  425:1   error    Replace `↹` with `··`                                                                                                                                                                                                                                                                                               prettier/prettier
  427:1   error    Replace `↹` with `··`                                                                                                                                                                                                                                                                                               prettier/prettier
  428:1   error    Replace `↹↹if·(!channel)⏎↹↹↹` with `····if·(!channel)·`                                                                                                                                                                                                                                                             prettier/prettier
  430:1   error    Replace `↹↹` with `····`                                                                                                                                                                                                                                                                                            prettier/prettier
  431:1   error    Replace `↹↹` with `····`                                                                                                                                                                                                                                                                                            prettier/prettier
  432:1   error    Replace `↹↹` with `····`                                                                                                                                                                                                                                                                                            prettier/prettier
  433:1   error    Replace `↹↹` with `····`                                                                                                                                                                                                                                                                                            prettier/prettier
  434:1   error    Replace `↹↹await·this.channelRepository` with `····await·this.channelRepository⏎······`                                                                                                                                                                                                                             prettier/prettier
  435:1   error    Replace `↹↹.relation(Channel,·"messages"` with `······.relation(Channel,·'messages'`                                                                                                                                                                                                                                prettier/prettier
  436:1   error    Replace `↹↹` with `······`                                                                                                                                                                                                                                                                                          prettier/prettier
  437:1   error    Replace `↹↹` with `······`                                                                                                                                                                                                                                                                                          prettier/prettier
  438:1   error    Replace `↹` with `··`                                                                                                                                                                                                                                                                                               prettier/prettier
  440:1   error    Replace `↹async·addDirectMessage(message:·MessageI,·userId:·number,·otherUserId:·number` with `··async·addDirectMessage(⏎····message:·MessageI,⏎····userId:·number,⏎····otherUserId:·number,⏎··`                                                                                                                    prettier/prettier
  441:1   error    Replace `↹↹` with `····`                                                                                                                                                                                                                                                                                            prettier/prettier
  442:1   error    Replace `↹↹if·(!channel)⏎↹↹↹` with `····if·(!channel)·`                                                                                                                                                                                                                                                             prettier/prettier
  444:1   error    Replace `↹↹` with `····`                                                                                                                                                                                                                                                                                            prettier/prettier
  445:1   error    Replace `↹↹` with `····`                                                                                                                                                                                                                                                                                            prettier/prettier
  446:1   error    Replace `↹↹` with `····`                                                                                                                                                                                                                                                                                            prettier/prettier
  447:1   error    Replace `↹↹` with `····`                                                                                                                                                                                                                                                                                            prettier/prettier
  448:1   error    Replace `↹↹` with `····`                                                                                                                                                                                                                                                                                            prettier/prettier
  449:1   error    Replace `↹↹.relation(DMChannel,·"messages"` with `······.relation(DMChannel,·'messages'`                                                                                                                                                                                                                            prettier/prettier
  450:1   error    Replace `↹↹` with `······`                                                                                                                                                                                                                                                                                          prettier/prettier
  451:1   error    Replace `↹↹` with `······`                                                                                                                                                                                                                                                                                          prettier/prettier
  452:1   error    Replace `↹` with `··`                                                                                                                                                                                                                                                                                               prettier/prettier

/Users/sm/dev_park/ft_transcendence_project/backend/src/chat/dto/channel.dto.ts
   1:22  error  Replace `"src/user/entity/user.entity"` with `'src/user/entity/user.entity'`                                                           prettier/prettier
   2:9   error  Replace `·IsBoolean,·IsString,·Matches,·MaxLength,·MinLength·` with `⏎··IsBoolean,⏎··IsString,⏎··Matches,⏎··MaxLength,⏎··MinLength,⏎`  prettier/prettier
   5:1   error  Replace `↹` with `··`                                                                                                                  prettier/prettier
   8:1   error  Replace `↹` with `··`                                                                                                                  prettier/prettier
  10:1   error  Replace `↹` with `··`                                                                                                                  prettier/prettier
  11:1   error  Replace `↹` with `··`                                                                                                                  prettier/prettier
  12:1   error  Replace `↹` with `··`                                                                                                                  prettier/prettier
  13:1   error  Replace `↹` with `··`                                                                                                                  prettier/prettier
  15:1   error  Replace `↹` with `··`                                                                                                                  prettier/prettier
  16:1   error  Replace `↹` with `··`                                                                                                                  prettier/prettier
  18:1   error  Replace `↹users:·[·(User)·` with `··users:·[User`                                                                                      prettier/prettier

/Users/sm/dev_park/ft_transcendence_project/backend/src/chat/dto/create-channel.dto.ts
   1:9  error  Replace `·IsBoolean,·IsString,·Matches,·MaxLength,·MinLength·` with `⏎··IsBoolean,⏎··IsString,⏎··Matches,⏎··MaxLength,⏎··MinLength,⏎`  prettier/prettier
   4:1  error  Replace `↹` with `··`                                                                                                                  prettier/prettier
   7:1  error  Replace `↹` with `··`                                                                                                                  prettier/prettier
   9:1  error  Replace `↹` with `··`                                                                                                                  prettier/prettier
  10:1  error  Replace `↹` with `··`                                                                                                                  prettier/prettier
  11:1  error  Replace `↹` with `··`                                                                                                                  prettier/prettier
  12:1  error  Replace `↹` with `··`                                                                                                                  prettier/prettier
  14:1  error  Replace `↹` with `··`                                                                                                                  prettier/prettier
  15:1  error  Replace `↹` with `··`                                                                                                                  prettier/prettier

/Users/sm/dev_park/ft_transcendence_project/backend/src/chat/dto/join-channel.dto.ts
   1:9   error    Replace `·IsBoolean,·IsNumber,·IsString,·Matches,·MaxLength,·MinLength·` with `⏎··IsBoolean,⏎··IsNumber,⏎··IsString,⏎··Matches,⏎··MaxLength,⏎··MinLength,⏎`  prettier/prettier
   1:61  warning  'MinLength' is defined but never used                                                                                                                        @typescript-eslint/no-unused-vars
   4:1   error    Replace `↹` with `··`                                                                                                                                        prettier/prettier
   5:1   error    Replace `↹` with `··`                                                                                                                                        prettier/prettier
   7:1   error    Replace `↹` with `··`                                                                                                                                        prettier/prettier
   8:1   error    Replace `↹` with `··`                                                                                                                                        prettier/prettier
   9:1   error    Replace `↹` with `··`                                                                                                                                        prettier/prettier
  10:1   error    Replace `↹` with `··`                                                                                                                                        prettier/prettier
  12:1   error    Replace `↹` with `··`                                                                                                                                        prettier/prettier
  13:1   error    Replace `↹` with `··`                                                                                                                                        prettier/prettier

/Users/sm/dev_park/ft_transcendence_project/backend/src/chat/entity/channel.entity.ts
   2:1  error  Replace `↹` with `··`                                                                                                 prettier/prettier
   3:1  error  Replace `↹` with `··`                                                                                                 prettier/prettier
   4:1  error  Replace `↹` with `··`                                                                                                 prettier/prettier
   5:1  error  Replace `↹` with `··`                                                                                                 prettier/prettier
   6:1  error  Replace `↹` with `··`                                                                                                 prettier/prettier
   7:1  error  Replace `↹` with `··`                                                                                                 prettier/prettier
   8:1  error  Replace `↹` with `··`                                                                                                 prettier/prettier
  15:1  error  Replace `↹` with `··`                                                                                                 prettier/prettier
  18:1  error  Replace `↹` with `··`                                                                                                 prettier/prettier
  19:1  error  Replace `↹` with `··`                                                                                                 prettier/prettier
  21:1  error  Replace `↹@Column("text",·{default:·""` with `··@Column('text',·{·default:·''·`                                       prettier/prettier
  22:1  error  Replace `↹` with `··`                                                                                                 prettier/prettier
  24:1  error  Replace `↹` with `··`                                                                                                 prettier/prettier
  25:1  error  Replace `↹` with `··`                                                                                                 prettier/prettier
  27:1  error  Replace `↹` with `··`                                                                                                 prettier/prettier
  28:1  error  Replace `↹` with `··`                                                                                                 prettier/prettier
  30:1  error  Replace `↹@ManyToMany(()·=>·User,·{onDelete:'CASCADE'` with `··@ManyToMany(()·=>·User,·{·onDelete:·'CASCADE'·`        prettier/prettier
  31:1  error  Replace `↹` with `··`                                                                                                 prettier/prettier
  32:1  error  Replace `↹` with `··`                                                                                                 prettier/prettier
  34:1  error  Replace `↹@Column({nullable:·true` with `··@Column({·nullable:·true·`                                                 prettier/prettier
  35:1  error  Replace `↹` with `··`                                                                                                 prettier/prettier
  37:1  error  Replace `↹` with `··`                                                                                                 prettier/prettier
  38:1  error  Replace `↹` with `··`                                                                                                 prettier/prettier
  40:1  error  Replace `↹@Column('boolean',·{default:·false` with `··@Column('boolean',·{·default:·false·`                           prettier/prettier
  41:1  error  Replace `↹` with `··`                                                                                                 prettier/prettier
  43:1  error  Replace `↹@Column('boolean',·{default:·false` with `··@Column('boolean',·{·default:·false·`                           prettier/prettier
  44:1  error  Replace `↹` with `··`                                                                                                 prettier/prettier
  46:1  error  Replace `↹@ManyToMany(()·=>·Message,·{onDelete:'CASCADE'` with `··@ManyToMany(()·=>·Message,·{·onDelete:·'CASCADE'·`  prettier/prettier
  50:1  error  Replace `↹` with `··`                                                                                                 prettier/prettier
  51:1  error  Replace `↹` with `··`                                                                                                 prettier/prettier
  53:1  error  Replace `↹` with `··`                                                                                                 prettier/prettier
  54:1  error  Replace `↹` with `··`                                                                                                 prettier/prettier

/Users/sm/dev_park/ft_transcendence_project/backend/src/chat/entity/dm-channel.entity.ts
   2:1  error  Replace `↹` with `··`                                                                                           prettier/prettier
   3:1  error  Replace `↹` with `··`                                                                                           prettier/prettier
   4:1  error  Replace `↹` with `··`                                                                                           prettier/prettier
   5:1  error  Replace `↹` with `··`                                                                                           prettier/prettier
   6:1  error  Replace `↹` with `··`                                                                                           prettier/prettier
   7:1  error  Replace `↹` with `··`                                                                                           prettier/prettier
  14:1  error  Replace `↹` with `··`                                                                                           prettier/prettier
  17:1  error  Replace `↹` with `··`                                                                                           prettier/prettier
  18:1  error  Replace `↹` with `··`                                                                                           prettier/prettier
  20:1  error  Replace `↹` with `··`                                                                                           prettier/prettier
  21:1  error  Replace `↹` with `··`                                                                                           prettier/prettier
  23:1  error  Replace `↹@ManyToMany(()·=>·User,·{onDelete:'CASCADE'` with `··@ManyToMany(()·=>·User,·{·onDelete:·'CASCADE'·`  prettier/prettier
  24:1  error  Replace `↹` with `··`                                                                                           prettier/prettier
  25:1  error  Replace `↹` with `··`                                                                                           prettier/prettier
  27:1  error  Replace `↹` with `··`                                                                                           prettier/prettier

/Users/sm/dev_park/ft_transcendence_project/backend/src/chat/entity/message.entity.ts
   1:9   error  Replace `·Column,·Entity,·JoinColumn,·ManyToOne,·PrimaryGeneratedColumn·}·from·"typeorm"` with `⏎··Column,⏎··Entity,⏎··JoinColumn,⏎··ManyToOne,⏎··PrimaryGeneratedColumn,⏎}·from·'typeorm'`  prettier/prettier
   2:22  error  Replace `"src/user/entity/user.entity"` with `'src/user/entity/user.entity'`                                                                                                                 prettier/prettier
   6:1   error  Replace `↹` with `··`                                                                                                                                                                        prettier/prettier
   7:1   error  Replace `↹` with `··`                                                                                                                                                                        prettier/prettier
   9:1   error  Replace `↹` with `··`                                                                                                                                                                        prettier/prettier
  10:1   error  Replace `↹` with `··`                                                                                                                                                                        prettier/prettier
  12:1   error  Replace `↹@ManyToOne(()·=>·User,·{·onDelete:·"CASCADE"` with `··@ManyToOne(()·=>·User,·{·onDelete:·'CASCADE'`                                                                                prettier/prettier
  13:1   error  Replace `↹` with `··`                                                                                                                                                                        prettier/prettier
  14:1   error  Replace `↹` with `··`                                                                                                                                                                        prettier/prettier

/Users/sm/dev_park/ft_transcendence_project/backend/src/chat/interface/dm-users.ts
  1:28  error  Replace `"src/user/interface/user.status"` with `'src/user/interface/user.status'`  prettier/prettier
  4:1   error  Replace `↹` with `··`                                                               prettier/prettier
  5:1   error  Replace `↹` with `··`                                                               prettier/prettier
  6:1   error  Replace `↹` with `··`                                                               prettier/prettier
  7:1   error  Replace `↹` with `··`                                                               prettier/prettier

/Users/sm/dev_park/ft_transcendence_project/backend/src/chat/message.interface.ts
  1:22  error  Replace `"src/user/entity/user.entity"` with `'src/user/entity/user.entity'`  prettier/prettier
  6:1   error  Replace `↹` with `··`                                                         prettier/prettier

/Users/sm/dev_park/ft_transcendence_project/backend/src/game/dto/SpecDto.ts
  2:1  error  Replace `↹` with `··`  prettier/prettier
  3:1  error  Replace `↹` with `··`  prettier/prettier
  4:1  error  Replace `↹` with `··`  prettier/prettier

/Users/sm/dev_park/ft_transcendence_project/backend/src/game/dto/join-game.dto.ts
  2:1  error  Replace `↹` with `··`  prettier/prettier
  3:1  error  Replace `↹` with `··`  prettier/prettier

/Users/sm/dev_park/ft_transcendence_project/backend/src/game/game.gateway.ts
    3:9   error    Replace `·ConnectedSocket,·MessageBody,·OnGatewayConnection,·OnGatewayDisconnect,·OnGatewayInit,·SubscribeMessage,·WebSocketGateway,·WebSocketServer·` with `⏎··ConnectedSocket,⏎··MessageBody,⏎··OnGatewayConnection,⏎··OnGatewayDisconnect,⏎··OnGatewayInit,⏎··SubscribeMessage,⏎··WebSocketGateway,⏎··WebSocketServer,⏎`  prettier/prettier
   10:10  warning  'UserStatus' is defined but never used                                                                                                                                                                                                                                                                                       @typescript-eslint/no-unused-vars
   14:1   error    Replace `↹` with `··`                                                                                                                                                                                                                                                                                                        prettier/prettier
   15:1   error    Replace `↹↹origin:·"*"` with `····origin:·'*'`                                                                                                                                                                                                                                                                               prettier/prettier
   16:1   error    Replace `↹↹allowedHeaders:·["authorization"]` with `····allowedHeaders:·['authorization'],`                                                                                                                                                                                                                                  prettier/prettier
   17:1   error    Replace `↹` with `··`                                                                                                                                                                                                                                                                                                        prettier/prettier
   18:1   error    Replace `↹` with `··`                                                                                                                                                                                                                                                                                                        prettier/prettier
   20:25  error    Replace `·implements·OnGatewayInit,·OnGatewayConnection,·OnGatewayDisconnect·` with `⏎··implements·OnGatewayInit,·OnGatewayConnection,·OnGatewayDisconnect⏎`                                                                                                                                                                 prettier/prettier
   21:1   error    Replace `↹` with `··`                                                                                                                                                                                                                                                                                                        prettier/prettier
   22:1   error    Replace `↹` with `··`                                                                                                                                                                                                                                                                                                        prettier/prettier
   23:1   error    Replace `↹↹` with `····`                                                                                                                                                                                                                                                                                                     prettier/prettier
   24:1   error    Replace `↹↹` with `····`                                                                                                                                                                                                                                                                                                     prettier/prettier
   25:1   error    Replace `↹↹` with `····`                                                                                                                                                                                                                                                                                                     prettier/prettier
   26:1   error    Replace `↹↹` with `····`                                                                                                                                                                                                                                                                                                     prettier/prettier
   27:1   error    Replace `↹)·{·` with `··)·{`                                                                                                                                                                                                                                                                                                 prettier/prettier
   29:1   error    Replace `↹` with `··`                                                                                                                                                                                                                                                                                                        prettier/prettier
   31:1   error    Replace `↹` with `··`                                                                                                                                                                                                                                                                                                        prettier/prettier
   32:1   error    Replace `↹latencyProbe(@ConnectedSocket()·socket:·AuthSocket,·@MessageBody()·data:·unknown` with `··latencyProbe(⏎····@ConnectedSocket()·socket:·AuthSocket,⏎····@MessageBody()·data:·unknown,⏎··`                                                                                                                           prettier/prettier
   33:1   error    Replace `↹↹if·(!data·||·typeof·data·!==·'object'·||·Array.isArray(data)·||·Object.keys(data).length·!==·1` with `····if·(⏎······!data·||⏎······typeof·data·!==·'object'·||⏎······Array.isArray(data)·||⏎······Object.keys(data).length·!==·1⏎····`                                                                           prettier/prettier
   34:1   error    Replace `↹↹↹` with `······`                                                                                                                                                                                                                                                                                                  prettier/prettier
   35:1   error    Replace `↹↹` with `····`                                                                                                                                                                                                                                                                                                     prettier/prettier
   36:1   error    Replace `↹↹if·(!Number.isSafeInteger(nonce)·||·(nonce·as·number)·<·0)⏎↹↹↹` with `····if·(!Number.isSafeInteger(nonce)·||·(nonce·as·number)·<·0)·`                                                                                                                                                                            prettier/prettier
   38:1   error    Replace `↹↹` with `····`                                                                                                                                                                                                                                                                                                     prettier/prettier
   39:1   error    Replace `↹↹if·(now·-·(this.probeTimes.get(socket)·??·-Infinity)·<·1000)⏎↹↹↹` with `····if·(now·-·(this.probeTimes.get(socket)·??·-Infinity)·<·1000)·`                                                                                                                                                                        prettier/prettier
   41:1   error    Replace `↹↹` with `····`                                                                                                                                                                                                                                                                                                     prettier/prettier
   42:1   error    Replace `↹↹` with `····`                                                                                                                                                                                                                                                                                                     prettier/prettier
   43:1   error    Replace `↹` with `··`                                                                                                                                                                                                                                                                                                        prettier/prettier
   45:1   error    Replace `↹` with `··`                                                                                                                                                                                                                                                                                                        prettier/prettier
   46:1   error    Replace `↹keyboardEvent(@ConnectedSocket()·socket:·AuthSocket,·@MessageBody()·data:·unknown` with `··keyboardEvent(⏎····@ConnectedSocket()·socket:·AuthSocket,⏎····@MessageBody()·data:·unknown,⏎··`                                                                                                                         prettier/prettier
   47:1   error    Replace `↹↹` with `····`                                                                                                                                                                                                                                                                                                     prettier/prettier
   48:1   error    Replace `↹` with `··`                                                                                                                                                                                                                                                                                                        prettier/prettier
   50:1   error    Replace `↹` with `··`                                                                                                                                                                                                                                                                                                        prettier/prettier
   51:1   error    Replace `↹sessionSync(@ConnectedSocket()·socket:·AuthSocket,·@MessageBody()·data:·unknown` with `··sessionSync(⏎····@ConnectedSocket()·socket:·AuthSocket,⏎····@MessageBody()·data:·unknown,⏎··`                                                                                                                             prettier/prettier
   52:1   error    Replace `↹↹` with `····`                                                                                                                                                                                                                                                                                                     prettier/prettier
   53:1   error    Replace `↹` with `··`                                                                                                                                                                                                                                                                                                        prettier/prettier
   55:1   error    Replace `↹` with `··`                                                                                                                                                                                                                                                                                                        prettier/prettier
   56:1   error    Replace `↹` with `··`                                                                                                                                                                                                                                                                                                        prettier/prettier
   57:1   error    Replace `↹↹` with `····`                                                                                                                                                                                                                                                                                                     prettier/prettier
   58:1   error    Replace `↹↹@MessageBody()·data:·JoinGameDto` with `····@MessageBody()·data:·JoinGameDto,⏎··`                                                                                                                                                                                                                                 prettier/prettier
   59:1   error    Replace `↹↹↹` with `····`                                                                                                                                                                                                                                                                                                    prettier/prettier
   60:1   error    Replace `↹` with `··`                                                                                                                                                                                                                                                                                                        prettier/prettier
   62:1   error    Replace `↹` with `··`                                                                                                                                                                                                                                                                                                        prettier/prettier
   63:1   error    Replace `↹` with `··`                                                                                                                                                                                                                                                                                                        prettier/prettier
   64:1   error    Replace `↹↹` with `····`                                                                                                                                                                                                                                                                                                     prettier/prettier
   65:1   error    Replace `↹↹@MessageBody()·data:·JoinGameDto` with `····@MessageBody()·data:·JoinGameDto,⏎··`                                                                                                                                                                                                                                 prettier/prettier
   65:18  warning  'data' is defined but never used                                                                                                                                                                                                                                                                                             @typescript-eslint/no-unused-vars
   66:1   error    Replace `↹↹↹` with `····`                                                                                                                                                                                                                                                                                                    prettier/prettier
   67:1   error    Replace `↹` with `··`                                                                                                                                                                                                                                                                                                        prettier/prettier
   69:1   error    Replace `⏎↹` with `··`                                                                                                                                                                                                                                                                                                       prettier/prettier
   71:1   error    Replace `↹` with `··`                                                                                                                                                                                                                                                                                                        prettier/prettier
   72:1   error    Replace `↹↹` with `····`                                                                                                                                                                                                                                                                                                     prettier/prettier
   73:1   error    Replace `↹↹@MessageBody()·data:·JoinGameDto` with `····@MessageBody()·data:·JoinGameDto,⏎··`                                                                                                                                                                                                                                 prettier/prettier
   74:1   error    Replace `↹↹↹` with `····`                                                                                                                                                                                                                                                                                                    prettier/prettier
   75:1   error    Replace `↹` with `··`                                                                                                                                                                                                                                                                                                        prettier/prettier
   77:1   error    Replace `↹` with `··`                                                                                                                                                                                                                                                                                                        prettier/prettier
   78:1   error    Replace `↹` with `··`                                                                                                                                                                                                                                                                                                        prettier/prettier
   79:1   error    Replace `↹↹` with `····`                                                                                                                                                                                                                                                                                                     prettier/prettier
   80:1   error    Replace `↹↹@MessageBody()·data:·number` with `····@MessageBody()·data:·number,⏎··`                                                                                                                                                                                                                                           prettier/prettier
   81:1   error    Replace `↹↹↹` with `····`                                                                                                                                                                                                                                                                                                    prettier/prettier
   82:1   error    Replace `↹` with `··`                                                                                                                                                                                                                                                                                                        prettier/prettier
   84:1   error    Replace `↹` with `··`                                                                                                                                                                                                                                                                                                        prettier/prettier
   85:1   error    Replace `↹` with `··`                                                                                                                                                                                                                                                                                                        prettier/prettier
   86:1   error    Replace `↹↹` with `····`                                                                                                                                                                                                                                                                                                     prettier/prettier
   87:1   error    Replace `↹↹@MessageBody()·data:·unknown` with `····@MessageBody()·data:·unknown,⏎··`                                                                                                                                                                                                                                         prettier/prettier
   88:1   error    Replace `↹↹↹` with `····`                                                                                                                                                                                                                                                                                                    prettier/prettier
   89:1   error    Replace `↹` with `··`                                                                                                                                                                                                                                                                                                        prettier/prettier
   91:1   error    Replace `↹` with `··`                                                                                                                                                                                                                                                                                                        prettier/prettier
   92:1   error    Replace `↹` with `··`                                                                                                                                                                                                                                                                                                        prettier/prettier
   93:1   error    Replace `↹↹` with `····`                                                                                                                                                                                                                                                                                                     prettier/prettier
   94:1   error    Replace `↹↹@MessageBody()·data:·SpecDto` with `····@MessageBody()·data:·SpecDto,⏎··`                                                                                                                                                                                                                                         prettier/prettier
   95:1   error    Replace `↹↹↹` with `····`                                                                                                                                                                                                                                                                                                    prettier/prettier
   96:1   error    Replace `↹` with `··`                                                                                                                                                                                                                                                                                                        prettier/prettier
   98:1   error    Replace `↹` with `··`                                                                                                                                                                                                                                                                                                        prettier/prettier
   99:1   error    Replace `↹async·roomList(⏎↹↹` with `··async·roomList(`                                                                                                                                                                                                                                                                       prettier/prettier
  101:1   error    Replace `↹↹↹` with `····`                                                                                                                                                                                                                                                                                                    prettier/prettier
  102:1   error    Replace `↹` with `··`                                                                                                                                                                                                                                                                                                        prettier/prettier
  104:1   error    Replace `↹` with `··`                                                                                                                                                                                                                                                                                                        prettier/prettier
  105:1   error    Replace `↹async·ahievement(⏎↹↹` with `··async·ahievement(`                                                                                                                                                                                                                                                                   prettier/prettier
  107:1   error    Replace `↹↹↹` with `····`                                                                                                                                                                                                                                                                                                    prettier/prettier
  108:1   error    Replace `↹` with `··`                                                                                                                                                                                                                                                                                                        prettier/prettier
  110:1   error    Replace `⏎↹` with `··`                                                                                                                                                                                                                                                                                                       prettier/prettier
  112:1   error    Replace `↹` with `··`                                                                                                                                                                                                                                                                                                        prettier/prettier
  113:1   error    Replace `↹↹` with `····`                                                                                                                                                                                                                                                                                                     prettier/prettier
  114:1   error    Replace `↹↹@MessageBody()·data:·JoinGameDto` with `····@MessageBody()·data:·JoinGameDto,⏎··`                                                                                                                                                                                                                                 prettier/prettier
  114:18  warning  'data' is defined but never used                                                                                                                                                                                                                                                                                             @typescript-eslint/no-unused-vars
  115:1   error    Replace `↹↹↹` with `····`                                                                                                                                                                                                                                                                                                    prettier/prettier
  116:1   error    Replace `↹` with `··`                                                                                                                                                                                                                                                                                                        prettier/prettier
  118:1   error    Replace `↹` with `··`                                                                                                                                                                                                                                                                                                        prettier/prettier
  119:1   error    Replace `↹↹↹` with `····`                                                                                                                                                                                                                                                                                                    prettier/prettier
  120:1   error    Replace `↹↹↹` with `····`                                                                                                                                                                                                                                                                                                    prettier/prettier
  121:1   error    Replace `↹` with `··`                                                                                                                                                                                                                                                                                                        prettier/prettier
  123:1   error    Replace `↹async·handleConnection(@ConnectedSocket()·socket:·AuthSocket,·...args:·any[]` with `··async·handleConnection(⏎····@ConnectedSocket()·socket:·AuthSocket,⏎····...args:·any[]⏎··`                                                                                                                                    prettier/prettier
  123:67  warning  'args' is defined but never used                                                                                                                                                                                                                                                                                             @typescript-eslint/no-unused-vars
  124:1   error    Replace `↹↹↹` with `····`                                                                                                                                                                                                                                                                                                    prettier/prettier
  125:1   error    Replace `↹` with `··`                                                                                                                                                                                                                                                                                                        prettier/prettier
  127:1   error    Replace `↹async·handleDisconnect(@ConnectedSocket()·socket:·AuthSocket,·...args:·any[]` with `··async·handleDisconnect(⏎····@ConnectedSocket()·socket:·AuthSocket,⏎····...args:·any[]⏎··`                                                                                                                                    prettier/prettier
  127:67  warning  'args' is defined but never used                                                                                                                                                                                                                                                                                             @typescript-eslint/no-unused-vars
  128:1   error    Replace `↹↹↹` with `····`                                                                                                                                                                                                                                                                                                    prettier/prettier
  129:1   error    Replace `↹` with `··`                                                                                                                                                                                                                                                                                                        prettier/prettier

/Users/sm/dev_park/ft_transcendence_project/backend/src/game/game.middleware.ts
   1:24  error  Replace `"socket.io"` with `'socket.io'`                                                                                                                                                                                  prettier/prettier
   2:22  error  Replace `"src/user/entity/user.entity"` with `'src/user/entity/user.entity'`                                                                                                                                              prettier/prettier
   3:28  error  Replace `"@nestjs/jwt"` with `'@nestjs/jwt'`                                                                                                                                                                              prettier/prettier
   4:29  error  Replace `"src/user/user.service"` with `'src/user/user.service'`                                                                                                                                                          prettier/prettier
   5:28  error  Replace `"src/auth/jwt.strategy"` with `'src/auth/jwt.strategy'`                                                                                                                                                          prettier/prettier
   8:1   error  Replace `↹` with `··`                                                                                                                                                                                                     prettier/prettier
  11:33  error  Replace `socket:·Socket,·next:·(err?:·Error)·=>·void)·=>·void` with `⏎··socket:·Socket,⏎··next:·(err?:·Error)·=>·void,⏎)·=>·void;`                                                                                        prettier/prettier
  13:34  error  Replace `jwtService:·JwtService,·userService:·UserService` with `⏎··jwtService:·JwtService,⏎··userService:·UserService,⏎`                                                                                                 prettier/prettier
  14:1   error  Replace `↹` with `··`                                                                                                                                                                                                     prettier/prettier
  15:1   error  Replace `↹↹` with `····`                                                                                                                                                                                                  prettier/prettier
  16:1   error  Replace `↹↹↹` with `······`                                                                                                                                                                                               prettier/prettier
  17:1   error  Replace `↹↹↹const·payload:·JwtPayload·=·await·jwtService.verify(token,·{secret:·process.env.SECRET` with `······const·payload:·JwtPayload·=·await·jwtService.verify(token,·{⏎········secret:·process.env.SECRET,⏎······`  prettier/prettier
  18:1   error  Replace `↹↹↹` with `······`                                                                                                                                                                                               prettier/prettier
  19:1   error  Replace `↹↹↹if·(!user)⏎↹↹↹↹throw·new·Error("User·not·found"` with `······if·(!user)·throw·new·Error('User·not·found'`                                                                                                     prettier/prettier
  21:1   error  Replace `↹↹↹` with `······`                                                                                                                                                                                               prettier/prettier
  22:1   error  Replace `↹↹↹` with `······`                                                                                                                                                                                               prettier/prettier
  23:1   error  Replace `↹↹}⏎↹↹` with `····}·`                                                                                                                                                                                            prettier/prettier
  25:1   error  Replace `↹↹↹` with `······`                                                                                                                                                                                               prettier/prettier
  26:1   error  Replace `↹↹↹↹` with `········`                                                                                                                                                                                            prettier/prettier
  27:1   error  Replace `↹↹↹↹` with `········`                                                                                                                                                                                            prettier/prettier
  28:1   error  Replace `↹↹↹` with `······`                                                                                                                                                                                               prettier/prettier
  29:1   error  Replace `↹↹` with `····`                                                                                                                                                                                                  prettier/prettier
  30:1   error  Replace `↹}` with `··};`                                                                                                                                                                                                  prettier/prettier
  31:2   error  Insert `;`                                                                                                                                                                                                                prettier/prettier

/Users/sm/dev_park/ft_transcendence_project/backend/src/game/game.module.ts
  10:1  error  Replace `↹imports:·[⏎↹↹UserModule,⏎↹↹AuthModule,⏎↹` with `··imports:·[UserModule,·AuthModule`  prettier/prettier

/Users/sm/dev_park/ft_transcendence_project/backend/src/game/interface/game.data.ts
  2:1  error  Replace `↹ball:·{x:number,·y:number},` with `··ball:·{·x:·number;·y:·number·};`                                          prettier/prettier
  3:1  error  Replace `↹leftBar:·{x:number,·y:number,·power:·boolean},` with `··leftBar:·{·x:·number;·y:·number;·power:·boolean·};`    prettier/prettier
  4:1  error  Replace `↹rightBar:·{x:number,·y:number,·power:·boolean},` with `··rightBar:·{·x:·number;·y:·number;·power:·boolean·};`  prettier/prettier
  5:1  error  Replace `↹score:·{left:number,·right:number},` with `··score:·{·left:·number;·right:·number·};`                          prettier/prettier
  6:1  error  Replace `↹Move:·{left:·string;·right:·string;},` with `··Move:·{·left:·string;·right:·string·};`                         prettier/prettier

/Users/sm/dev_park/ft_transcendence_project/backend/src/game/interface/game.state.ts
   2:1  error  Replace `⏎↹` with `··`                                                                        prettier/prettier
   4:1  error  Replace `↹` with `··`                                                                         prettier/prettier
   6:1  error  Replace `↹` with `··`                                                                         prettier/prettier
   7:1  error  Replace `↹` with `··`                                                                         prettier/prettier
   9:1  error  Replace `↹` with `··`                                                                         prettier/prettier
  10:1  error  Replace `↹` with `··`                                                                         prettier/prettier
  11:1  error  Replace `↹public·static·playerMoveSpeed·=·15;⏎` with `··public·static·playerMoveSpeed·=·15;`  prettier/prettier

/Users/sm/dev_park/ft_transcendence_project/backend/src/game/interface/spec.data.ts
  1:28  error  Replace `"../game.middleware"` with `'../game.middleware'`  prettier/prettier
  4:1   error  Replace `↹mode:·boolean,` with `··mode:·boolean;`           prettier/prettier
  5:1   error  Replace `↹` with `··`                                       prettier/prettier

/Users/sm/dev_park/ft_transcendence_project/backend/src/game/pong-model/ball.ts
    1:31  error  Replace `"../interface/game.state"` with `'../interface/game.state'`                                                                                                                                                                                                              prettier/prettier
    2:21  error  Replace `"./player"` with `'./player'`                                                                                                                                                                                                                                            prettier/prettier
    5:1   error  Replace `↹` with `··`                                                                                                                                                                                                                                                             prettier/prettier
    6:1   error  Replace `↹` with `··`                                                                                                                                                                                                                                                             prettier/prettier
    8:1   error  Replace `↹` with `··`                                                                                                                                                                                                                                                             prettier/prettier
    9:1   error  Replace `↹` with `··`                                                                                                                                                                                                                                                             prettier/prettier
   11:1   error  Replace `↹ballRadius·=·gameConstants.ballRadius` with `··ballRadius·=·gameConstants.ballRadius;`                                                                                                                                                                                  prettier/prettier
   13:1   error  Replace `↹canvasWidth` with `··canvasWidth·`                                                                                                                                                                                                                                      prettier/prettier
   14:1   error  Replace `↹` with `··`                                                                                                                                                                                                                                                             prettier/prettier
   16:1   error  Replace `↹` with `··`                                                                                                                                                                                                                                                             prettier/prettier
   17:1   error  Replace `↹` with `··`                                                                                                                                                                                                                                                             prettier/prettier
   18:1   error  Replace `↹` with `··`                                                                                                                                                                                                                                                             prettier/prettier
   20:1   error  Replace `↹` with `··`                                                                                                                                                                                                                                                             prettier/prettier
   21:1   error  Replace `↹` with `··`                                                                                                                                                                                                                                                             prettier/prettier
   22:1   error  Replace `↹` with `··`                                                                                                                                                                                                                                                             prettier/prettier
   23:1   error  Replace `↹` with `··`                                                                                                                                                                                                                                                             prettier/prettier
   25:1   error  Replace `⏎↹` with `··`                                                                                                                                                                                                                                                            prettier/prettier
   27:1   error  Replace `↹↹` with `····`                                                                                                                                                                                                                                                          prettier/prettier
   28:1   error  Replace `↹↹` with `····`                                                                                                                                                                                                                                                          prettier/prettier
   30:1   error  Replace `↹↹` with `····`                                                                                                                                                                                                                                                          prettier/prettier
   31:1   error  Replace `↹↹` with `····`                                                                                                                                                                                                                                                          prettier/prettier
   32:1   error  Replace `↹↹` with `····`                                                                                                                                                                                                                                                          prettier/prettier
   33:1   error  Replace `↹↹` with `····`                                                                                                                                                                                                                                                          prettier/prettier
   34:1   error  Replace `↹` with `··`                                                                                                                                                                                                                                                             prettier/prettier
   36:1   error  Replace `↹public·rightPlayerCollision(player:·Bar)` with `··public·rightPlayerCollision(player:·Bar)·`                                                                                                                                                                            prettier/prettier
   37:1   error  Replace `↹↹if·(player.status)` with `····if·(player.status)·`                                                                                                                                                                                                                     prettier/prettier
   38:1   error  Replace `↹↹↹` with `······`                                                                                                                                                                                                                                                       prettier/prettier
   39:1   error  Replace `↹↹}·else·if·(!player.status)` with `····}·else·if·(!player.status)·`                                                                                                                                                                                                     prettier/prettier
   40:1   error  Replace `↹↹↹` with `······`                                                                                                                                                                                                                                                       prettier/prettier
   41:1   error  Replace `↹↹` with `····`                                                                                                                                                                                                                                                          prettier/prettier
   42:1   error  Replace `↹↹if·(this.x·>·this.canvasWidth·/·2)` with `····if·(this.x·>·this.canvasWidth·/·2)·`                                                                                                                                                                                     prettier/prettier
   43:1   error  Replace `↹↹↹if·(this.x·>=·player.x·&&·(this.y·<·player.y·||·this.y·>·player.y·+·this.rightPlayerHeight))` with `······if·(⏎········this.x·>=·player.x·&&⏎········(this.y·<·player.y·||·this.y·>·player.y·+·this.rightPlayerHeight)⏎······)·`                                      prettier/prettier
   44:1   error  Replace `↹↹↹↹` with `········`                                                                                                                                                                                                                                                    prettier/prettier
   45:1   error  Replace `↹↹↹` with `······`                                                                                                                                                                                                                                                       prettier/prettier
   46:1   error  Replace `↹↹↹↹` with `········`                                                                                                                                                                                                                                                    prettier/prettier
   47:1   error  Replace `↹↹↹` with `······`                                                                                                                                                                                                                                                       prettier/prettier
   48:1   error  Replace `↹↹↹if·(` with `······if·(⏎········`                                                                                                                                                                                                                                      prettier/prettier
   49:1   error  Replace `↹↹↹↹` with `········`                                                                                                                                                                                                                                                    prettier/prettier
   50:1   error  Replace `↹↹↹↹this.y·+·this.ballRadius·>·player.y)` with `········this.y·+·this.ballRadius·>·player.y⏎······)·`                                                                                                                                                                    prettier/prettier
   51:1   error  Replace `↹↹↹↹if·(this.isSticky·===·false)` with `········if·(this.isSticky·===·false)·`                                                                                                                                                                                           prettier/prettier
   52:1   error  Replace `↹↹↹↹↹if·(!this.isPass)` with `··········if·(!this.isPass)·`                                                                                                                                                                                                              prettier/prettier
   53:1   error  Replace `↹↹↹↹↹↹` with `············`                                                                                                                                                                                                                                              prettier/prettier
   54:1   error  Replace `↹↹↹↹↹↹this.dY·=·(percentage·*·gameConstants.ballSpeed·*·3)·-·(gameConstants.ballSpeed)` with `············this.dY·=⏎··············percentage·*·gameConstants.ballSpeed·*·3·-⏎··············gameConstants.ballSpeed;`                                                     prettier/prettier
   55:1   error  Replace `↹↹↹↹↹↹` with `············`                                                                                                                                                                                                                                              prettier/prettier
   56:1   error  Replace `↹↹↹↹↹` with `··········`                                                                                                                                                                                                                                                 prettier/prettier
   57:1   error  Replace `↹↹↹↹↹↹` with `············`                                                                                                                                                                                                                                              prettier/prettier
   58:1   error  Replace `↹↹↹↹↹` with `··········`                                                                                                                                                                                                                                                 prettier/prettier
   59:1   error  Replace `↹↹↹↹↹` with `··········`                                                                                                                                                                                                                                                 prettier/prettier
   60:1   error  Replace `↹↹↹↹↹if·(player.status·==·true·&&·player.stack·>·0)` with `··········if·(player.status·==·true·&&·player.stack·>·0)·`                                                                                                                                                    prettier/prettier
   61:1   error  Replace `↹↹↹↹↹↹` with `············`                                                                                                                                                                                                                                              prettier/prettier
   62:1   error  Replace `↹↹↹↹↹}·else·if·(player.status·==·false·&&·player.stack·<·5)` with `··········}·else·if·(player.status·==·false·&&·player.stack·<·5)·`                                                                                                                                    prettier/prettier
   63:1   error  Replace `↹↹↹↹↹↹` with `············`                                                                                                                                                                                                                                              prettier/prettier
   64:1   error  Replace `↹↹↹↹↹` with `··········`                                                                                                                                                                                                                                                 prettier/prettier
   65:1   error  Replace `↹↹↹↹` with `········`                                                                                                                                                                                                                                                    prettier/prettier
   66:1   error  Replace `↹↹↹` with `······`                                                                                                                                                                                                                                                       prettier/prettier
   67:1   error  Replace `↹↹↹↹` with `········`                                                                                                                                                                                                                                                    prettier/prettier
   68:1   error  Replace `↹↹↹` with `······`                                                                                                                                                                                                                                                       prettier/prettier
   69:1   error  Replace `↹↹↹if(this.x·+·this.dX·>·this.canvasWidth·-·this.ballRadius)` with `······if·(this.x·+·this.dX·>·this.canvasWidth·-·this.ballRadius)·`                                                                                                                                   prettier/prettier
   70:1   error  Replace `↹↹↹↹return·(1)` with `········return·1`                                                                                                                                                                                                                                  prettier/prettier
   71:1   error  Replace `↹↹↹` with `······`                                                                                                                                                                                                                                                       prettier/prettier
   72:1   error  Replace `↹↹↹↹return·(0)` with `········return·0`                                                                                                                                                                                                                                  prettier/prettier
   73:1   error  Replace `↹↹↹` with `······`                                                                                                                                                                                                                                                       prettier/prettier
   74:1   error  Replace `↹↹` with `····`                                                                                                                                                                                                                                                          prettier/prettier
   75:1   error  Replace `↹↹return·(0)` with `····return·0`                                                                                                                                                                                                                                        prettier/prettier
   76:1   error  Replace `↹` with `··`                                                                                                                                                                                                                                                             prettier/prettier
   78:1   error  Replace `↹public·leftPlayerCollision(player:·Bar)` with `··public·leftPlayerCollision(player:·Bar)·`                                                                                                                                                                              prettier/prettier
   79:1   error  Replace `↹↹if·(player.status)` with `····if·(player.status)·`                                                                                                                                                                                                                     prettier/prettier
   80:1   error  Replace `↹↹↹` with `······`                                                                                                                                                                                                                                                       prettier/prettier
   81:1   error  Replace `↹↹}·else·if·(!player.status)` with `····}·else·if·(!player.status)·`                                                                                                                                                                                                     prettier/prettier
   82:1   error  Replace `↹↹↹` with `······`                                                                                                                                                                                                                                                       prettier/prettier
   83:1   error  Replace `↹↹` with `····`                                                                                                                                                                                                                                                          prettier/prettier
   84:1   error  Replace `↹↹if·(this.x·<·this.canvasWidth·/·2)` with `····if·(this.x·<·this.canvasWidth·/·2)·`                                                                                                                                                                                     prettier/prettier
   85:1   error  Replace `↹↹↹if·(this.x·<=·player.x·+·this.playerWidth·&&·(this.y·<·player.y·||·this.y·>·player.y·+·this.leftPlayerHeight))` with `······if·(⏎········this.x·<=·player.x·+·this.playerWidth·&&⏎········(this.y·<·player.y·||·this.y·>·player.y·+·this.leftPlayerHeight)⏎······)·`  prettier/prettier
   86:1   error  Replace `↹↹↹↹` with `········`                                                                                                                                                                                                                                                    prettier/prettier
   87:1   error  Replace `↹↹↹` with `······`                                                                                                                                                                                                                                                       prettier/prettier
   88:1   error  Replace `↹↹↹↹` with `········`                                                                                                                                                                                                                                                    prettier/prettier
   89:1   error  Replace `↹↹↹` with `······`                                                                                                                                                                                                                                                       prettier/prettier
   90:1   error  Replace `↹↹↹if·(` with `······if·(⏎········`                                                                                                                                                                                                                                      prettier/prettier
   91:1   error  Replace `↹↹↹↹` with `········`                                                                                                                                                                                                                                                    prettier/prettier
   92:1   error  Replace `↹↹↹↹this.y·+·this.ballRadius·>=·player.y)` with `········this.y·+·this.ballRadius·>=·player.y⏎······)·`                                                                                                                                                                  prettier/prettier
   93:1   error  Replace `↹↹↹↹if·(this.isSticky·===·false)` with `········if·(this.isSticky·===·false)·`                                                                                                                                                                                           prettier/prettier
   94:1   error  Replace `↹↹↹↹↹if·(!this.isPass)` with `··········if·(!this.isPass)·`                                                                                                                                                                                                              prettier/prettier
   95:1   error  Replace `↹↹↹↹↹↹` with `············`                                                                                                                                                                                                                                              prettier/prettier
   96:1   error  Replace `↹↹↹↹↹↹this.dY·=·(percentage·*·gameConstants.ballSpeed·*·3)·-·(gameConstants.ballSpeed)` with `············this.dY·=⏎··············percentage·*·gameConstants.ballSpeed·*·3·-⏎··············gameConstants.ballSpeed;`                                                     prettier/prettier
   97:1   error  Replace `↹↹↹↹↹↹` with `············`                                                                                                                                                                                                                                              prettier/prettier
   98:1   error  Replace `↹↹↹↹↹` with `··········`                                                                                                                                                                                                                                                 prettier/prettier
   99:1   error  Replace `↹↹↹↹↹↹` with `············`                                                                                                                                                                                                                                              prettier/prettier
  100:1   error  Replace `↹↹↹↹↹` with `··········`                                                                                                                                                                                                                                                 prettier/prettier
  101:1   error  Replace `↹↹↹↹↹` with `··········`                                                                                                                                                                                                                                                 prettier/prettier
  102:1   error  Replace `↹↹↹↹↹if·(player.status·==·true·&&·player.stack·>·0)` with `··········if·(player.status·==·true·&&·player.stack·>·0)·`                                                                                                                                                    prettier/prettier
  103:1   error  Replace `↹↹↹↹↹↹` with `············`                                                                                                                                                                                                                                              prettier/prettier
  104:1   error  Replace `↹↹↹↹↹}·else·if·(player.status·==·false·&&·player.stack·<·5)` with `··········}·else·if·(player.status·==·false·&&·player.stack·<·5)·`                                                                                                                                    prettier/prettier
  105:1   error  Replace `↹↹↹↹↹↹` with `············`                                                                                                                                                                                                                                              prettier/prettier
  106:1   error  Replace `↹↹↹↹↹` with `··········`                                                                                                                                                                                                                                                 prettier/prettier
  107:1   error  Replace `↹↹↹↹` with `········`                                                                                                                                                                                                                                                    prettier/prettier
  108:1   error  Replace `↹↹↹` with `······`                                                                                                                                                                                                                                                       prettier/prettier
  109:1   error  Replace `↹↹↹↹` with `········`                                                                                                                                                                                                                                                    prettier/prettier
  110:1   error  Replace `↹↹↹` with `······`                                                                                                                                                                                                                                                       prettier/prettier
  111:1   error  Replace `↹↹↹if·(this.x·+·this.dX·<·this.ballRadius)` with `······if·(this.x·+·this.dX·<·this.ballRadius)·`                                                                                                                                                                        prettier/prettier
  112:1   error  Replace `↹↹↹↹return·(1)` with `········return·1`                                                                                                                                                                                                                                  prettier/prettier
  113:1   error  Replace `↹↹↹` with `······`                                                                                                                                                                                                                                                       prettier/prettier
  114:1   error  Replace `↹↹↹↹return·(0)` with `········return·0`                                                                                                                                                                                                                                  prettier/prettier
  115:1   error  Replace `↹↹↹` with `······`                                                                                                                                                                                                                                                       prettier/prettier
  116:1   error  Replace `↹↹` with `····`                                                                                                                                                                                                                                                          prettier/prettier
  117:1   error  Replace `↹↹return·(0)` with `····return·0`                                                                                                                                                                                                                                        prettier/prettier
  118:1   error  Replace `↹` with `··`                                                                                                                                                                                                                                                             prettier/prettier
  120:1   error  Replace `↹public·update()` with `··public·update()·`                                                                                                                                                                                                                              prettier/prettier
  121:1   error  Replace `↹↹if·(` with `····if·(⏎······`                                                                                                                                                                                                                                           prettier/prettier
  122:1   error  Replace `↹↹↹↹this.x·+·this.dX·<·this.ballRadius)` with `······this.x·+·this.dX·<·this.ballRadius⏎····)·`                                                                                                                                                                          prettier/prettier
  123:1   error  Replace `↹↹↹↹↹` with `······`                                                                                                                                                                                                                                                     prettier/prettier
  124:1   error  Replace `↹↹↹↹↹` with `······`                                                                                                                                                                                                                                                     prettier/prettier
  125:1   error  Replace `↹↹↹↹↹` with `······`                                                                                                                                                                                                                                                     prettier/prettier
  126:1   error  Replace `⏎↹↹` with `····`                                                                                                                                                                                                                                                         prettier/prettier
  128:1   error  Replace `↹↹if·(` with `····if·(⏎······`                                                                                                                                                                                                                                           prettier/prettier
  129:1   error  Replace `↹↹↹this.y·+·this.dY·<·this.ballRadius)` with `······this.y·+·this.dY·<·this.ballRadius⏎····)·`                                                                                                                                                                           prettier/prettier
  130:1   error  Replace `↹↹↹↹` with `······`                                                                                                                                                                                                                                                      prettier/prettier
  131:1   error  Replace `↹↹` with `····`                                                                                                                                                                                                                                                          prettier/prettier
  132:1   error  Replace `↹↹` with `····`                                                                                                                                                                                                                                                          prettier/prettier
  133:1   error  Replace `↹↹` with `····`                                                                                                                                                                                                                                                          prettier/prettier
  134:1   error  Replace `↹↹return·({x:·this.x,·y:·this.y})` with `····return·{·x:·this.x,·y:·this.y·};`                                                                                                                                                                                           prettier/prettier
  135:1   error  Replace `↹` with `··`                                                                                                                                                                                                                                                             prettier/prettier
  137:1   error  Delete `⏎`                                                                                                                                                                                                                                                                        prettier/prettier

/Users/sm/dev_park/ft_transcendence_project/backend/src/game/pong-model/player.ts
   1:10  warning  'throws' is defined but never used                                                                                                                                                                   @typescript-eslint/no-unused-vars
   1:24  error    Replace `"assert"` with `'assert'`                                                                                                                                                                   prettier/prettier
   2:31  error    Replace `"../interface/game.state"` with `'../interface/game.state'`                                                                                                                                 prettier/prettier
   5:1   error    Replace `↹` with `··`                                                                                                                                                                                prettier/prettier
   6:1   error    Replace `↹` with `··`                                                                                                                                                                                prettier/prettier
   7:1   error    Replace `↹` with `··`                                                                                                                                                                                prettier/prettier
   8:1   error    Replace `↹` with `··`                                                                                                                                                                                prettier/prettier
  10:1   error    Replace `↹` with `··`                                                                                                                                                                                prettier/prettier
  11:1   error    Replace `↹playerWidth·=·gameConstants.playerWidth` with `··playerWidth·=·gameConstants.playerWidth;`                                                                                                 prettier/prettier
  13:1   error    Replace `↹` with `··`                                                                                                                                                                                prettier/prettier
  15:1   error    Replace `↹canvasWidth` with `··canvasWidth·`                                                                                                                                                         prettier/prettier
  16:1   error    Replace `↹` with `··`                                                                                                                                                                                prettier/prettier
  18:1   error    Replace `↹` with `··`                                                                                                                                                                                prettier/prettier
  19:1   error    Replace `↹` with `··`                                                                                                                                                                                prettier/prettier
  21:1   error    Replace `↹` with `··`                                                                                                                                                                                prettier/prettier
  22:1   error    Replace `↹↹` with `····`                                                                                                                                                                             prettier/prettier
  23:1   error    Replace `↹↹` with `····`                                                                                                                                                                             prettier/prettier
  24:1   error    Replace `↹↹` with `····`                                                                                                                                                                             prettier/prettier
  25:1   error    Replace `↹↹` with `····`                                                                                                                                                                             prettier/prettier
  26:1   error    Replace `↹` with `··`                                                                                                                                                                                prettier/prettier
  28:1   error    Replace `↹public·update(key:·string,·mode:·boolean)` with `··public·update(key:·string,·mode:·boolean)·`                                                                                             prettier/prettier
  29:1   error    Replace `↹↹if·(this.status·&&·this.stack·==·0)` with `····if·(this.status·&&·this.stack·==·0)·`                                                                                                      prettier/prettier
  30:1   error    Replace `↹↹↹` with `······`                                                                                                                                                                          prettier/prettier
  31:1   error    Replace `↹↹↹` with `······`                                                                                                                                                                          prettier/prettier
  32:1   error    Replace `↹↹` with `····`                                                                                                                                                                             prettier/prettier
  33:1   error    Replace `↹↹if·(key·==·"down")` with `····if·(key·==·'down')·`                                                                                                                                        prettier/prettier
  34:1   error    Replace `↹↹↹` with `······`                                                                                                                                                                          prettier/prettier
  35:1   error    Replace `↹↹}·else·if·(key·==·"up")` with `····}·else·if·(key·==·'up')·`                                                                                                                              prettier/prettier
  36:1   error    Replace `↹↹↹` with `······`                                                                                                                                                                          prettier/prettier
  37:1   error    Replace `↹↹}·else·if·(key·==·"space"·&&·this.stack·==·5·&&·mode·==·true)` with `····}·else·if·(key·==·'space'·&&·this.stack·==·5·&&·mode·==·true)·`                                                  prettier/prettier
  38:1   error    Replace `↹↹↹` with `······`                                                                                                                                                                          prettier/prettier
  39:1   error    Replace `↹↹↹` with `······`                                                                                                                                                                          prettier/prettier
  40:1   error    Replace `↹↹` with `····`                                                                                                                                                                             prettier/prettier
  41:1   error    Replace `↹↹this.y·=·Math.max(0,·Math.min(this.y,·this.canvasHeight·-·this.playerHeight)` with `····this.y·=·Math.max(⏎······0,⏎······Math.min(this.y,·this.canvasHeight·-·this.playerHeight),⏎····`  prettier/prettier
  42:1   error    Replace `↹↹return·({x:·this.x,·y:·this.y,·power:·this.status})` with `····return·{·x:·this.x,·y:·this.y,·power:·this.status·}`                                                                       prettier/prettier
  43:1   error    Replace `↹` with `··`                                                                                                                                                                                prettier/prettier

/Users/sm/dev_park/ft_transcendence_project/backend/src/game/server-match-runner.ts
   97:28  error  Replace `this.state,·this.matchId,·++this.snapshotSeq,` with `⏎······this.state,⏎······this.matchId,⏎······++this.snapshotSeq,⏎·····`                                                                      prettier/prettier
   98:1   error  Insert `··`                                                                                                                                                                                                prettier/prettier
   99:1   error  Insert `··`                                                                                                                                                                                                prettier/prettier
  100:5   error  Replace `},` with `··},⏎·····`                                                                                                                                                                             prettier/prettier
  101:5   error  Replace `{·eventCursor:·this.eventCursor,·events:·this.events·}` with `··{·eventCursor:·this.eventCursor,·events:·this.events·},⏎····`                                                                     prettier/prettier
  124:39  error  Replace `·this.events.push(...copyServerEvents([{·id:·++this.eventCursor,·event·}])` with `⏎········this.events.push(⏎··········...copyServerEvents([{·id:·++this.eventCursor,·event·}]),⏎········`        prettier/prettier
  130:32  error  Replace `·this.clockEpoch++;·this.events·=·[];` with `⏎······this.clockEpoch++;⏎······this.events·=·[];⏎···`                                                                                               prettier/prettier
  131:30  error  Replace `.filter(entry·=>·entry.event.tick·>=·this.state.tick·-·EVENT_HISTORY_TICKS)` with `⏎······.filter(⏎········(entry)·=>·entry.event.tick·>=·this.state.tick·-·EVENT_HISTORY_TICKS,⏎······)⏎······`  prettier/prettier

/Users/sm/dev_park/ft_transcendence_project/backend/src/main.ts
   9:1   error  Replace `↹↹` with `··`       prettier/prettier
  10:1   error  Replace `↹↹` with `····`     prettier/prettier
  11:1   error  Replace `↹↹↹` with `······`  prettier/prettier
  12:1   error  Replace `↹↹↹` with `······`  prettier/prettier
  13:1   error  Replace `↹↹↹` with `····`    prettier/prettier
  14:1   error  Replace `↹↹↹` with `····`    prettier/prettier
  15:1   error  Replace `↹↹` with `··`       prettier/prettier
  19:1   error  Replace `↹` with `··`        prettier/prettier
  21:22  error  Insert `⏎····`               prettier/prettier
  22:7   error  Delete `··`                  prettier/prettier
  23:7   error  Insert `,⏎··`                prettier/prettier
  24:1   error  Replace `↹` with `··`        prettier/prettier
  26:1   error  Replace `↹` with `··`        prettier/prettier
  28:1   error  Replace `↹` with `··`        prettier/prettier
  29:1   error  Replace `↹↹` with `····`     prettier/prettier
  30:1   error  Replace `↹↹` with `····`     prettier/prettier
  31:1   error  Replace `↹↹` with `····`     prettier/prettier
  32:1   error  Replace `↹↹` with `····`     prettier/prettier
  33:1   error  Replace `↹↹` with `····`     prettier/prettier
  34:1   error  Replace `↹` with `··`        prettier/prettier
  35:1   error  Replace `↹` with `··`        prettier/prettier
  36:1   error  Replace `↹` with `··`        prettier/prettier

/Users/sm/dev_park/ft_transcendence_project/backend/src/user/dto/user.dto.ts
   1:9   error    Replace `·IsEmail,·IsString,·Matches,·MaxLength,·MinLength·` with `⏎··IsEmail,⏎··IsString,⏎··Matches,⏎··MaxLength,⏎··MinLength,⏎`  prettier/prettier
   1:29  warning  'Matches' is defined but never used                                                                                                @typescript-eslint/no-unused-vars
   4:1   error    Replace `⏎↹` with `··`                                                                                                             prettier/prettier
  12:1   error    Replace `↹` with `··`                                                                                                              prettier/prettier
  14:1   error    Replace `↹` with `··`                                                                                                              prettier/prettier
  15:1   error    Replace `↹` with `··`                                                                                                              prettier/prettier

/Users/sm/dev_park/ft_transcendence_project/backend/src/user/entity/match.entity.ts
   1:10  warning  'IsNumber' is defined but never used                                                                                                                                                                           @typescript-eslint/no-unused-vars
   3:9   error    Replace `·Column,·Entity,·JoinColumn,·JoinTable,·ManyToMany,·ManyToOne,·PrimaryGeneratedColumn·` with `⏎··Column,⏎··Entity,⏎··JoinColumn,⏎··JoinTable,⏎··ManyToMany,⏎··ManyToOne,⏎··PrimaryGeneratedColumn,⏎`  prettier/prettier
  12:1   error    Replace `↹@ManyToMany(()·=>·User,·{onDelete:'CASCADE'` with `··@ManyToMany(()·=>·User,·{·onDelete:·'CASCADE'·`                                                                                                 prettier/prettier
  13:1   error    Replace `↹` with `··`                                                                                                                                                                                          prettier/prettier

/Users/sm/dev_park/ft_transcendence_project/backend/src/user/entity/user.entity.ts
   1:9   error    Replace `·Column,·Entity,·PrimaryColumn,·ManyToMany,·PrimaryGeneratedColumn,·Generated,·OneToMany,·JoinTable` with `⏎··Column,⏎··Entity,⏎··PrimaryColumn,⏎··ManyToMany,⏎··PrimaryGeneratedColumn,⏎··Generated,⏎··OneToMany,⏎··JoinTable,⏎`  prettier/prettier
   1:26  warning  'PrimaryColumn' is defined but never used                                                                                                                                                                                                   @typescript-eslint/no-unused-vars
   1:77  warning  'Generated' is defined but never used                                                                                                                                                                                                       @typescript-eslint/no-unused-vars
   1:99  warning  'JoinTable' is defined but never used                                                                                                                                                                                                       @typescript-eslint/no-unused-vars
   7:1   error    Delete `⏎`                                                                                                                                                                                                                                  prettier/prettier
  10:1   error    Replace `↹` with `··`                                                                                                                                                                                                                       prettier/prettier
  11:1   error    Replace `↹` with `··`                                                                                                                                                                                                                       prettier/prettier
  13:1   error    Replace `↹` with `··`                                                                                                                                                                                                                       prettier/prettier
  14:1   error    Replace `↹` with `··`                                                                                                                                                                                                                       prettier/prettier
  16:1   error    Replace `↹` with `··`                                                                                                                                                                                                                       prettier/prettier
  17:1   error    Replace `↹` with `··`                                                                                                                                                                                                                       prettier/prettier
  19:1   error    Replace `↹` with `··`                                                                                                                                                                                                                       prettier/prettier
  20:1   error    Replace `↹` with `··`                                                                                                                                                                                                                       prettier/prettier
  22:1   error    Replace `↹` with `··`                                                                                                                                                                                                                       prettier/prettier
  23:1   error    Replace `↹` with `··`                                                                                                                                                                                                                       prettier/prettier
  25:1   error    Replace `↹@Column("boolean"` with `··@Column('boolean'`                                                                                                                                                                                     prettier/prettier
  26:1   error    Replace `↹` with `··`                                                                                                                                                                                                                       prettier/prettier
  28:1   error    Replace `↹@Column("boolean"` with `··@Column('boolean'`                                                                                                                                                                                     prettier/prettier
  29:1   error    Replace `↹` with `··`                                                                                                                                                                                                                       prettier/prettier
  31:1   error    Replace `↹@Column("boolean"` with `··@Column('boolean'`                                                                                                                                                                                     prettier/prettier
  32:1   error    Replace `↹` with `··`                                                                                                                                                                                                                       prettier/prettier
  34:1   error    Replace `↹@Column("text"` with `··@Column('text'`                                                                                                                                                                                           prettier/prettier
  35:1   error    Replace `↹` with `··`                                                                                                                                                                                                                       prettier/prettier
  37:1   error    Replace `↹@ManyToMany(()·=>·Channel,·channel` with `··@ManyToMany(()·=>·Channel,·(channel)`                                                                                                                                                 prettier/prettier
  38:1   error    Replace `↹` with `··`                                                                                                                                                                                                                       prettier/prettier
  40:1   error    Replace `↹@ManyToMany(()·=>·Match,·match` with `··@ManyToMany(()·=>·Match,·(match)`                                                                                                                                                         prettier/prettier
  41:1   error    Replace `↹` with `··`                                                                                                                                                                                                                       prettier/prettier
  43:1   error    Replace `↹` with `··`                                                                                                                                                                                                                       prettier/prettier
  44:1   error    Replace `↹` with `··`                                                                                                                                                                                                                       prettier/prettier
  47:1   error    Replace `↹` with `··`                                                                                                                                                                                                                       prettier/prettier
  49:1   error    Replace `↹` with `··`                                                                                                                                                                                                                       prettier/prettier
  50:1   error    Replace `↹` with `··`                                                                                                                                                                                                                       prettier/prettier
  52:1   error    Replace `↹` with `··`                                                                                                                                                                                                                       prettier/prettier
  58:1   error    Replace `↹` with `··`                                                                                                                                                                                                                       prettier/prettier
  61:1   error    Delete `⏎`                                                                                                                                                                                                                                  prettier/prettier

/Users/sm/dev_park/ft_transcendence_project/backend/src/user/interface/user.ladder.ts
  2:1  error  Replace `↹` with `··`  prettier/prettier
  3:1  error  Replace `↹` with `··`  prettier/prettier
  4:1  error  Replace `↹` with `··`  prettier/prettier
  6:1  error  Delete `⏎`             prettier/prettier

/Users/sm/dev_park/ft_transcendence_project/backend/src/user/interface/user.status.ts
  2:1  error  Replace `↹` with `··`  prettier/prettier
  3:1  error  Replace `↹` with `··`  prettier/prettier
  4:1  error  Replace `↹` with `··`  prettier/prettier
  5:1  error  Replace `↹` with `··`  prettier/prettier

/Users/sm/dev_park/ft_transcendence_project/backend/src/user/match.service.ts
   1:9  error  Replace `·ConflictException,·Injectable,·NotFoundException·` with `⏎··ConflictException,⏎··Injectable,⏎··NotFoundException,⏎`                                                                                                                                                prettier/prettier
  10:1  error  Replace `↹` with `··`                                                                                                                                                                                                                                                        prettier/prettier
  11:1  error  Replace `↹↹` with `····`                                                                                                                                                                                                                                                     prettier/prettier
  13:4  error  Insert `·`                                                                                                                                                                                                                                                                   prettier/prettier
  15:1  error  Replace `↹` with `··`                                                                                                                                                                                                                                                        prettier/prettier
  16:1  error  Replace `↹↹` with `····`                                                                                                                                                                                                                                                     prettier/prettier
  17:1  error  Replace `↹↹↹` with `······`                                                                                                                                                                                                                                                  prettier/prettier
  18:1  error  Replace `↹↹` with `····`                                                                                                                                                                                                                                                     prettier/prettier
  19:1  error  Replace `↹↹` with `····`                                                                                                                                                                                                                                                     prettier/prettier
  20:1  error  Replace `↹` with `··`                                                                                                                                                                                                                                                        prettier/prettier
  22:1  error  Replace `↹` with `··`                                                                                                                                                                                                                                                        prettier/prettier
  23:1  error  Replace `↹↹` with `····`                                                                                                                                                                                                                                                     prettier/prettier
  24:1  error  Replace `↹↹` with `····`                                                                                                                                                                                                                                                     prettier/prettier
  25:1  error  Replace `↹↹↹` with `······`                                                                                                                                                                                                                                                  prettier/prettier
  26:1  error  Replace `↹↹` with `····`                                                                                                                                                                                                                                                     prettier/prettier
  27:1  error  Replace `↹↹` with `····`                                                                                                                                                                                                                                                     prettier/prettier
  28:1  error  Replace `↹` with `··`                                                                                                                                                                                                                                                        prettier/prettier
  30:1  error  Replace `↹` with `··`                                                                                                                                                                                                                                                        prettier/prettier
  31:1  error  Replace `↹↹const·match·=·await·this.matchRepository.findOne({·where:·{·id:·Number(id)·},·relations:·['players']` with `····const·match·=·await·this.matchRepository.findOne({⏎······where:·{·id:·Number(id)·},⏎······relations:·['players'],⏎···`                            prettier/prettier
  32:1  error  Replace `↹↹return·match?.players.some(player` with `····return·match?.players.some((player)`                                                                                                                                                                                 prettier/prettier
  33:1  error  Replace `↹` with `··`                                                                                                                                                                                                                                                        prettier/prettier
  35:1  error  Replace `↹` with `··`                                                                                                                                                                                                                                                        prettier/prettier
  36:1  error  Replace `↹↹` with `····`                                                                                                                                                                                                                                                     prettier/prettier
  37:1  error  Replace `↹↹↹where:·{·players:·In([·user·` with `······where:·{·players:·In([user`                                                                                                                                                                                            prettier/prettier
  38:1  error  Replace `↹↹↹` with `······`                                                                                                                                                                                                                                                  prettier/prettier
  39:1  error  Replace `↹↹` with `····`                                                                                                                                                                                                                                                     prettier/prettier
  40:1  error  Replace `↹↹` with `····`                                                                                                                                                                                                                                                     prettier/prettier
  41:1  error  Replace `↹↹const·matchlist·=·matchs.filter(match·=>·match.winner·&&` with `····const·matchlist·=·matchs.filter(⏎······(match)·=>⏎········match.winner·&&⏎·······`                                                                                                            prettier/prettier
  42:1  error  Replace `↹↹↹match.players.find(player·=>·player.id·==·user.id))` with `········match.players.find((player)·=>·player.id·==·user.id),⏎····);`                                                                                                                                 prettier/prettier
  43:1  error  Replace `↹↹` with `····`                                                                                                                                                                                                                                                     prettier/prettier
  44:1  error  Replace `↹` with `··`                                                                                                                                                                                                                                                        prettier/prettier
  46:1  error  Replace `↹async·update(id:·string,` with `··async·update(⏎····id:·string,⏎···`                                                                                                                                                                                               prettier/prettier
  47:1  error  Replace `↹↹winner:·User,` with `······winner:·User;`                                                                                                                                                                                                                         prettier/prettier
  48:1  error  Replace `↹↹loser:·User,` with `······loser:·User;`                                                                                                                                                                                                                           prettier/prettier
  49:1  error  Replace `↹↹winnerScore:·number,` with `······winnerScore:·number;`                                                                                                                                                                                                           prettier/prettier
  50:1  error  Replace `↹↹loserScore:·number,` with `······loserScore:·number;`                                                                                                                                                                                                             prettier/prettier
  51:1  error  Replace `↹}` with `····},⏎··`                                                                                                                                                                                                                                                prettier/prettier
  52:1  error  Replace `↹↹` with `····`                                                                                                                                                                                                                                                     prettier/prettier
  53:1  error  Replace `↹↹↹` with `······`                                                                                                                                                                                                                                                  prettier/prettier
  54:1  error  Replace `↹↹↹` with `······`                                                                                                                                                                                                                                                  prettier/prettier
  55:1  error  Replace `↹↹↹` with `······`                                                                                                                                                                                                                                                  prettier/prettier
  56:1  error  Replace `↹↹↹` with `······`                                                                                                                                                                                                                                                  prettier/prettier
  57:1  error  Replace `↹↹↹const·ids·=·[matchResult.winner.id,·matchResult.loser.id].sort((a,·b)·=>·a·-·b` with `······const·ids·=·[matchResult.winner.id,·matchResult.loser.id].sort(⏎········(a,·b)·=>·a·-·b,⏎······`                                                                     prettier/prettier
  58:1  error  Replace `↹↹↹const·lockedUsers·=·await·users` with `······const·lockedUsers·=·await·users⏎········`                                                                                                                                                                           prettier/prettier
  59:1  error  Replace `↹↹↹↹.where('player.id·IN·(:...ids)',·{·ids·})` with `········.where('player.id·IN·(:...ids)',·{·ids·})⏎········`                                                                                                                                                    prettier/prettier
  60:1  error  Replace `↹↹↹↹.setLock('pessimistic_write')` with `········.setLock('pessimistic_write')⏎········`                                                                                                                                                                            prettier/prettier
  61:1  error  Replace `↹↹↹const·existing·=·await·matches.findOne({·where:·{·id:·Number(id)·},·relations:·['players']` with `······const·existing·=·await·matches.findOne({⏎········where:·{·id:·Number(id)·},⏎········relations:·['players'],⏎·····`                                       prettier/prettier
  62:1  error  Replace `↹↹↹` with `······`                                                                                                                                                                                                                                                  prettier/prettier
  63:1  error  Replace `↹↹↹if·(lockedUsers.length·!==·2·||` with `······if·(⏎········lockedUsers.length·!==·2·||⏎·······`                                                                                                                                                                   prettier/prettier
  64:1  error  Replace `↹↹↹↹!ids.every((playerId)·=>·existing.players.some((player)·=>·player.id·===·playerId))` with `········!ids.every((playerId)·=>⏎··········existing.players.some((player)·=>·player.id·===·playerId),⏎········)⏎······`                                              prettier/prettier
  65:1  error  Replace `↹↹↹↹throw·new·ConflictException('Match·participants·do·not·match·the·stored·game'` with `········throw·new·ConflictException(⏎··········'Match·participants·do·not·match·the·stored·game',⏎········`                                                                prettier/prettier
  66:1  error  Replace `↹↹↹` with `······`                                                                                                                                                                                                                                                  prettier/prettier
  67:1  error  Replace `↹↹↹const·updated·=·await·matches.createQueryBuilder().update(Match)` with `······const·updated·=·await·matches⏎········.createQueryBuilder()⏎········.update(Match)⏎········`                                                                                       prettier/prettier
  68:1  error  Replace `↹↹↹↹` with `········`                                                                                                                                                                                                                                               prettier/prettier
  69:1  error  Replace `↹↹↹↹.andWhere('"winnerId"·IS·NULL·AND·"loserId"·IS·NULL')` with `········.andWhere('"winnerId"·IS·NULL·AND·"loserId"·IS·NULL')⏎········`                                                                                                                            prettier/prettier
  70:1  error  Replace `↹↹↹` with `······`                                                                                                                                                                                                                                                  prettier/prettier
  71:1  error  Replace `↹↹↹↹` with `········`                                                                                                                                                                                                                                               prettier/prettier
  72:1  error  Replace `↹↹↹↹` with `········`                                                                                                                                                                                                                                               prettier/prettier
  73:1  error  Replace `↹↹↹↹if·(stored.winner?.id·===·matchResult.winner.id·&&` with `········if·(⏎··········stored.winner?.id·===·matchResult.winner.id·&&⏎·········`                                                                                                                      prettier/prettier
  74:1  error  Replace `↹↹↹↹↹stored.winnerScore·===·matchResult.winnerScore·&&·stored.loserScore·===·matchResult.loserScore)` with `··········stored.winnerScore·===·matchResult.winnerScore·&&⏎··········stored.loserScore·===·matchResult.loserScore⏎········)⏎·········`                 prettier/prettier
  75:1  error  Replace `↹↹↹↹throw·new·ConflictException('The·match·already·has·a·different·final·result'` with `········throw·new·ConflictException(⏎··········'The·match·already·has·a·different·final·result',⏎········`                                                                  prettier/prettier
  76:1  error  Replace `↹↹↹` with `······`                                                                                                                                                                                                                                                  prettier/prettier
  77:1  error  Replace `↹↹↹const·winner·=·lockedUsers.find((player)·=>·player.id·===·matchResult.winner.id` with `······const·winner·=·lockedUsers.find(⏎········(player)·=>·player.id·===·matchResult.winner.id,⏎······`                                                                   prettier/prettier
  78:1  error  Replace `↹↹↹const·wonCount·=·await·matches.count({·where:·{·winner:·{·id:·winner.id·}·}` with `······const·wonCount·=·await·matches.count({⏎········where:·{·winner:·{·id:·winner.id·}·},⏎·····`                                                                             prettier/prettier
  79:1  error  Replace `↹↹↹const·lostCount·=·await·matches.count({·where:·{·loser:·{·id:·winner.id·}·}` with `······const·lostCount·=·await·matches.count({⏎········where:·{·loser:·{·id:·winner.id·}·},⏎·····`                                                                             prettier/prettier
  80:1  error  Replace `↹↹↹` with `······`                                                                                                                                                                                                                                                  prettier/prettier
  81:1  error  Replace `↹↹↹` with `······`                                                                                                                                                                                                                                                  prettier/prettier
  82:1  error  Replace `↹↹↹` with `······`                                                                                                                                                                                                                                                  prettier/prettier
  83:1  error  Replace `↹↹↹↹` with `········`                                                                                                                                                                                                                                               prettier/prettier
  84:1  error  Replace `↹↹↹↹` with `········`                                                                                                                                                                                                                                               prettier/prettier
  85:1  error  Replace `↹↹↹` with `······`                                                                                                                                                                                                                                                  prettier/prettier
  86:1  error  Replace `↹↹↹` with `······`                                                                                                                                                                                                                                                  prettier/prettier
  87:1  error  Replace `↹↹↹await·users.update(winner.id,·{` with `······await·users.update(winner.id,·{⏎·······`                                                                                                                                                                            prettier/prettier
  88:1  error  Replace `↹↹↹↹ladder:·wonCount·>=·5·||·winner.ladder·===·UserLadder.Master·?·UserLadder.Master·:·UserLadder.Gold` with `········ladder:⏎··········wonCount·>=·5·||·winner.ladder·===·UserLadder.Master⏎············?·UserLadder.Master⏎············:·UserLadder.Gold,⏎·····`  prettier/prettier
  89:1  error  Replace `↹↹↹` with `······`                                                                                                                                                                                                                                                  prettier/prettier
  90:1  error  Replace `↹↹` with `····`                                                                                                                                                                                                                                                     prettier/prettier
  91:1  error  Replace `↹` with `··`                                                                                                                                                                                                                                                        prettier/prettier
  93:1  error  Replace `↹` with `··`                                                                                                                                                                                                                                                        prettier/prettier
  94:1  error  Replace `↹↹` with `····`                                                                                                                                                                                                                                                     prettier/prettier
  95:1  error  Replace `↹↹if·(result.affected·===·1)⏎↹↹↹` with `····if·(result.affected·===·1)·`                                                                                                                                                                                            prettier/prettier
  97:1  error  Replace `↹↹` with `····`                                                                                                                                                                                                                                                     prettier/prettier
  98:1  error  Replace `↹}⏎` with `··}`                                                                                                                                                                                                                                                     prettier/prettier

/Users/sm/dev_park/ft_transcendence_project/backend/src/user/multer.options.ts
   1:43  error  Replace `"@nestjs/common"` with `'@nestjs/common'`                                                    prettier/prettier
   2:39  error  Replace `"fs"` with `'fs'`                                                                            prettier/prettier
   6:1   error  Replace `↹` with `··`                                                                                 prettier/prettier
   7:1   error  Replace `↹↹` with `····`                                                                              prettier/prettier
   8:1   error  Replace `↹↹↹` with `······`                                                                           prettier/prettier
   9:1   error  Replace `↹↹` with `····`                                                                              prettier/prettier
  10:1   error  Replace `↹↹↹` with `······`                                                                           prettier/prettier
  11:1   error  Replace `↹↹↹↹` with `········`                                                                        prettier/prettier
  12:1   error  Replace `↹↹↹↹↹` with `··········`                                                                     prettier/prettier
  13:1   error  Replace `↹↹↹↹↹↹` with `············`                                                                  prettier/prettier
  14:1   error  Replace `↹↹↹↹↹↹` with `············`                                                                  prettier/prettier
  15:1   error  Replace `↹↹↹↹↹` with `··········`                                                                     prettier/prettier
  16:1   error  Replace `↹↹↹↹↹` with `··········`                                                                     prettier/prettier
  17:1   error  Replace `↹↹↹↹` with `········`                                                                        prettier/prettier
  18:1   error  Replace `↹↹↹↹` with `········`                                                                        prettier/prettier
  19:1   error  Replace `↹↹↹)` with `······);`                                                                        prettier/prettier
  20:1   error  Replace `↹↹` with `····`                                                                              prettier/prettier
  21:1   error  Replace `↹` with `··`                                                                                 prettier/prettier
  23:1   error  Replace `↹` with `··`                                                                                 prettier/prettier
  24:1   error  Replace `↹↹` with `····`                                                                              prettier/prettier
  25:1   error  Replace `↹↹↹` with `······`                                                                           prettier/prettier
  26:1   error  Replace `↹↹↹if·(!existsSync(uploadPath))` with `······if·(!existsSync(uploadPath))·`                  prettier/prettier
  27:1   error  Replace `↹↹↹↹` with `········`                                                                        prettier/prettier
  28:1   error  Replace `↹↹↹` with `······`                                                                           prettier/prettier
  29:1   error  Replace `↹↹↹` with `······`                                                                           prettier/prettier
  30:1   error  Replace `↹↹` with `····`                                                                              prettier/prettier
  31:1   error  Replace `↹↹` with `····`                                                                              prettier/prettier
  32:1   error  Replace `↹↹↹` with `······`                                                                           prettier/prettier
  33:1   error  Replace `↹↹↹` with `······`                                                                           prettier/prettier
  34:1   error  Replace `↹↹↹` with `······`                                                                           prettier/prettier
  35:1   error  Replace `↹↹↹` with `······`                                                                           prettier/prettier
  36:1   error  Replace `↹↹↹callback(null,·`${filename}.${ext}`)` with `······callback(null,·`${filename}.${ext}`);`  prettier/prettier
  37:1   error  Replace `↹↹}` with `····},`                                                                           prettier/prettier
  38:1   error  Replace `↹` with `··`                                                                                 prettier/prettier
  40:1   error  Replace `↹` with `··`                                                                                 prettier/prettier
  41:1   error  Replace `↹↹` with `····`                                                                              prettier/prettier
  42:1   error  Replace `↹↹fieldSize:·1024*` with `····fieldSize:·1024·*·`                                            prettier/prettier
  43:1   error  Replace `↹↹` with `····`                                                                              prettier/prettier
  44:1   error  Replace `↹↹` with `····`                                                                              prettier/prettier
  45:1   error  Replace `↹↹` with `····`                                                                              prettier/prettier
  46:1   error  Replace `↹↹}` with `··},`                                                                             prettier/prettier
  47:2   error  Insert `;`                                                                                            prettier/prettier

/Users/sm/dev_park/ft_transcendence_project/backend/src/user/profile.service.ts
   5:10  warning  'UserDto' is defined but never used                                                                                               @typescript-eslint/no-unused-vars
  10:1   error    Replace `↹` with `··`                                                                                                             prettier/prettier
  11:1   error    Replace `↹↹` with `····`                                                                                                          prettier/prettier
  12:1   error    Replace `↹↹` with `····`                                                                                                          prettier/prettier
  13:1   error    Replace `↹↹` with `····`                                                                                                          prettier/prettier
  14:1   error    Replace `↹)` with `··)·`                                                                                                          prettier/prettier
  16:1   error    Replace `↹` with `··`                                                                                                             prettier/prettier
  17:1   error    Replace `↹↹` with `····`                                                                                                          prettier/prettier
  18:1   error    Replace `↹↹if·(user.profileUrl·!==·path)` with `····if·(user.profileUrl·!==·path)·`                                               prettier/prettier
  19:1   error    Replace `↹↹↹if·(user.profileUrl·!==·"./profiles/default.jpeg")` with `······if·(user.profileUrl·!==·'./profiles/default.jpeg')·`  prettier/prettier
  20:1   error    Replace `↹↹↹↹` with `········`                                                                                                    prettier/prettier
  21:1   error    Replace `↹↹↹` with `······`                                                                                                       prettier/prettier
  22:1   error    Replace `↹↹↹` with `······`                                                                                                       prettier/prettier
  23:1   error    Replace `↹↹↹` with `······`                                                                                                       prettier/prettier
  24:1   error    Replace `↹↹` with `····`                                                                                                          prettier/prettier
  25:1   error    Replace `↹` with `··`                                                                                                             prettier/prettier
  27:1   error    Replace `↹` with `··`                                                                                                             prettier/prettier
  28:1   error    Replace `↹↹` with `····`                                                                                                          prettier/prettier
  28:7   error    'fs' is never reassigned. Use 'const' instead                                                                                     prefer-const
  29:1   error    Replace `↹↹` with `····`                                                                                                          prettier/prettier
  30:1   error    Replace `↹↹↹` with `······`                                                                                                       prettier/prettier
  31:1   error    Replace `↹↹↹↹` with `········`                                                                                                    prettier/prettier
  32:1   error    Replace `↹↹↹` with `······`                                                                                                       prettier/prettier
  33:1   error    Replace `↹↹↹` with `······`                                                                                                       prettier/prettier
  34:1   error    Replace `↹↹})` with `····});`                                                                                                     prettier/prettier
  35:1   error    Replace `↹` with `··`                                                                                                             prettier/prettier

/Users/sm/dev_park/ft_transcendence_project/backend/src/user/user.controller.ts
    1:9   error    Replace `·Controller,UseGuards,·Query,·Req,·Res,·Post,·Get,·Patch,·UseInterceptors,·Bind,·UploadedFile,·HttpException·` with `⏎··Controller,⏎··UseGuards,⏎··Query,⏎··Req,⏎··Res,⏎··Post,⏎··Get,⏎··Patch,⏎··UseInterceptors,⏎··Bind,⏎··UploadedFile,⏎··HttpException,⏎`  prettier/prettier
    7:53  error    Insert `;`                                                                                                                                                                                                                                                              prettier/prettier
   16:1   error    Replace `↹↹` with `····`                                                                                                                                                                                                                                                prettier/prettier
   17:1   error    Replace `↹↹private·readonly·profileService:·ProfileService` with `····private·readonly·profileService:·ProfileService,`                                                                                                                                                 prettier/prettier
   18:1   error    Replace `↹↹` with `··`                                                                                                                                                                                                                                                  prettier/prettier
   20:1   error    Replace `↹@ApiOperation({summary:·'id로·user·profile·조회'` with `··@ApiOperation({·summary:·'id로·user·profile·조회'·`                                                                                                                                                       prettier/prettier
   21:1   error    Replace `↹` with `··`                                                                                                                                                                                                                                                   prettier/prettier
   22:1   error    Replace `↹` with `··`                                                                                                                                                                                                                                                   prettier/prettier
   23:1   error    Replace `↹` with `··`                                                                                                                                                                                                                                                   prettier/prettier
   24:1   error    Replace `↹↹` with `····`                                                                                                                                                                                                                                                prettier/prettier
   25:1   error    Replace `↹` with `··`                                                                                                                                                                                                                                                   prettier/prettier
   27:1   error    Replace `↹` with `··`                                                                                                                                                                                                                                                   prettier/prettier
   28:1   error    Replace `↹` with `··`                                                                                                                                                                                                                                                   prettier/prettier
   29:1   error    Replace `↹async·setStatus(@Req()·req:·any,·@Res()·res:·any)` with `··async·setStatus(@Req()·req:·any,·@Res()·res:·any)·`                                                                                                                                                prettier/prettier
   30:1   error    Replace `↹↹` with `····`                                                                                                                                                                                                                                                prettier/prettier
   31:1   error    Replace `↹↹` with `····`                                                                                                                                                                                                                                                prettier/prettier
   32:1   error    Replace `↹↹console.log("value·:·"` with `····console.log('value·:·'`                                                                                                                                                                                                    prettier/prettier
   33:1   error    Replace `↹↹` with `····`                                                                                                                                                                                                                                                prettier/prettier
   34:1   error    Replace `↹↹` with `····`                                                                                                                                                                                                                                                prettier/prettier
   35:1   error    Replace `↹` with `··`                                                                                                                                                                                                                                                   prettier/prettier
   37:1   error    Replace `↹@ApiOperation({summary:·'my·profile·조회'` with `··@ApiOperation({·summary:·'my·profile·조회'·`                                                                                                                                                                   prettier/prettier
   38:1   error    Replace `↹` with `··`                                                                                                                                                                                                                                                   prettier/prettier
   39:1   error    Replace `↹` with `··`                                                                                                                                                                                                                                                   prettier/prettier
   40:1   error    Replace `↹` with `··`                                                                                                                                                                                                                                                   prettier/prettier
   41:1   error    Replace `↹↹` with `····`                                                                                                                                                                                                                                                prettier/prettier
   42:1   error    Replace `↹↹` with `····`                                                                                                                                                                                                                                                prettier/prettier
   43:1   error    Replace `↹↹` with `····`                                                                                                                                                                                                                                                prettier/prettier
   44:1   error    Replace `↹` with `··`                                                                                                                                                                                                                                                   prettier/prettier
   46:1   error    Replace `↹` with `··`                                                                                                                                                                                                                                                   prettier/prettier
   47:1   error    Replace `↹` with `··`                                                                                                                                                                                                                                                   prettier/prettier
   48:1   error    Replace `↹` with `··`                                                                                                                                                                                                                                                   prettier/prettier
   49:1   error    Replace `↹` with `··`                                                                                                                                                                                                                                                   prettier/prettier
   50:1   error    Replace `↹async·uploadedFile(files:·File[],·@Req()·req:·any,·@Res()·res:·any)` with `··async·uploadedFile(files:·File[],·@Req()·req:·any,·@Res()·res:·any)·`                                                                                                            prettier/prettier
   51:1   error    Replace `↹↹` with `····`                                                                                                                                                                                                                                                prettier/prettier
   52:1   error    Replace `↹↹` with `····`                                                                                                                                                                                                                                                prettier/prettier
   53:1   error    Replace `↹↹const·path:·string·=·`./profiles/${name}.${ext}`` with `····const·path:·string·=·`./profiles/${name}.${ext}`;`                                                                                                                                               prettier/prettier
   53:9   error    Type string trivially inferred from a string literal, remove type annotation                                                                                                                                                                                            @typescript-eslint/no-inferrable-types
   54:1   error    Replace `↹↹` with `····`                                                                                                                                                                                                                                                prettier/prettier
   55:1   error    Replace `↹↹` with `····`                                                                                                                                                                                                                                                prettier/prettier
   56:1   error    Replace `↹};` with `··}`                                                                                                                                                                                                                                                prettier/prettier
   58:1   error    Replace `↹` with `··`                                                                                                                                                                                                                                                   prettier/prettier
   59:1   error    Replace `↹` with `··`                                                                                                                                                                                                                                                   prettier/prettier
   60:1   error    Replace `↹async·setNickname(@Req()·req:·any,·@Res()·res:·any)` with `··async·setNickname(@Req()·req:·any,·@Res()·res:·any)·`                                                                                                                                            prettier/prettier
   61:1   error    Replace `↹↹` with `····`                                                                                                                                                                                                                                                prettier/prettier
   62:1   error    Replace `↹↹` with `····`                                                                                                                                                                                                                                                prettier/prettier
   63:1   error    Replace `↹↹` with `····`                                                                                                                                                                                                                                                prettier/prettier
   64:1   error    Replace `↹↹↹` with `······`                                                                                                                                                                                                                                             prettier/prettier
   65:1   error    Replace `↹↹` with `····`                                                                                                                                                                                                                                                prettier/prettier
   66:1   error    Replace `↹↹↹` with `······`                                                                                                                                                                                                                                             prettier/prettier
   67:1   error    Replace `↹↹` with `····`                                                                                                                                                                                                                                                prettier/prettier
   68:1   error    Replace `↹↹↹` with `······`                                                                                                                                                                                                                                             prettier/prettier
   69:1   error    Replace `↹↹` with `····`                                                                                                                                                                                                                                                prettier/prettier
   70:1   error    Replace `↹↹↹` with `······`                                                                                                                                                                                                                                             prettier/prettier
   71:1   error    Replace `↹↹` with `····`                                                                                                                                                                                                                                                prettier/prettier
   72:1   error    Replace `↹↹↹` with `······`                                                                                                                                                                                                                                             prettier/prettier
   73:1   error    Replace `↹↹` with `····`                                                                                                                                                                                                                                                prettier/prettier
   74:1   error    Replace `↹↹` with `····`                                                                                                                                                                                                                                                prettier/prettier
   75:1   error    Replace `↹↹` with `····`                                                                                                                                                                                                                                                prettier/prettier
   76:1   error    Replace `↹` with `··`                                                                                                                                                                                                                                                   prettier/prettier
   78:1   error    Replace `↹` with `··`                                                                                                                                                                                                                                                   prettier/prettier
   79:1   error    Replace `↹` with `··`                                                                                                                                                                                                                                                   prettier/prettier
   80:1   error    Replace `↹async·setNeed2fa(@Req()·req:·any,·@Res()·res:·any)` with `··async·setNeed2fa(@Req()·req:·any,·@Res()·res:·any)·`                                                                                                                                              prettier/prettier
   81:1   error    Replace `↹↹` with `····`                                                                                                                                                                                                                                                prettier/prettier
   82:1   error    Replace `↹↹` with `····`                                                                                                                                                                                                                                                prettier/prettier
   83:1   error    Replace `↹↹` with `····`                                                                                                                                                                                                                                                prettier/prettier
   84:1   error    Replace `↹↹` with `····`                                                                                                                                                                                                                                                prettier/prettier
   85:1   error    Replace `↹↹` with `····`                                                                                                                                                                                                                                                prettier/prettier
   86:1   error    Replace `↹` with `··`                                                                                                                                                                                                                                                   prettier/prettier
   88:1   error    Replace `↹` with `··`                                                                                                                                                                                                                                                   prettier/prettier
   89:1   error    Replace `↹` with `··`                                                                                                                                                                                                                                                   prettier/prettier
   90:1   error    Replace `↹` with `··`                                                                                                                                                                                                                                                   prettier/prettier
   91:1   error    Replace `↹↹` with `····`                                                                                                                                                                                                                                                prettier/prettier
   92:1   error    Replace `↹↹` with `····`                                                                                                                                                                                                                                                prettier/prettier
   93:1   error    Replace `↹` with `··`                                                                                                                                                                                                                                                   prettier/prettier
   95:1   error    Replace `↹` with `··`                                                                                                                                                                                                                                                   prettier/prettier
   96:1   error    Replace `↹` with `··`                                                                                                                                                                                                                                                   prettier/prettier
   97:1   error    Replace `↹async·addFriend(@Req()·req:·any,·@Res()·res:·any)` with `··async·addFriend(@Req()·req:·any,·@Res()·res:·any)·`                                                                                                                                                prettier/prettier
   98:1   error    Replace `↹↹` with `····`                                                                                                                                                                                                                                                prettier/prettier
   99:1   error    Replace `↹↹` with `····`                                                                                                                                                                                                                                                prettier/prettier
  100:1   error    Replace `↹↹↹` with `······`                                                                                                                                                                                                                                             prettier/prettier
  101:1   error    Replace `↹↹` with `····`                                                                                                                                                                                                                                                prettier/prettier
  102:1   error    Replace `↹↹↹` with `······`                                                                                                                                                                                                                                             prettier/prettier
  103:1   error    Replace `↹↹` with `····`                                                                                                                                                                                                                                                prettier/prettier
  104:1   error    Replace `↹↹` with `····`                                                                                                                                                                                                                                                prettier/prettier
  105:1   error    Replace `↹↹` with `····`                                                                                                                                                                                                                                                prettier/prettier
  106:1   error    Replace `↹` with `··`                                                                                                                                                                                                                                                   prettier/prettier
  108:1   error    Replace `↹` with `··`                                                                                                                                                                                                                                                   prettier/prettier
  109:1   error    Replace `↹` with `··`                                                                                                                                                                                                                                                   prettier/prettier
  110:1   error    Replace `↹` with `··`                                                                                                                                                                                                                                                   prettier/prettier
  111:1   error    Replace `↹↹console.log("addBlock"·` with `····console.log('addBlock'`                                                                                                                                                                                                   prettier/prettier
  112:1   error    Replace `↹↹` with `····`                                                                                                                                                                                                                                                prettier/prettier
  113:1   error    Replace `↹↹` with `····`                                                                                                                                                                                                                                                prettier/prettier
  114:1   error    Replace `↹` with `··`                                                                                                                                                                                                                                                   prettier/prettier
  116:1   error    Replace `↹` with `··`                                                                                                                                                                                                                                                   prettier/prettier
  117:1   error    Replace `↹` with `··`                                                                                                                                                                                                                                                   prettier/prettier
  118:1   error    Replace `↹async·addBlock(@Req()·req:·any,·@Res()·res:·any)` with `··async·addBlock(@Req()·req:·any,·@Res()·res:·any)·`                                                                                                                                                  prettier/prettier
  119:1   error    Replace `↹↹` with `····`                                                                                                                                                                                                                                                prettier/prettier
  120:1   error    Replace `↹↹` with `····`                                                                                                                                                                                                                                                prettier/prettier
  121:1   error    Replace `↹↹↹` with `······`                                                                                                                                                                                                                                             prettier/prettier
  122:1   error    Replace `↹↹` with `····`                                                                                                                                                                                                                                                prettier/prettier
  123:1   error    Replace `↹↹↹` with `······`                                                                                                                                                                                                                                             prettier/prettier
  124:1   error    Replace `↹↹` with `····`                                                                                                                                                                                                                                                prettier/prettier
  125:1   error    Replace `↹↹` with `····`                                                                                                                                                                                                                                                prettier/prettier
  126:1   error    Replace `↹↹` with `····`                                                                                                                                                                                                                                                prettier/prettier
  127:1   error    Replace `↹` with `··`                                                                                                                                                                                                                                                   prettier/prettier
  129:1   error    Replace `↹` with `··`                                                                                                                                                                                                                                                   prettier/prettier
  130:1   error    Replace `↹` with `··`                                                                                                                                                                                                                                                   prettier/prettier
  131:1   error    Replace `↹` with `··`                                                                                                                                                                                                                                                   prettier/prettier
  131:26  warning  'req' is defined but never used                                                                                                                                                                                                                                         @typescript-eslint/no-unused-vars
  132:1   error    Replace `↹↹` with `····`                                                                                                                                                                                                                                                prettier/prettier
  133:1   error    Replace `↹↹const·matches·=·await·Promise.all(` with `····const·matches·=·await·Promise.all(⏎······`                                                                                                                                                                     prettier/prettier
  134:1   error    Replace `↹↹↹` with `········`                                                                                                                                                                                                                                           prettier/prettier
  135:1   error    Replace `↹↹}))` with `······}),⏎····);`                                                                                                                                                                                                                                 prettier/prettier
  136:1   error    Replace `↹↹` with `····`                                                                                                                                                                                                                                                prettier/prettier
  137:1   error    Replace `↹↹` with `····`                                                                                                                                                                                                                                                prettier/prettier
  138:1   error    Replace `↹` with `··`                                                                                                                                                                                                                                                   prettier/prettier
  140:1   error    Replace `↹` with `··`                                                                                                                                                                                                                                                   prettier/prettier
  141:1   error    Replace `↹` with `··`                                                                                                                                                                                                                                                   prettier/prettier
  142:1   error    Replace `↹` with `··`                                                                                                                                                                                                                                                   prettier/prettier
  143:1   error    Replace `↹↹` with `····`                                                                                                                                                                                                                                                prettier/prettier
  144:1   error    Replace `↹↹` with `····`                                                                                                                                                                                                                                                prettier/prettier
  145:1   error    Replace `↹↹` with `····`                                                                                                                                                                                                                                                prettier/prettier
  146:1   error    Replace `↹↹` with `····`                                                                                                                                                                                                                                                prettier/prettier
  147:1   error    Replace `↹↹` with `····`                                                                                                                                                                                                                                                prettier/prettier
  147:3   error    Unexpected var, use let or const instead                                                                                                                                                                                                                                no-var
  147:12  error    Require statement not part of import statement                                                                                                                                                                                                                          @typescript-eslint/no-var-requires
  148:1   error    Replace `↹↹` with `····`                                                                                                                                                                                                                                                prettier/prettier
  148:3   error    Unexpected var, use let or const instead                                                                                                                                                                                                                                no-var
  149:1   error    Replace `↹↹` with `····`                                                                                                                                                                                                                                                prettier/prettier
  150:1   error    Replace `↹↹↹` with `······`                                                                                                                                                                                                                                             prettier/prettier
  151:1   error    Replace `↹↹↹'Content-Disposition':·`attachment;·filename=${filename}`` with `······'Content-Disposition':·`attachment;·filename=${filename}`,`                                                                                                                          prettier/prettier
  152:1   error    Replace `↹↹})` with `····});`                                                                                                                                                                                                                                           prettier/prettier
  153:1   error    Replace `↹↹` with `····`                                                                                                                                                                                                                                                prettier/prettier
  154:1   error    Replace `↹` with `··`                                                                                                                                                                                                                                                   prettier/prettier
  156:1   error    Replace `↹` with `··`                                                                                                                                                                                                                                                   prettier/prettier
  157:1   error    Replace `↹` with `··`                                                                                                                                                                                                                                                   prettier/prettier
  158:1   error    Replace `↹↹` with `····`                                                                                                                                                                                                                                                prettier/prettier
  159:1   error    Replace `↹↹` with `····`                                                                                                                                                                                                                                                prettier/prettier
  160:1   error    Replace `↹↹if·(!user)⏎↹↹↹` with `····if·(!user)·`                                                                                                                                                                                                                       prettier/prettier
  162:1   error    Replace `↹↹` with `····`                                                                                                                                                                                                                                                prettier/prettier
  163:1   error    Replace `↹↹` with `····`                                                                                                                                                                                                                                                prettier/prettier
  164:1   error    Replace `↹↹` with `····`                                                                                                                                                                                                                                                prettier/prettier
  165:1   error    Replace `↹↹` with `····`                                                                                                                                                                                                                                                prettier/prettier
  165:3   error    Unexpected var, use let or const instead                                                                                                                                                                                                                                no-var
  165:12  error    Require statement not part of import statement                                                                                                                                                                                                                          @typescript-eslint/no-var-requires
  166:1   error    Replace `↹↹` with `····`                                                                                                                                                                                                                                                prettier/prettier
  166:3   error    Unexpected var, use let or const instead                                                                                                                                                                                                                                no-var
  167:1   error    Replace `↹↹` with `····`                                                                                                                                                                                                                                                prettier/prettier
  168:1   error    Replace `↹↹↹` with `······`                                                                                                                                                                                                                                             prettier/prettier
  169:1   error    Replace `↹↹↹'Content-Disposition':·`filename=${filename}`` with `······'Content-Disposition':·`filename=${filename}`,`                                                                                                                                                  prettier/prettier
  170:1   error    Replace `↹↹})` with `····});`                                                                                                                                                                                                                                           prettier/prettier
  171:1   error    Replace `↹↹` with `····`                                                                                                                                                                                                                                                prettier/prettier
  172:1   error    Replace `↹` with `··`                                                                                                                                                                                                                                                   prettier/prettier
  174:1   error    Replace `↹` with `··`                                                                                                                                                                                                                                                   prettier/prettier
  175:1   error    Replace `↹` with `··`                                                                                                                                                                                                                                                   prettier/prettier
  176:1   error    Replace `↹` with `··`                                                                                                                                                                                                                                                   prettier/prettier
  177:1   error    Replace `↹↹` with `····`                                                                                                                                                                                                                                                prettier/prettier
  178:1   error    Replace `↹↹` with `····`                                                                                                                                                                                                                                                prettier/prettier
  179:1   error    Replace `↹↹` with `····`                                                                                                                                                                                                                                                prettier/prettier
  180:1   error    Replace `↹↹↹` with `······`                                                                                                                                                                                                                                             prettier/prettier
  181:1   error    Replace `↹↹↹` with `······`                                                                                                                                                                                                                                             prettier/prettier
  182:1   error    Replace `↹↹↹` with `······`                                                                                                                                                                                                                                             prettier/prettier
  183:1   error    Replace `↹↹↹status:·user.status` with `······status:·user.status,`                                                                                                                                                                                                      prettier/prettier
  184:1   error    Replace `↹↹}` with `····};`                                                                                                                                                                                                                                             prettier/prettier
  185:1   error    Replace `↹↹` with `····`                                                                                                                                                                                                                                                prettier/prettier
  186:1   error    Replace `↹` with `··`                                                                                                                                                                                                                                                   prettier/prettier

/Users/sm/dev_park/ft_transcendence_project/backend/src/user/user.guard.ts
   1:9   error    Replace `·Injectable,·CanActivate,·ExecutionContext,·ForbiddenException,·UnauthorizedException·` with `⏎··Injectable,⏎··CanActivate,⏎··ExecutionContext,⏎··ForbiddenException,⏎··UnauthorizedException,⏎`  prettier/prettier
   1:73  warning  'UnauthorizedException' is defined but never used                                                                                                                                                          @typescript-eslint/no-unused-vars
   6:1   error    Replace `↹` with `··`                                                                                                                                                                                      prettier/prettier
   6:16  error    Unexpected empty constructor                                                                                                                                                                               @typescript-eslint/no-empty-function
   8:1   error    Replace `↹` with `··`                                                                                                                                                                                      prettier/prettier
   9:1   error    Replace `↹↹` with `····`                                                                                                                                                                                   prettier/prettier
  10:1   error    Replace `↹↹` with `····`                                                                                                                                                                                   prettier/prettier
  12:1   error    Replace `↹↹` with `····`                                                                                                                                                                                   prettier/prettier
  13:1   error    Replace `↹↹↹` with `······`                                                                                                                                                                                prettier/prettier
  14:1   error    Replace `↹↹` with `····`                                                                                                                                                                                   prettier/prettier
  15:1   error    Replace `↹↹` with `····`                                                                                                                                                                                   prettier/prettier
  16:1   error    Replace `↹↹↹` with `······`                                                                                                                                                                                prettier/prettier
  17:1   error    Replace `↹↹` with `····`                                                                                                                                                                                   prettier/prettier
  18:1   error    Replace `↹` with `····`                                                                                                                                                                                    prettier/prettier
  19:1   error    Replace `↹` with `··`                                                                                                                                                                                      prettier/prettier

/Users/sm/dev_park/ft_transcendence_project/backend/src/user/user.module.ts
  14:1  error  Replace `↹` with `··`     prettier/prettier
  15:1  error  Replace `↹↹` with `····`  prettier/prettier
  16:1  error  Replace `↹↹` with `····`  prettier/prettier
  17:1  error  Replace `↹` with `··`     prettier/prettier
  20:1  error  Replace `↹` with `··`     prettier/prettier

/Users/sm/dev_park/ft_transcendence_project/backend/src/user/user.service.ts
   12:1   error  Replace `↹` with `··`                                                                                                                                                                     prettier/prettier
   15:1   error  Replace `↹↹` with `····`                                                                                                                                                                  prettier/prettier
   16:1   error  Replace `↹` with `··`                                                                                                                                                                     prettier/prettier
   18:1   error  Replace `↹` with `··`                                                                                                                                                                     prettier/prettier
   19:1   error  Replace `↹↹` with `····`                                                                                                                                                                  prettier/prettier
   20:1   error  Replace `↹↹` with `····`                                                                                                                                                                  prettier/prettier
   21:1   error  Replace `↹` with `··`                                                                                                                                                                     prettier/prettier
   23:1   error  Replace `↹` with `··`                                                                                                                                                                     prettier/prettier
   24:1   error  Replace `↹↹` with `····`                                                                                                                                                                  prettier/prettier
   26:1   error  Replace `↹↹` with `····`                                                                                                                                                                  prettier/prettier
   27:1   error  Replace `↹↹↹` with `······`                                                                                                                                                               prettier/prettier
   28:1   error  Replace `↹↹↹` with `······`                                                                                                                                                               prettier/prettier
   29:1   error  Replace `↹↹↹` with `······`                                                                                                                                                               prettier/prettier
   30:1   error  Replace `↹↹↹↹where:·[⏎↹↹↹↹↹{·name:·guestId·},⏎↹↹↹↹↹{·email:·email·},⏎↹↹↹↹↹{·nickname:·guestId·},⏎↹↹↹↹` with `········where:·[{·name:·guestId·},·{·email:·email·},·{·nickname:·guestId·}`  prettier/prettier
   35:1   error  Replace `↹↹↹` with `······`                                                                                                                                                               prettier/prettier
   37:1   error  Replace `↹↹↹if·(duplicateUser)⏎↹↹↹↹` with `······if·(duplicateUser)·`                                                                                                                     prettier/prettier
   40:1   error  Replace `↹↹↹` with `······`                                                                                                                                                               prettier/prettier
   41:1   error  Replace `↹↹↹↹` with `········`                                                                                                                                                            prettier/prettier
   42:1   error  Replace `↹↹↹↹` with `········`                                                                                                                                                            prettier/prettier
   43:1   error  Replace `↹↹↹↹` with `········`                                                                                                                                                            prettier/prettier
   44:1   error  Replace `↹↹↹↹` with `········`                                                                                                                                                            prettier/prettier
   45:1   error  Replace `↹↹↹↹` with `········`                                                                                                                                                            prettier/prettier
   46:1   error  Replace `↹↹↹` with `······`                                                                                                                                                               prettier/prettier
   48:1   error  Replace `↹↹↹` with `······`                                                                                                                                                               prettier/prettier
   49:1   error  Replace `↹↹↹↹` with `········`                                                                                                                                                            prettier/prettier
   50:1   error  Replace `↹↹↹` with `······`                                                                                                                                                               prettier/prettier
   51:1   error  Replace `↹↹↹↹if·(this.isUniqueConstraintError(error))⏎↹↹↹↹↹` with `········if·(this.isUniqueConstraintError(error))·`                                                                     prettier/prettier
   53:1   error  Replace `↹↹↹↹` with `········`                                                                                                                                                            prettier/prettier
   54:1   error  Replace `↹↹↹` with `······`                                                                                                                                                               prettier/prettier
   55:1   error  Replace `↹↹` with `····`                                                                                                                                                                  prettier/prettier
   56:1   error  Replace `↹↹` with `····`                                                                                                                                                                  prettier/prettier
   57:1   error  Replace `↹` with `··`                                                                                                                                                                     prettier/prettier
   59:1   error  Replace `↹` with `··`                                                                                                                                                                     prettier/prettier
   60:1   error  Replace `↹↹` with `····`                                                                                                                                                                  prettier/prettier
   61:1   error  Replace `↹` with `··`                                                                                                                                                                     prettier/prettier
   63:1   error  Replace `↹` with `··`                                                                                                                                                                     prettier/prettier
   64:1   error  Replace `↹↹` with `····`                                                                                                                                                                  prettier/prettier
   65:1   error  Replace `↹` with `··`                                                                                                                                                                     prettier/prettier
   67:1   error  Replace `↹` with `··`                                                                                                                                                                     prettier/prettier
   68:1   error  Replace `↹↹` with `····`                                                                                                                                                                  prettier/prettier
   69:1   error  Replace `↹↹↹` with `······`                                                                                                                                                               prettier/prettier
   70:1   error  Replace `↹↹` with `····`                                                                                                                                                                  prettier/prettier
   71:1   error  Replace `↹↹` with `····`                                                                                                                                                                  prettier/prettier
   72:1   error  Replace `↹` with `··`                                                                                                                                                                     prettier/prettier
   74:1   error  Replace `↹` with `··`                                                                                                                                                                     prettier/prettier
   75:1   error  Replace `↹↹` with `····`                                                                                                                                                                  prettier/prettier
   76:1   error  Replace `↹↹↹` with `······`                                                                                                                                                               prettier/prettier
   77:1   error  Replace `↹↹` with `····`                                                                                                                                                                  prettier/prettier
   78:1   error  Replace `↹↹` with `····`                                                                                                                                                                  prettier/prettier
   79:1   error  Replace `↹` with `··`                                                                                                                                                                     prettier/prettier
   81:1   error  Replace `↹` with `··`                                                                                                                                                                     prettier/prettier
   82:1   error  Replace `↹↹` with `····`                                                                                                                                                                  prettier/prettier
   83:1   error  Replace `↹↹` with `····`                                                                                                                                                                  prettier/prettier
   84:1   error  Replace `↹` with `··`                                                                                                                                                                     prettier/prettier
   86:1   error  Replace `↹` with `··`                                                                                                                                                                     prettier/prettier
   87:1   error  Replace `↹↹` with `····`                                                                                                                                                                  prettier/prettier
   88:1   error  Replace `↹↹↹` with `······`                                                                                                                                                               prettier/prettier
   89:1   error  Replace `↹↹` with `····`                                                                                                                                                                  prettier/prettier
   90:1   error  Replace `↹` with `··`                                                                                                                                                                     prettier/prettier
   92:1   error  Replace `↹` with `··`                                                                                                                                                                     prettier/prettier
   93:1   error  Replace `↹↹` with `····`                                                                                                                                                                  prettier/prettier
   94:1   error  Replace `↹↹↹` with `······`                                                                                                                                                               prettier/prettier
   95:1   error  Replace `↹↹↹↹` with `········`                                                                                                                                                            prettier/prettier
   96:1   error  Replace `↹↹↹↹` with `········`                                                                                                                                                            prettier/prettier
   97:1   error  Replace `↹↹↹` with `······`                                                                                                                                                               prettier/prettier
   98:1   error  Replace `↹↹` with `····`                                                                                                                                                                  prettier/prettier
   99:1   error  Replace `↹↹if·(!user)⏎↹↹↹` with `····if·(!user)·`                                                                                                                                         prettier/prettier
  101:1   error  Replace `↹↹` with `····`                                                                                                                                                                  prettier/prettier
  102:1   error  Replace `↹` with `··`                                                                                                                                                                     prettier/prettier
  104:1   error  Replace `↹` with `··`                                                                                                                                                                     prettier/prettier
  105:1   error  Replace `↹↹const·users·=·(await·this.userRepository.find({⏎↹↹})).map(user` with `····const·users·=·(await·this.userRepository.find({})).map((user)`                                       prettier/prettier
  107:1   error  Replace `↹↹↹` with `······`                                                                                                                                                               prettier/prettier
  108:1   error  Replace `↹↹↹↹` with `········`                                                                                                                                                            prettier/prettier
  109:1   error  Replace `↹↹↹↹` with `········`                                                                                                                                                            prettier/prettier
  110:1   error  Replace `↹↹↹↹` with `········`                                                                                                                                                            prettier/prettier
  111:1   error  Replace `↹↹↹` with `······`                                                                                                                                                               prettier/prettier
  112:1   error  Replace `↹↹` with `····`                                                                                                                                                                  prettier/prettier
  113:1   error  Replace `↹↹if·(!users)⏎↹↹↹` with `····if·(!users)·`                                                                                                                                       prettier/prettier
  115:1   error  Replace `↹↹` with `····`                                                                                                                                                                  prettier/prettier
  116:1   error  Replace `↹` with `··`                                                                                                                                                                     prettier/prettier
  118:1   error  Replace `↹` with `··`                                                                                                                                                                     prettier/prettier
  119:1   error  Replace `↹↹` with `····`                                                                                                                                                                  prettier/prettier
  120:1   error  Replace `↹↹if·(!user)⏎↹↹↹` with `····if·(!user)·`                                                                                                                                         prettier/prettier
  122:1   error  Replace `↹↹const·friends·=·await·Promise.all(user.friends.map(async·friendId` with `····const·friends·=·await·Promise.all(⏎······user.friends.map(async·(friendId)`                       prettier/prettier
  123:1   error  Replace `↹↹↹` with `········`                                                                                                                                                             prettier/prettier
  124:1   error  Replace `↹↹↹↹` with `··········`                                                                                                                                                          prettier/prettier
  125:1   error  Replace `↹↹↹` with `········`                                                                                                                                                             prettier/prettier
  126:1   error  Replace `↹↹↹` with `········`                                                                                                                                                             prettier/prettier
  127:1   error  Replace `↹↹↹↹` with `··········`                                                                                                                                                          prettier/prettier
  128:1   error  Replace `↹↹↹↹` with `··········`                                                                                                                                                          prettier/prettier
  129:1   error  Replace `↹↹↹↹` with `··········`                                                                                                                                                          prettier/prettier
  130:1   error  Replace `↹↹↹↹` with `··········`                                                                                                                                                          prettier/prettier
  131:1   error  Replace `↹↹↹↹` with `··········`                                                                                                                                                          prettier/prettier
  132:1   error  Replace `↹↹↹}` with `········};`                                                                                                                                                          prettier/prettier
  133:1   error  Replace `↹↹},·[])` with `······},·[]),⏎····`                                                                                                                                              prettier/prettier
  134:1   error  Replace `↹↹if·(!friends)⏎↹↹↹` with `····if·(!friends)·`                                                                                                                                   prettier/prettier
  136:1   error  Replace `↹↹` with `····`                                                                                                                                                                  prettier/prettier
  137:1   error  Replace `↹` with `··`                                                                                                                                                                     prettier/prettier
  139:1   error  Replace `↹` with `··`                                                                                                                                                                     prettier/prettier
  140:1   error  Replace `↹↹` with `····`                                                                                                                                                                  prettier/prettier
  141:1   error  Replace `↹↹if·(!user)⏎↹↹↹` with `····if·(!user)·`                                                                                                                                         prettier/prettier
  143:1   error  Replace `↹↹return·(user.blocks?·user.blocks:·[])` with `····return·user.blocks·?·user.blocks·:·[]`                                                                                        prettier/prettier
  144:1   error  Replace `↹` with `··`                                                                                                                                                                     prettier/prettier
  146:1   error  Replace `↹` with `··`                                                                                                                                                                     prettier/prettier
  147:1   error  Replace `↹↹` with `····`                                                                                                                                                                  prettier/prettier
  148:1   error  Replace `↹↹` with `····`                                                                                                                                                                  prettier/prettier
  149:1   error  Replace `↹↹` with `····`                                                                                                                                                                  prettier/prettier
  150:1   error  Replace `↹` with `··`                                                                                                                                                                     prettier/prettier
  152:1   error  Replace `↹` with `··`                                                                                                                                                                     prettier/prettier
  153:1   error  Replace `↹↹` with `····`                                                                                                                                                                  prettier/prettier
  154:1   error  Replace `↹↹if(user.achievement.includes(achievement))⏎↹↹↹` with `····if·(user.achievement.includes(achievement))·`                                                                        prettier/prettier
  156:1   error  Replace `↹↹` with `····`                                                                                                                                                                  prettier/prettier
  157:1   error  Replace `↹↹` with `····`                                                                                                                                                                  prettier/prettier
  158:1   error  Replace `↹↹` with `····`                                                                                                                                                                  prettier/prettier
  159:1   error  Replace `↹` with `··`                                                                                                                                                                     prettier/prettier
  161:1   error  Replace `↹` with `··`                                                                                                                                                                     prettier/prettier
  162:1   error  Replace `↹↹` with `····`                                                                                                                                                                  prettier/prettier
  163:1   error  Replace `↹↹if·(user.ladder·!=·ladder)` with `····if·(user.ladder·!=·ladder)·`                                                                                                             prettier/prettier
  164:1   error  Replace `↹↹↹` with `······`                                                                                                                                                               prettier/prettier
  165:1   error  Replace `↹↹↹` with `······`                                                                                                                                                               prettier/prettier
  166:1   error  Replace `↹↹` with `····`                                                                                                                                                                  prettier/prettier
  167:1   error  Replace `↹↹` with `····`                                                                                                                                                                  prettier/prettier
  168:1   error  Replace `↹` with `··`                                                                                                                                                                     prettier/prettier
  170:1   error  Replace `↹` with `··`                                                                                                                                                                     prettier/prettier
  171:1   error  Replace `↹↹if·(` with `····if·(⏎······(`                                                                                                                                                  prettier/prettier
  172:1   error  Replace `↹↹↹` with `········`                                                                                                                                                             prettier/prettier
  173:1   error  Replace `↹↹})·!=·null` with `······}))·!=·null⏎····`                                                                                                                                      prettier/prettier
  174:1   error  Replace `↹↹↹` with `······`                                                                                                                                                               prettier/prettier
  175:1   error  Replace `↹↹` with `····`                                                                                                                                                                  prettier/prettier
  176:1   error  Replace `↹` with `··`                                                                                                                                                                     prettier/prettier
  178:1   error  Replace `↹` with `··`                                                                                                                                                                     prettier/prettier
  179:1   error  Replace `↹↹` with `····`                                                                                                                                                                  prettier/prettier
  179:3   error  Unexpected var, use let or const instead                                                                                                                                                  no-var
  180:1   error  Replace `↹↹if·(pattern.test(nickname))⏎↹↹↹` with `····if·(pattern.test(nickname))·`                                                                                                       prettier/prettier
  182:1   error  Replace `↹↹` with `····`                                                                                                                                                                  prettier/prettier
  183:1   error  Replace `↹` with `··`                                                                                                                                                                     prettier/prettier
  185:1   error  Replace `↹` with `··`                                                                                                                                                                     prettier/prettier
  186:1   error  Replace `↹↹` with `····`                                                                                                                                                                  prettier/prettier
  187:1   error  Replace `↹↹↹` with `······`                                                                                                                                                               prettier/prettier
  188:1   error  Replace `↹↹↹` with `······`                                                                                                                                                               prettier/prettier
  189:1   error  Replace `↹↹` with `····`                                                                                                                                                                  prettier/prettier
  190:1   error  Replace `↹↹` with `····`                                                                                                                                                                  prettier/prettier
  191:1   error  Replace `↹` with `··`                                                                                                                                                                     prettier/prettier
  193:1   error  Replace `↹` with `··`                                                                                                                                                                     prettier/prettier
  194:1   error  Replace `↹↹` with `····`                                                                                                                                                                  prettier/prettier
  195:1   error  Replace `↹↹↹` with `······`                                                                                                                                                               prettier/prettier
  196:1   error  Replace `↹↹↹` with `······`                                                                                                                                                               prettier/prettier
  197:1   error  Replace `↹↹` with `····`                                                                                                                                                                  prettier/prettier
  198:1   error  Replace `↹↹` with `····`                                                                                                                                                                  prettier/prettier
  199:1   error  Replace `↹` with `··`                                                                                                                                                                     prettier/prettier
  201:1   error  Replace `↹` with `··`                                                                                                                                                                     prettier/prettier
  202:1   error  Replace `↹↹` with `····`                                                                                                                                                                  prettier/prettier
  203:1   error  Replace `↹↹const·matchList·=·await·Promise.all(matches.map(async·match` with `····const·matchList·=·await·Promise.all(⏎······matches.map(async·(match)`                                   prettier/prettier
  204:1   error  Replace `↹↹↹` with `········`                                                                                                                                                             prettier/prettier
  204:10  error  Type string trivially inferred from a string literal, remove type annotation                                                                                                              @typescript-eslint/no-inferrable-types
  205:1   error  Replace `↹↹↹` with `········`                                                                                                                                                             prettier/prettier
  206:1   error  Replace `↹↹},·[])` with `······},·[]),⏎····`                                                                                                                                              prettier/prettier
  208:1   error  Replace `↹↹` with `····`                                                                                                                                                                  prettier/prettier
  209:1   error  Replace `↹↹` with `····`                                                                                                                                                                  prettier/prettier
  211:1   error  Replace `↹↹` with `····`                                                                                                                                                                  prettier/prettier
  212:1   error  Replace `↹↹↹` with `······`                                                                                                                                                               prettier/prettier
  213:1   error  Replace `↹↹↹` with `······`                                                                                                                                                               prettier/prettier
  214:1   error  Replace `↹↹↹` with `······`                                                                                                                                                               prettier/prettier
  215:1   error  Replace `↹↹↹` with `······`                                                                                                                                                               prettier/prettier
  216:1   error  Replace `↹↹↹` with `······`                                                                                                                                                               prettier/prettier
  217:1   error  Replace `↹↹↹` with `······`                                                                                                                                                               prettier/prettier
  218:1   error  Replace `↹↹↹` with `······`                                                                                                                                                               prettier/prettier
  219:1   error  Replace `↹↹}` with `····};`                                                                                                                                                               prettier/prettier
  220:1   error  Replace `↹↹` with `····`                                                                                                                                                                  prettier/prettier
  221:1   error  Replace `↹` with `··`                                                                                                                                                                     prettier/prettier

✖ 1916 problems (1884 errors, 32 warnings)
  1880 errors and 0 warnings potentially fixable with the `--fix` option.

